-- --------------------------------------------------------
-- Host:                         127.0.0.1
-- Server version:               8.0.30 - MySQL Community Server - GPL
-- Server OS:                    Win64
-- HeidiSQL Version:             12.1.0.6537
-- --------------------------------------------------------

/*!40101 SET @OLD_CHARACTER_SET_CLIENT=@@CHARACTER_SET_CLIENT */;
/*!40101 SET NAMES utf8 */;
/*!50503 SET NAMES utf8mb4 */;
/*!40103 SET @OLD_TIME_ZONE=@@TIME_ZONE */;
/*!40103 SET TIME_ZONE='+00:00' */;
/*!40014 SET @OLD_FOREIGN_KEY_CHECKS=@@FOREIGN_KEY_CHECKS, FOREIGN_KEY_CHECKS=0 */;
/*!40101 SET @OLD_SQL_MODE=@@SQL_MODE, SQL_MODE='NO_AUTO_VALUE_ON_ZERO' */;
/*!40111 SET @OLD_SQL_NOTES=@@SQL_NOTES, SQL_NOTES=0 */;

-- Dumping structure for table rent_room_bd.agreement_details
CREATE TABLE IF NOT EXISTS `agreement_details` (
  `id` bigint unsigned NOT NULL AUTO_INCREMENT,
  `user_id` bigint unsigned NOT NULL,
  `agreement_type` varchar(255) COLLATE utf8mb4_unicode_ci DEFAULT NULL,
  `duration` varchar(255) COLLATE utf8mb4_unicode_ci DEFAULT NULL,
  `amount` decimal(10,2) DEFAULT NULL,
  `deposit` decimal(10,2) DEFAULT NULL,
  `created_at` timestamp NULL DEFAULT NULL,
  `updated_at` timestamp NULL DEFAULT NULL,
  PRIMARY KEY (`id`),
  KEY `agreement_details_user_id_foreign` (`user_id`),
  CONSTRAINT `agreement_details_user_id_foreign` FOREIGN KEY (`user_id`) REFERENCES `users` (`id`) ON DELETE CASCADE
) ENGINE=InnoDB DEFAULT CHARSET=utf8mb4 COLLATE=utf8mb4_unicode_ci;

-- Dumping data for table rent_room_bd.agreement_details: ~0 rows (approximately)

-- Dumping structure for table rent_room_bd.amenities
CREATE TABLE IF NOT EXISTS `amenities` (
  `id` bigint unsigned NOT NULL AUTO_INCREMENT,
  `amenity_type_id` bigint unsigned NOT NULL,
  `name` varchar(255) COLLATE utf8mb4_unicode_ci NOT NULL,
  `user_id` bigint unsigned NOT NULL,
  `created_at` timestamp NULL DEFAULT NULL,
  `updated_at` timestamp NULL DEFAULT NULL,
  PRIMARY KEY (`id`),
  KEY `amenities_amenity_type_id_foreign` (`amenity_type_id`),
  KEY `amenities_user_id_foreign` (`user_id`),
  CONSTRAINT `amenities_amenity_type_id_foreign` FOREIGN KEY (`amenity_type_id`) REFERENCES `amenity_types` (`id`) ON DELETE CASCADE,
  CONSTRAINT `amenities_user_id_foreign` FOREIGN KEY (`user_id`) REFERENCES `users` (`id`) ON DELETE CASCADE
) ENGINE=InnoDB AUTO_INCREMENT=2 DEFAULT CHARSET=utf8mb4 COLLATE=utf8mb4_unicode_ci;

-- Dumping data for table rent_room_bd.amenities: ~0 rows (approximately)
INSERT INTO `amenities` (`id`, `amenity_type_id`, `name`, `user_id`, `created_at`, `updated_at`) VALUES
	(1, 1, 'Free Swimming Pool', 2, '2025-05-10 19:53:04', '2025-05-10 19:53:04');

-- Dumping structure for table rent_room_bd.amenity_types
CREATE TABLE IF NOT EXISTS `amenity_types` (
  `id` bigint unsigned NOT NULL AUTO_INCREMENT,
  `type` varchar(255) COLLATE utf8mb4_unicode_ci NOT NULL,
  `user_id` bigint unsigned NOT NULL,
  `created_at` timestamp NULL DEFAULT NULL,
  `updated_at` timestamp NULL DEFAULT NULL,
  PRIMARY KEY (`id`),
  KEY `amenity_types_user_id_foreign` (`user_id`),
  CONSTRAINT `amenity_types_user_id_foreign` FOREIGN KEY (`user_id`) REFERENCES `users` (`id`) ON DELETE CASCADE
) ENGINE=InnoDB AUTO_INCREMENT=2 DEFAULT CHARSET=utf8mb4 COLLATE=utf8mb4_unicode_ci;

-- Dumping data for table rent_room_bd.amenity_types: ~0 rows (approximately)
INSERT INTO `amenity_types` (`id`, `type`, `user_id`, `created_at`, `updated_at`) VALUES
	(1, 'Amenity One', 2, '2025-05-10 19:52:31', '2025-05-10 19:52:31');

-- Dumping structure for table rent_room_bd.areas
CREATE TABLE IF NOT EXISTS `areas` (
  `id` bigint unsigned NOT NULL DEFAULT '0',
  `name` varchar(100) NOT NULL,
  `bn_name` varchar(100) DEFAULT NULL,
  `division_id` int unsigned NOT NULL,
  `district_id` int unsigned NOT NULL,
  `photo` varchar(255) DEFAULT NULL,
  `status` enum('Active','Inactive') DEFAULT 'Active',
  `created_by` int unsigned DEFAULT NULL,
  `updated_by` int unsigned DEFAULT NULL,
  `deleted_by` int unsigned DEFAULT NULL,
  `created_at` datetime DEFAULT NULL,
  `updated_at` datetime DEFAULT NULL,
  `deleted_at` datetime DEFAULT NULL,
  PRIMARY KEY (`id`)
) ENGINE=InnoDB DEFAULT CHARSET=utf8mb4 COLLATE=utf8mb4_0900_ai_ci;

-- Dumping data for table rent_room_bd.areas: ~626 rows (approximately)
INSERT INTO `areas` (`id`, `name`, `bn_name`, `division_id`, `district_id`, `photo`, `status`, `created_by`, `updated_by`, `deleted_by`, `created_at`, `updated_at`, `deleted_at`) VALUES
	(1, 'Amtali', 'আমতলী', 1, 34, '1', 'Active', NULL, NULL, NULL, NULL, NULL, NULL),
	(2, 'Bamna', 'বামনা', 1, 34, '1', 'Active', NULL, NULL, NULL, NULL, NULL, NULL),
	(3, 'Barguna Sadar', 'বরগুনা সদর', 1, 34, '1', 'Active', NULL, NULL, NULL, NULL, NULL, NULL),
	(4, 'Betagi', 'বেতাগি', 1, 34, '1', 'Active', NULL, NULL, NULL, NULL, NULL, NULL),
	(5, 'Patharghata', 'পাথরঘাটা', 1, 34, '1', 'Active', NULL, NULL, NULL, NULL, NULL, NULL),
	(6, 'Taltali', 'তালতলী', 1, 34, '1', 'Active', NULL, NULL, NULL, NULL, NULL, NULL),
	(7, 'Muladi', 'মুলাদি', 1, 35, '1', 'Active', NULL, NULL, NULL, NULL, NULL, NULL),
	(8, 'Babuganj', 'বাবুগঞ্জ', 1, 35, '1', 'Active', NULL, NULL, NULL, NULL, NULL, NULL),
	(9, 'Agailjhara', 'আগাইলঝরা', 1, 35, '1', 'Active', NULL, NULL, NULL, NULL, NULL, NULL),
	(10, 'Barisal Sadar', 'বরিশাল সদর', 1, 35, '1', 'Active', NULL, NULL, NULL, NULL, NULL, NULL),
	(11, 'Bakerganj', 'বাকেরগঞ্জ', 1, 35, '1', 'Active', NULL, NULL, NULL, NULL, NULL, NULL),
	(12, 'Banaripara', 'বানাড়িপারা', 1, 35, '1', 'Active', NULL, NULL, NULL, NULL, NULL, NULL),
	(13, 'Gaurnadi', 'গৌরনদী', 1, 35, '1', 'Active', NULL, NULL, NULL, NULL, NULL, NULL),
	(14, 'Hizla', 'হিজলা', 1, 35, '1', 'Active', NULL, NULL, NULL, NULL, NULL, NULL),
	(15, 'Mehendiganj', 'মেহেদিগঞ্জ', 1, 35, '1', 'Active', NULL, NULL, NULL, NULL, NULL, NULL),
	(16, 'Wazirpur', 'উজিরপুর', 1, 35, '1', 'Active', NULL, NULL, NULL, NULL, NULL, NULL),
	(17, 'Bhola Sadar', 'ভোলা সদর', 1, 36, '1', 'Active', NULL, NULL, NULL, NULL, NULL, NULL),
	(18, 'Burhanuddin', 'বুরহানউদ্দিন', 1, 36, '1', 'Active', NULL, NULL, NULL, NULL, NULL, NULL),
	(19, 'Char Fasson', 'চর ফ্যাশন', 1, 36, '1', 'Active', NULL, NULL, NULL, NULL, NULL, NULL),
	(20, 'Daulatkhan', 'দৌলতখান', 1, 36, '1', 'Active', NULL, NULL, NULL, NULL, NULL, NULL),
	(21, 'Lalmohan', 'লালমোহন', 1, 36, '1', 'Active', NULL, NULL, NULL, NULL, NULL, NULL),
	(22, 'Manpura', 'মনপুরা', 1, 36, '1', 'Active', NULL, NULL, NULL, NULL, NULL, NULL),
	(23, 'Tazumuddin', 'তাজুমুদ্দিন', 1, 36, '1', 'Active', NULL, NULL, NULL, NULL, NULL, NULL),
	(24, 'Jhalokati Sadar', 'ঝালকাঠি সদর', 1, 37, '1', 'Active', NULL, NULL, NULL, NULL, NULL, NULL),
	(25, 'Kathalia', 'কাঁঠালিয়া', 1, 37, '1', 'Active', NULL, NULL, NULL, NULL, NULL, NULL),
	(26, 'Nalchity', 'নলচিতি', 1, 37, '1', 'Active', NULL, NULL, NULL, NULL, NULL, NULL),
	(27, 'Rajapur', 'রাজাপুর', 1, 37, '1', 'Active', NULL, NULL, NULL, NULL, NULL, NULL),
	(28, 'Bauphal', 'বাউফল', 1, 38, '1', 'Active', NULL, NULL, NULL, NULL, NULL, NULL),
	(29, 'Dashmina', 'দশমিনা', 1, 38, '1', 'Active', NULL, NULL, NULL, NULL, NULL, NULL),
	(30, 'Galachipa', 'গলাচিপা', 1, 38, '1', 'Active', NULL, NULL, NULL, NULL, NULL, NULL),
	(31, 'Kalapara', 'কলাপারা', 1, 38, '1', 'Active', NULL, NULL, NULL, NULL, NULL, NULL),
	(32, 'Mirzaganj', 'মির্জাগঞ্জ', 1, 38, '1', 'Active', NULL, NULL, NULL, NULL, NULL, NULL),
	(33, 'Patuakhali Sadar', 'পটুয়াখালী সদর', 1, 38, '1', 'Active', NULL, NULL, NULL, NULL, NULL, NULL),
	(34, 'Dumki', 'দুমকি', 1, 38, '1', 'Active', NULL, NULL, NULL, NULL, NULL, NULL),
	(35, 'Rangabali', 'রাঙ্গাবালি', 1, 38, '1', 'Active', NULL, NULL, NULL, NULL, NULL, NULL),
	(36, 'Bhandaria', 'ভাণ্ডারিয়া', 1, 39, '1', 'Active', NULL, NULL, NULL, NULL, NULL, NULL),
	(37, 'Kaukhali', 'কাউখালি', 1, 39, '1', 'Active', NULL, NULL, NULL, NULL, NULL, NULL),
	(38, 'Mathbaria', 'মঠবাড়িয়া', 1, 39, '1', 'Active', NULL, NULL, NULL, NULL, NULL, NULL),
	(39, 'Nazirpur', 'নাজিরপুর', 1, 39, '1', 'Active', NULL, NULL, NULL, NULL, NULL, NULL),
	(40, 'Nesarabad', 'নেসারাবাদ', 1, 39, '1', 'Active', NULL, NULL, NULL, NULL, NULL, NULL),
	(41, 'Pirojpur Sadar', 'পিরোজপুর সদর', 1, 39, '1', 'Active', NULL, NULL, NULL, NULL, NULL, NULL),
	(42, 'Indurkani', 'ইন্দুরকানি', 1, 39, '1', 'Active', NULL, NULL, NULL, NULL, NULL, NULL),
	(43, 'Bandarban Sadar', 'বান্দরবন সদর', 2, 40, '1', 'Active', NULL, NULL, NULL, NULL, NULL, NULL),
	(44, 'Thanchi', 'থানচি', 2, 40, '1', 'Active', NULL, NULL, NULL, NULL, NULL, NULL),
	(45, 'Lama', 'লামা', 2, 40, '1', 'Active', NULL, NULL, NULL, NULL, NULL, NULL),
	(46, 'Naikhongchhari', 'নাইখংছড়ি', 2, 40, '1', 'Active', NULL, NULL, NULL, NULL, NULL, NULL),
	(47, 'Ali kadam', 'আলী কদম', 2, 40, '1', 'Active', NULL, NULL, NULL, NULL, NULL, NULL),
	(48, 'Rowangchari', 'রোয়াংছড়ি', 2, 40, '1', 'Active', NULL, NULL, NULL, NULL, NULL, NULL),
	(49, 'Ruma', 'রুমা', 2, 40, '1', 'Active', NULL, NULL, NULL, NULL, NULL, NULL),
	(50, 'Brahmanbaria Sadar', 'ব্রাহ্মণবাড়িয়া সদর', 2, 41, '1', 'Active', NULL, NULL, NULL, NULL, NULL, NULL),
	(51, 'Ashuganj', 'আশুগঞ্জ', 2, 41, '1', 'Active', NULL, NULL, NULL, NULL, NULL, NULL),
	(52, 'Nasirnagar', 'নাসির নগর', 2, 41, '1', 'Active', NULL, NULL, NULL, NULL, NULL, NULL),
	(53, 'Nabinagar', 'নবীনগর', 2, 41, '1', 'Active', NULL, NULL, NULL, NULL, NULL, NULL),
	(54, 'Sarail', 'সরাইল', 2, 41, '1', 'Active', NULL, NULL, NULL, NULL, NULL, NULL),
	(55, 'Shahbazpur Town', 'শাহবাজপুর টাউন', 2, 41, '1', 'Active', NULL, NULL, NULL, NULL, NULL, NULL),
	(56, 'Kasba', 'কসবা', 2, 41, '1', 'Active', NULL, NULL, NULL, NULL, NULL, NULL),
	(57, 'Akhaura', 'আখাউরা', 2, 41, '1', 'Active', NULL, NULL, NULL, NULL, NULL, NULL),
	(58, 'Bancharampur', 'বাঞ্ছারামপুর', 2, 41, '1', 'Active', NULL, NULL, NULL, NULL, NULL, NULL),
	(59, 'Bijoynagar', 'বিজয় নগর', 2, 41, '1', 'Active', NULL, NULL, NULL, NULL, NULL, NULL),
	(60, 'Chandpur Sadar', 'চাঁদপুর সদর', 2, 42, '1', 'Active', NULL, NULL, NULL, NULL, NULL, NULL),
	(61, 'Faridganj', 'ফরিদগঞ্জ', 2, 42, '1', 'Active', NULL, NULL, NULL, NULL, NULL, NULL),
	(62, 'Haimchar', 'হাইমচর', 2, 42, '1', 'Active', NULL, NULL, NULL, NULL, NULL, NULL),
	(63, 'Haziganj', 'হাজীগঞ্জ', 2, 42, '1', 'Active', NULL, NULL, NULL, NULL, NULL, NULL),
	(64, 'Kachua', 'কচুয়া', 2, 42, '1', 'Active', NULL, NULL, NULL, NULL, NULL, NULL),
	(65, 'Matlab Uttar', 'মতলব উত্তর', 2, 42, '1', 'Active', NULL, NULL, NULL, NULL, NULL, NULL),
	(66, 'Matlab Dakkhin', 'মতলব দক্ষিণ', 2, 42, '1', 'Active', NULL, NULL, NULL, NULL, NULL, NULL),
	(67, 'Shahrasti', 'শাহরাস্তি', 2, 42, '1', 'Active', NULL, NULL, NULL, NULL, NULL, NULL),
	(68, 'Anwara', 'আনোয়ারা', 2, 43, '1', 'Active', NULL, NULL, NULL, NULL, NULL, NULL),
	(69, 'Banshkhali', 'বাশখালি', 2, 43, '1', 'Active', NULL, NULL, NULL, NULL, NULL, NULL),
	(70, 'Boalkhali', 'বোয়ালখালি', 2, 43, '1', 'Active', NULL, NULL, NULL, NULL, NULL, NULL),
	(71, 'Chandanaish', 'চন্দনাইশ', 2, 43, '1', 'Active', NULL, NULL, NULL, NULL, NULL, NULL),
	(72, 'Fatikchhari', 'ফটিকছড়ি', 2, 43, '1', 'Active', NULL, NULL, NULL, NULL, NULL, NULL),
	(73, 'Hathazari', 'হাটহাজারী', 2, 43, '1', 'Active', NULL, NULL, NULL, NULL, NULL, NULL),
	(74, 'Lohagara', 'লোহাগরা', 2, 43, '1', 'Active', NULL, NULL, NULL, NULL, NULL, NULL),
	(75, 'Mirsharai', 'মিরসরাই', 2, 43, '1', 'Active', NULL, NULL, NULL, NULL, NULL, NULL),
	(76, 'Patiya', 'পটিয়া', 2, 43, '1', 'Active', NULL, NULL, NULL, NULL, NULL, NULL),
	(77, 'Rangunia', 'রাঙ্গুনিয়া', 2, 43, '1', 'Active', NULL, NULL, NULL, NULL, NULL, NULL),
	(78, 'Raozan', 'রাউজান', 2, 43, '1', 'Active', NULL, NULL, NULL, NULL, NULL, NULL),
	(79, 'Sandwip', 'সন্দ্বীপ', 2, 43, '1', 'Active', NULL, NULL, NULL, NULL, NULL, NULL),
	(80, 'Satkania', 'সাতকানিয়া', 2, 43, '1', 'Active', NULL, NULL, NULL, NULL, NULL, NULL),
	(81, 'Sitakunda', 'সীতাকুণ্ড', 2, 43, '1', 'Active', NULL, NULL, NULL, NULL, NULL, NULL),
	(82, 'Barura', 'বড়ুরা', 2, 44, '1', 'Active', NULL, NULL, NULL, NULL, NULL, NULL),
	(83, 'Brahmanpara', 'ব্রাহ্মণপাড়া', 2, 44, '1', 'Active', NULL, NULL, NULL, NULL, NULL, NULL),
	(84, 'Burichong', 'বুড়িচং', 2, 44, '1', 'Active', NULL, NULL, NULL, NULL, NULL, NULL),
	(85, 'Chandina', 'চান্দিনা', 2, 44, '1', 'Active', NULL, NULL, NULL, NULL, NULL, NULL),
	(86, 'Chauddagram', 'চৌদ্দগ্রাম', 2, 44, '1', 'Active', NULL, NULL, NULL, NULL, NULL, NULL),
	(87, 'Daudkandi', 'দাউদকান্দি', 2, 44, '1', 'Active', NULL, NULL, NULL, NULL, NULL, NULL),
	(88, 'Debidwar', 'দেবীদ্বার', 2, 44, '1', 'Active', NULL, NULL, NULL, NULL, NULL, NULL),
	(89, 'Homna', 'হোমনা', 2, 44, '1', 'Active', NULL, NULL, NULL, NULL, NULL, NULL),
	(90, 'Comilla Sadar', 'কুমিল্লা সদর', 2, 44, '1', 'Active', NULL, NULL, NULL, NULL, NULL, NULL),
	(91, 'Laksam', 'লাকসাম', 2, 44, '1', 'Active', NULL, NULL, NULL, NULL, NULL, NULL),
	(92, 'Monohorgonj', 'মনোহরগঞ্জ', 2, 44, '1', 'Active', NULL, NULL, NULL, NULL, NULL, NULL),
	(93, 'Meghna', 'মেঘনা', 2, 44, '1', 'Active', NULL, NULL, NULL, NULL, NULL, NULL),
	(94, 'Muradnagar', 'মুরাদনগর', 2, 44, '1', 'Active', NULL, NULL, NULL, NULL, NULL, NULL),
	(95, 'Nangalkot', 'নাঙ্গালকোট', 2, 44, '1', 'Active', NULL, NULL, NULL, NULL, NULL, NULL),
	(96, 'Comilla Sadar South', 'কুমিল্লা সদর দক্ষিণ', 2, 44, '1', 'Active', NULL, NULL, NULL, NULL, NULL, NULL),
	(97, 'Titas', 'তিতাস', 2, 44, '1', 'Active', NULL, NULL, NULL, NULL, NULL, NULL),
	(98, 'Chakaria', 'চকরিয়া', 2, 45, '1', 'Active', NULL, NULL, NULL, NULL, NULL, NULL),
	(99, 'Chakaria', 'চকরিয়া', 2, 45, '1', 'Active', NULL, NULL, NULL, NULL, NULL, NULL),
	(100, 'Cox\'s Bazar Sadar', 'কক্স বাজার সদর', 2, 45, '1', 'Active', NULL, NULL, NULL, NULL, NULL, NULL),
	(101, 'Kutubdia', 'কুতুবদিয়া', 2, 45, '1', 'Active', NULL, NULL, NULL, NULL, NULL, NULL),
	(102, 'Maheshkhali', 'মহেশখালী', 2, 45, '1', 'Active', NULL, NULL, NULL, NULL, NULL, NULL),
	(103, 'Ramu', 'রামু', 2, 45, '1', 'Active', NULL, NULL, NULL, NULL, NULL, NULL),
	(104, 'Teknaf', 'টেকনাফ', 2, 45, '1', 'Active', NULL, NULL, NULL, NULL, NULL, NULL),
	(105, 'Ukhia', 'উখিয়া', 2, 45, '1', 'Active', NULL, NULL, NULL, NULL, NULL, NULL),
	(106, 'Pekua', 'পেকুয়া', 2, 45, '1', 'Active', NULL, NULL, NULL, NULL, NULL, NULL),
	(107, 'Feni Sadar', 'ফেনী সদর', 2, 46, '1', 'Active', NULL, NULL, NULL, NULL, NULL, NULL),
	(108, 'Chagalnaiya', 'ছাগল নাইয়া', 2, 46, '1', 'Active', NULL, NULL, NULL, NULL, NULL, NULL),
	(109, 'Daganbhyan', 'দাগানভিয়া', 2, 46, '1', 'Active', NULL, NULL, NULL, NULL, NULL, NULL),
	(110, 'Parshuram', 'পরশুরাম', 2, 46, '1', 'Active', NULL, NULL, NULL, NULL, NULL, NULL),
	(111, 'Fhulgazi', 'ফুলগাজি', 2, 46, '1', 'Active', NULL, NULL, NULL, NULL, NULL, NULL),
	(112, 'Sonagazi', 'সোনাগাজি', 2, 46, '1', 'Active', NULL, NULL, NULL, NULL, NULL, NULL),
	(113, 'Dighinala', 'দিঘিনালা', 2, 47, '1', 'Active', NULL, NULL, NULL, NULL, NULL, NULL),
	(114, 'Khagrachhari', 'খাগড়াছড়ি', 2, 47, '1', 'Active', NULL, NULL, NULL, NULL, NULL, NULL),
	(115, 'Lakshmichhari', 'লক্ষ্মীছড়ি', 2, 47, '1', 'Active', NULL, NULL, NULL, NULL, NULL, NULL),
	(116, 'Mahalchhari', 'মহলছড়ি', 2, 47, '1', 'Active', NULL, NULL, NULL, NULL, NULL, NULL),
	(117, 'Manikchhari', 'মানিকছড়ি', 2, 47, '1', 'Active', NULL, NULL, NULL, NULL, NULL, NULL),
	(118, 'Matiranga', 'মাটিরাঙ্গা', 2, 47, '1', 'Active', NULL, NULL, NULL, NULL, NULL, NULL),
	(119, 'Panchhari', 'পানছড়ি', 2, 47, '1', 'Active', NULL, NULL, NULL, NULL, NULL, NULL),
	(120, 'Ramgarh', 'রামগড়', 2, 47, '1', 'Active', NULL, NULL, NULL, NULL, NULL, NULL),
	(121, 'Lakshmipur Sadar', 'লক্ষ্মীপুর সদর', 2, 48, '1', 'Active', NULL, NULL, NULL, NULL, NULL, NULL),
	(122, 'Raipur', 'রায়পুর', 2, 48, '1', 'Active', NULL, NULL, NULL, NULL, NULL, NULL),
	(123, 'Ramganj', 'রামগঞ্জ', 2, 48, '1', 'Active', NULL, NULL, NULL, NULL, NULL, NULL),
	(124, 'Ramgati', 'রামগতি', 2, 48, '1', 'Active', NULL, NULL, NULL, NULL, NULL, NULL),
	(125, 'Komol Nagar', 'কমল নগর', 2, 48, '1', 'Active', NULL, NULL, NULL, NULL, NULL, NULL),
	(126, 'Noakhali Sadar', 'নোয়াখালী সদর', 2, 49, '1', 'Active', NULL, NULL, NULL, NULL, NULL, NULL),
	(127, 'Begumganj', 'বেগমগঞ্জ', 2, 49, '1', 'Active', NULL, NULL, NULL, NULL, NULL, NULL),
	(128, 'Chatkhil', 'চাটখিল', 2, 49, '1', 'Active', NULL, NULL, NULL, NULL, NULL, NULL),
	(129, 'Companyganj', 'কোম্পানীগঞ্জ', 2, 49, '1', 'Active', NULL, NULL, NULL, NULL, NULL, NULL),
	(130, 'Shenbag', 'শেনবাগ', 2, 49, '1', 'Active', NULL, NULL, NULL, NULL, NULL, NULL),
	(131, 'Hatia', 'হাতিয়া', 2, 49, '1', 'Active', NULL, NULL, NULL, NULL, NULL, NULL),
	(132, 'Kobirhat', 'কবিরহাট', 2, 49, '1', 'Active', NULL, NULL, NULL, NULL, NULL, NULL),
	(133, 'Sonaimuri', 'সোনাইমুরি', 2, 49, '1', 'Active', NULL, NULL, NULL, NULL, NULL, NULL),
	(134, 'Suborno Char', 'সুবর্ণ চর', 2, 49, '1', 'Active', NULL, NULL, NULL, NULL, NULL, NULL),
	(135, 'Rangamati Sadar', 'রাঙ্গামাটি সদর', 2, 50, '1', 'Active', NULL, NULL, NULL, NULL, NULL, NULL),
	(136, 'Belaichhari', 'বেলাইছড়ি', 2, 50, '1', 'Active', NULL, NULL, NULL, NULL, NULL, NULL),
	(137, 'Bagaichhari', 'বাঘাইছড়ি', 2, 50, '1', 'Active', NULL, NULL, NULL, NULL, NULL, NULL),
	(138, 'Barkal', 'বরকল', 2, 50, '1', 'Active', NULL, NULL, NULL, NULL, NULL, NULL),
	(139, 'Juraichhari', 'জুরাইছড়ি', 2, 50, '1', 'Active', NULL, NULL, NULL, NULL, NULL, NULL),
	(140, 'Rajasthali', 'রাজাস্থলি', 2, 50, '1', 'Active', NULL, NULL, NULL, NULL, NULL, NULL),
	(141, 'Kaptai', 'কাপ্তাই', 2, 50, '1', 'Active', NULL, NULL, NULL, NULL, NULL, NULL),
	(142, 'Langadu', 'লাঙ্গাডু', 2, 50, '1', 'Active', NULL, NULL, NULL, NULL, NULL, NULL),
	(143, 'Nannerchar', 'নান্নেরচর', 2, 50, '1', 'Active', NULL, NULL, NULL, NULL, NULL, NULL),
	(144, 'Kaukhali', 'কাউখালি', 2, 50, '1', 'Active', NULL, NULL, NULL, NULL, NULL, NULL),
	(150, 'Faridpur Sadar', 'ফরিদপুর সদর', 3, 2, '1', 'Active', NULL, NULL, NULL, NULL, NULL, NULL),
	(151, 'Boalmari', 'বোয়ালমারী', 3, 2, '1', 'Active', NULL, NULL, NULL, NULL, NULL, NULL),
	(152, 'Alfadanga', 'আলফাডাঙ্গা', 3, 2, '1', 'Active', NULL, NULL, NULL, NULL, NULL, NULL),
	(153, 'Madhukhali', 'মধুখালি', 3, 2, '1', 'Active', NULL, NULL, NULL, NULL, NULL, NULL),
	(154, 'Bhanga', 'ভাঙ্গা', 3, 2, '1', 'Active', NULL, NULL, NULL, NULL, NULL, NULL),
	(155, 'Nagarkanda', 'নগরকান্ড', 3, 2, '1', 'Active', NULL, NULL, NULL, NULL, NULL, NULL),
	(156, 'Charbhadrasan', 'চরভদ্রাসন', 3, 2, '1', 'Active', NULL, NULL, NULL, NULL, NULL, NULL),
	(157, 'Sadarpur', 'সদরপুর', 3, 2, '1', 'Active', NULL, NULL, NULL, NULL, NULL, NULL),
	(158, 'Shaltha', 'শালথা', 3, 2, '1', 'Active', NULL, NULL, NULL, NULL, NULL, NULL),
	(159, 'Gazipur Sadar-Joydebpur', 'গাজীপুর সদর', 3, 3, '1', 'Active', NULL, NULL, NULL, NULL, NULL, NULL),
	(160, 'Kaliakior', 'কালিয়াকৈর', 3, 3, '1', 'Active', NULL, NULL, NULL, NULL, NULL, NULL),
	(161, 'Kapasia', 'কাপাসিয়া', 3, 3, '1', 'Active', NULL, NULL, NULL, NULL, NULL, NULL),
	(162, 'Sreepur', 'শ্রীপুর', 3, 3, '1', 'Active', NULL, NULL, NULL, NULL, NULL, NULL),
	(163, 'Kaliganj', 'কালীগঞ্জ', 3, 3, '1', 'Active', NULL, NULL, NULL, NULL, NULL, NULL),
	(164, 'Tongi', 'টঙ্গি', 3, 3, '1', 'Active', NULL, NULL, NULL, NULL, NULL, NULL),
	(165, 'Gopalganj Sadar', 'গোপালগঞ্জ সদর', 3, 4, '1', 'Active', NULL, NULL, NULL, NULL, NULL, NULL),
	(166, 'Kashiani', 'কাশিয়ানি', 3, 4, '1', 'Active', NULL, NULL, NULL, NULL, NULL, NULL),
	(167, 'Kotalipara', 'কোটালিপাড়া', 3, 4, '1', 'Active', NULL, NULL, NULL, NULL, NULL, NULL),
	(168, 'Muksudpur', 'মুকসুদপুর', 3, 4, '1', 'Active', NULL, NULL, NULL, NULL, NULL, NULL),
	(169, 'Tungipara', 'টুঙ্গিপাড়া', 3, 4, '1', 'Active', NULL, NULL, NULL, NULL, NULL, NULL),
	(170, 'Dewanganj', 'দেওয়ানগঞ্জ', 8, 5, '1', 'Active', NULL, NULL, NULL, NULL, NULL, NULL),
	(171, 'Baksiganj', 'বকসিগঞ্জ', 8, 5, '1', 'Active', NULL, NULL, NULL, NULL, NULL, NULL),
	(172, 'Islampur', 'ইসলামপুর', 8, 5, '1', 'Active', NULL, NULL, NULL, NULL, NULL, NULL),
	(173, 'Jamalpur Sadar', 'জামালপুর সদর', 8, 5, '1', 'Active', NULL, NULL, NULL, NULL, NULL, NULL),
	(174, 'Madarganj', 'মাদারগঞ্জ', 8, 5, '1', 'Active', NULL, NULL, NULL, NULL, NULL, NULL),
	(175, 'Melandaha', 'মেলান্দহ', 8, 5, '1', 'Active', NULL, NULL, NULL, NULL, NULL, NULL),
	(176, 'Sarishabari', 'সরিষাবাড়ি', 8, 5, '1', 'Active', NULL, NULL, NULL, NULL, NULL, NULL),
	(177, 'Narundi Police I.C', 'নারুন্দি', 8, 5, '1', 'Active', NULL, NULL, NULL, NULL, NULL, NULL),
	(178, 'Astagram', 'অষ্টগ্রাম', 3, 6, '1', 'Active', NULL, NULL, NULL, NULL, NULL, NULL),
	(179, 'Bajitpur', 'বাজিতপুর', 3, 6, '1', 'Active', NULL, NULL, NULL, NULL, NULL, NULL),
	(180, 'Bhairab', 'ভৈরব', 3, 6, '1', 'Active', NULL, NULL, NULL, NULL, NULL, NULL),
	(181, 'Hossainpur', 'হোসেনপুর', 3, 6, '1', 'Active', NULL, NULL, NULL, NULL, NULL, NULL),
	(182, 'Itna', 'ইটনা', 3, 6, '1', 'Active', NULL, NULL, NULL, NULL, NULL, NULL),
	(183, 'Karimganj', 'করিমগঞ্জ', 3, 6, '1', 'Active', NULL, NULL, NULL, NULL, NULL, NULL),
	(184, 'Katiadi', 'কতিয়াদি', 3, 6, '1', 'Active', NULL, NULL, NULL, NULL, NULL, NULL),
	(185, 'Kishoreganj Sadar', 'কিশোরগঞ্জ সদর', 3, 6, '1', 'Active', NULL, NULL, NULL, NULL, NULL, NULL),
	(186, 'Kuliarchar', 'কুলিয়ারচর', 3, 6, '1', 'Active', NULL, NULL, NULL, NULL, NULL, NULL),
	(187, 'Mithamain', 'মিঠামাইন', 3, 6, '1', 'Active', NULL, NULL, NULL, NULL, NULL, NULL),
	(188, 'Nikli', 'নিকলি', 3, 6, '1', 'Active', NULL, NULL, NULL, NULL, NULL, NULL),
	(189, 'Pakundia', 'পাকুন্দিয়া', 3, 6, '1', 'Active', NULL, NULL, NULL, NULL, NULL, NULL),
	(190, 'Tarail', 'তাড়াইল', 3, 6, '1', 'Active', NULL, NULL, NULL, NULL, NULL, NULL),
	(191, 'Madaripur Sadar', 'মাদারীপুর সদর', 3, 7, '1', 'Active', NULL, NULL, NULL, NULL, NULL, NULL),
	(192, 'Kalkini', 'কালকিনি', 3, 7, '1', 'Active', NULL, NULL, NULL, NULL, NULL, NULL),
	(193, 'Rajoir', 'রাজইর', 3, 7, '1', 'Active', NULL, NULL, NULL, NULL, NULL, NULL),
	(194, 'Shibchar', 'শিবচর', 3, 7, '1', 'Active', NULL, NULL, NULL, NULL, NULL, NULL),
	(195, 'Manikganj Sadar', 'মানিকগঞ্জ সদর', 3, 8, '1', 'Active', NULL, NULL, NULL, NULL, NULL, NULL),
	(196, 'Singair', 'সিঙ্গাইর', 3, 8, '1', 'Active', NULL, NULL, NULL, NULL, NULL, NULL),
	(197, 'Shibalaya', 'শিবালয়', 3, 8, '1', 'Active', NULL, NULL, NULL, NULL, NULL, NULL),
	(198, 'Saturia', 'সাঠুরিয়া', 3, 8, '1', 'Active', NULL, NULL, NULL, NULL, NULL, NULL),
	(199, 'Harirampur', 'হরিরামপুর', 3, 8, '1', 'Active', NULL, NULL, NULL, NULL, NULL, NULL),
	(200, 'Ghior', 'ঘিওর', 3, 8, '1', 'Active', NULL, NULL, NULL, NULL, NULL, NULL),
	(201, 'Daulatpur', 'দৌলতপুর', 3, 8, '1', 'Active', NULL, NULL, NULL, NULL, NULL, NULL),
	(202, 'Lohajang', 'লোহাজং', 3, 9, '1', 'Active', NULL, NULL, NULL, NULL, NULL, NULL),
	(203, 'Sreenagar', 'শ্রীনগর', 3, 9, '1', 'Active', NULL, NULL, NULL, NULL, NULL, NULL),
	(204, 'Munshiganj Sadar', 'মুন্সিগঞ্জ সদর', 3, 9, '1', 'Active', NULL, NULL, NULL, NULL, NULL, NULL),
	(205, 'Sirajdikhan', 'সিরাজদিখান', 3, 9, '1', 'Active', NULL, NULL, NULL, NULL, NULL, NULL),
	(206, 'Tongibari', 'টঙ্গিবাড়ি', 3, 9, '1', 'Active', NULL, NULL, NULL, NULL, NULL, NULL),
	(207, 'Gazaria', 'গজারিয়া', 3, 9, '1', 'Active', NULL, NULL, NULL, NULL, NULL, NULL),
	(208, 'Bhaluka', 'ভালুকা', 8, 10, '1', 'Active', NULL, NULL, NULL, NULL, NULL, NULL),
	(209, 'Trishal', 'ত্রিশাল', 8, 10, '1', 'Active', NULL, NULL, NULL, NULL, NULL, NULL),
	(210, 'Haluaghat', 'হালুয়াঘাট', 8, 10, '1', 'Active', NULL, NULL, NULL, NULL, NULL, NULL),
	(211, 'Muktagachha', 'মুক্তাগাছা', 8, 10, '1', 'Active', NULL, NULL, NULL, NULL, NULL, NULL),
	(212, 'Dhobaura', 'ধোবাউড়া', 8, 10, '1', 'Active', NULL, NULL, NULL, NULL, NULL, NULL),
	(213, 'Fulbaria', 'ফুলবাড়িয়া', 8, 10, '1', 'Active', NULL, NULL, NULL, NULL, NULL, NULL),
	(214, 'Gaffargaon', 'গফরগাঁও', 8, 10, '1', 'Active', NULL, NULL, NULL, NULL, NULL, NULL),
	(215, 'Gauripur', 'গৌরিপুর', 8, 10, '1', 'Active', NULL, NULL, NULL, NULL, NULL, NULL),
	(216, 'Ishwarganj', 'ঈশ্বরগঞ্জ', 8, 10, '1', 'Active', NULL, NULL, NULL, NULL, NULL, NULL),
	(217, 'Mymensingh Sadar', 'ময়মনসিংহ সদর', 8, 10, '1', 'Active', NULL, NULL, NULL, NULL, NULL, NULL),
	(218, 'Nandail', 'নান্দাইল', 8, 10, '1', 'Active', NULL, NULL, NULL, NULL, NULL, NULL),
	(219, 'Phulpur', 'ফুলপুর', 8, 10, '1', 'Active', NULL, NULL, NULL, NULL, NULL, NULL),
	(220, 'Araihazar', 'আড়াইহাজার', 3, 11, '1', 'Active', NULL, NULL, NULL, NULL, NULL, NULL),
	(221, 'Sonargaon', 'সোনারগাঁও', 3, 11, '1', 'Active', NULL, NULL, NULL, NULL, NULL, NULL),
	(222, 'Bandar', 'বন্দার (নারায়ানগঞ্জ)', 3, 11, '1', 'Active', NULL, NULL, NULL, NULL, NULL, NULL),
	(223, 'Naryanganj Sadar', 'নারায়ানগঞ্জ সদর', 3, 11, '1', 'Active', NULL, NULL, NULL, NULL, NULL, NULL),
	(224, 'Rupganj', 'রূপগঞ্জ', 3, 11, '1', 'Active', NULL, NULL, NULL, NULL, NULL, NULL),
	(225, 'Siddirgonj', 'সিদ্ধিরগঞ্জ', 3, 11, '1', 'Active', NULL, NULL, NULL, NULL, NULL, NULL),
	(226, 'Belabo', 'বেলাবো', 3, 12, '1', 'Active', NULL, NULL, NULL, NULL, NULL, NULL),
	(227, 'Monohardi', 'মনোহরদি', 3, 12, '1', 'Active', NULL, NULL, NULL, NULL, NULL, NULL),
	(228, 'Narsingdi Sadar', 'নরসিংদী সদর', 3, 12, '1', 'Active', NULL, NULL, NULL, NULL, NULL, NULL),
	(229, 'Palash', 'পলাশ', 3, 12, '1', 'Active', NULL, NULL, NULL, NULL, NULL, NULL),
	(230, 'Raipura', 'রায়পুর', 3, 12, '1', 'Active', NULL, NULL, NULL, NULL, NULL, NULL),
	(231, 'Shibpur', 'শিবপুর', 3, 12, '1', 'Active', NULL, NULL, NULL, NULL, NULL, NULL),
	(232, 'Kendua Upazilla', 'কেন্দুয়া', 8, 13, '1', 'Active', NULL, NULL, NULL, NULL, NULL, NULL),
	(233, 'Atpara Upazilla', 'আটপাড়া', 8, 13, '1', 'Active', NULL, NULL, NULL, NULL, NULL, NULL),
	(234, 'Barhatta Upazilla', 'বরহাট্টা', 8, 13, '1', 'Active', NULL, NULL, NULL, NULL, NULL, NULL),
	(235, 'Durgapur Upazilla', 'দুর্গাপুর', 8, 13, '1', 'Active', NULL, NULL, NULL, NULL, NULL, NULL),
	(236, 'Kalmakanda Upazilla', 'কলমাকান্দা', 8, 13, '1', 'Active', NULL, NULL, NULL, NULL, NULL, NULL),
	(237, 'Madan Upazilla', 'মদন', 8, 13, '1', 'Active', NULL, NULL, NULL, NULL, NULL, NULL),
	(238, 'Mohanganj Upazilla', 'মোহনগঞ্জ', 8, 13, '1', 'Active', NULL, NULL, NULL, NULL, NULL, NULL),
	(239, 'Netrakona-S Upazilla', 'নেত্রকোনা সদর', 8, 13, '1', 'Active', NULL, NULL, NULL, NULL, NULL, NULL),
	(240, 'Purbadhala Upazilla', 'পূর্বধলা', 8, 13, '1', 'Active', NULL, NULL, NULL, NULL, NULL, NULL),
	(241, 'Khaliajuri Upazilla', 'খালিয়াজুরি', 8, 13, '1', 'Active', NULL, NULL, NULL, NULL, NULL, NULL),
	(242, 'Baliakandi', 'বালিয়াকান্দি', 3, 14, '1', 'Active', NULL, NULL, NULL, NULL, NULL, NULL),
	(243, 'Goalandaghat', 'গোয়ালন্দ ঘাট', 3, 14, '1', 'Active', NULL, NULL, NULL, NULL, NULL, NULL),
	(244, 'Pangsha', 'পাংশা', 3, 14, '1', 'Active', NULL, NULL, NULL, NULL, NULL, NULL),
	(245, 'Kalukhali', 'কালুখালি', 3, 14, '1', 'Active', NULL, NULL, NULL, NULL, NULL, NULL),
	(246, 'Rajbari Sadar', 'রাজবাড়ি সদর', 3, 14, '1', 'Active', NULL, NULL, NULL, NULL, NULL, NULL),
	(247, 'Shariatpur Sadar -Palong', 'শরীয়তপুর সদর', 3, 15, '1', 'Active', NULL, NULL, NULL, NULL, NULL, NULL),
	(248, 'Damudya', 'ডামুড্যা', 3, 15, '1', 'Active', NULL, NULL, NULL, NULL, NULL, NULL),
	(249, 'Naria', 'নড়িয়া', 3, 15, '1', 'Active', NULL, NULL, NULL, NULL, NULL, NULL),
	(250, 'Jajira', 'জাজিরা', 3, 15, '1', 'Active', NULL, NULL, NULL, NULL, NULL, NULL),
	(251, 'Bhedarganj', 'ভেদারগঞ্জ', 3, 15, '1', 'Active', NULL, NULL, NULL, NULL, NULL, NULL),
	(252, 'Gosairhat', 'গোসাইর হাট', 3, 15, '1', 'Active', NULL, NULL, NULL, NULL, NULL, NULL),
	(253, 'Jhenaigati', 'ঝিনাইগাতি', 8, 16, '1', 'Active', NULL, NULL, NULL, NULL, NULL, NULL),
	(254, 'Nakla', 'নকলা', 8, 16, '1', 'Active', NULL, NULL, NULL, NULL, NULL, NULL),
	(255, 'Nalitabari', 'নালিতাবাড়ি', 8, 16, '1', 'Active', NULL, NULL, NULL, NULL, NULL, NULL),
	(256, 'Sherpur Sadar', 'শেরপুর সদর', 8, 16, '1', 'Active', NULL, NULL, NULL, NULL, NULL, NULL),
	(257, 'Sreebardi', 'শ্রীবরদি', 8, 16, '1', 'Active', NULL, NULL, NULL, NULL, NULL, NULL),
	(258, 'Tangail Sadar', 'টাঙ্গাইল সদর', 3, 17, '1', 'Active', NULL, NULL, NULL, NULL, NULL, NULL),
	(259, 'Sakhipur', 'সখিপুর', 3, 17, '1', 'Active', NULL, NULL, NULL, NULL, NULL, NULL),
	(260, 'Basail', 'বসাইল', 3, 17, '1', 'Active', NULL, NULL, NULL, NULL, NULL, NULL),
	(261, 'Madhupur', 'মধুপুর', 3, 17, '1', 'Active', NULL, NULL, NULL, NULL, NULL, NULL),
	(262, 'Ghatail', 'ঘাটাইল', 3, 17, '1', 'Active', NULL, NULL, NULL, NULL, NULL, NULL),
	(263, 'Kalihati', 'কালিহাতি', 3, 17, '1', 'Active', NULL, NULL, NULL, NULL, NULL, NULL),
	(264, 'Nagarpur', 'নগরপুর', 3, 17, '1', 'Active', NULL, NULL, NULL, NULL, NULL, NULL),
	(265, 'Mirzapur', 'মির্জাপুর', 3, 17, '1', 'Active', NULL, NULL, NULL, NULL, NULL, NULL),
	(266, 'Gopalpur', 'গোপালপুর', 3, 17, '1', 'Active', NULL, NULL, NULL, NULL, NULL, NULL),
	(267, 'Delduar', 'দেলদুয়ার', 3, 17, '1', 'Active', NULL, NULL, NULL, NULL, NULL, NULL),
	(268, 'Bhuapur', 'ভুয়াপুর', 3, 17, '1', 'Active', NULL, NULL, NULL, NULL, NULL, NULL),
	(269, 'Dhanbari', 'ধনবাড়ি', 3, 17, '1', 'Active', NULL, NULL, NULL, NULL, NULL, NULL),
	(270, 'Bagerhat Sadar', 'বাগেরহাট সদর', 4, 55, '1', 'Active', NULL, NULL, NULL, NULL, NULL, NULL),
	(271, 'Chitalmari', 'চিতলমাড়ি', 4, 55, '1', 'Active', NULL, NULL, NULL, NULL, NULL, NULL),
	(272, 'Fakirhat', 'ফকিরহাট', 4, 55, '1', 'Active', NULL, NULL, NULL, NULL, NULL, NULL),
	(273, 'Kachua', 'কচুয়া', 4, 55, '1', 'Active', NULL, NULL, NULL, NULL, NULL, NULL),
	(274, 'Mollahat', 'মোল্লাহাট', 4, 55, '1', 'Active', NULL, NULL, NULL, NULL, NULL, NULL),
	(275, 'Mongla', 'মংলা', 4, 55, '1', 'Active', NULL, NULL, NULL, NULL, NULL, NULL),
	(276, 'Morrelganj', 'মোরেলগঞ্জ', 4, 55, '1', 'Active', NULL, NULL, NULL, NULL, NULL, NULL),
	(277, 'Rampal', 'রামপাল', 4, 55, '1', 'Active', NULL, NULL, NULL, NULL, NULL, NULL),
	(278, 'Sarankhola', 'স্মরণখোলা', 4, 55, '1', 'Active', NULL, NULL, NULL, NULL, NULL, NULL),
	(279, 'Damurhuda', 'দামুড়হুদা', 4, 56, '1', 'Active', NULL, NULL, NULL, NULL, NULL, NULL),
	(280, 'Chuadanga', 'চুয়াডাঙ্গা সদর', 4, 56, '1', 'Active', NULL, NULL, NULL, NULL, NULL, NULL),
	(281, 'Jibannagar', 'জীবন নগর', 4, 56, '1', 'Active', NULL, NULL, NULL, NULL, NULL, NULL),
	(282, 'Alamdanga', 'আলমডাঙ্গা', 4, 56, '1', 'Active', NULL, NULL, NULL, NULL, NULL, NULL),
	(283, 'Abhaynagar', 'অভয়নগর', 4, 57, '1', 'Active', NULL, NULL, NULL, NULL, NULL, NULL),
	(284, 'Keshabpur', 'কেশবপুর', 4, 57, '1', 'Active', NULL, NULL, NULL, NULL, NULL, NULL),
	(285, 'Bagherpara', 'বাঘের পাড়া', 4, 57, '1', 'Active', NULL, NULL, NULL, NULL, NULL, NULL),
	(286, 'Jessore Sadar', 'যশোর সদর', 4, 57, '1', 'Active', NULL, NULL, NULL, NULL, NULL, NULL),
	(287, 'Chaugachha', 'চৌগাছা', 4, 57, '1', 'Active', NULL, NULL, NULL, NULL, NULL, NULL),
	(288, 'Manirampur', 'মনিরামপুর', 4, 57, '1', 'Active', NULL, NULL, NULL, NULL, NULL, NULL),
	(289, 'Jhikargachha', 'ঝিকরগাছা', 4, 57, '1', 'Active', NULL, NULL, NULL, NULL, NULL, NULL),
	(290, 'Sharsha', 'সারশা', 4, 57, '1', 'Active', NULL, NULL, NULL, NULL, NULL, NULL),
	(291, 'Jhenaidah Sadar', 'ঝিনাইদহ সদর', 4, 58, '1', 'Active', NULL, NULL, NULL, NULL, NULL, NULL),
	(292, 'Maheshpur', 'মহেশপুর', 4, 58, '1', 'Active', NULL, NULL, NULL, NULL, NULL, NULL),
	(293, 'Kaliganj', 'কালীগঞ্জ', 4, 58, '1', 'Active', NULL, NULL, NULL, NULL, NULL, NULL),
	(294, 'Kotchandpur', 'কোট চাঁদপুর', 4, 58, '1', 'Active', NULL, NULL, NULL, NULL, NULL, NULL),
	(295, 'Shailkupa', 'শৈলকুপা', 4, 58, '1', 'Active', NULL, NULL, NULL, NULL, NULL, NULL),
	(296, 'Harinakunda', 'হরিণাকুন্ড', 4, 58, '1', 'Active', NULL, NULL, NULL, NULL, NULL, NULL),
	(297, 'Terokhada', 'তেরখাদা', 4, 59, '1', 'Active', NULL, NULL, NULL, NULL, NULL, NULL),
	(298, 'Batiaghata', 'বটিয়াঘাটা', 4, 59, '1', 'Active', NULL, NULL, NULL, NULL, NULL, NULL),
	(299, 'Dacope', 'দাকোপ', 4, 59, '1', 'Active', NULL, NULL, NULL, NULL, NULL, NULL),
	(300, 'Dumuria', 'ডুমুরিয়া', 4, 59, '1', 'Active', NULL, NULL, NULL, NULL, NULL, NULL),
	(301, 'Dighalia', 'দিঘলিয়া', 4, 59, '1', 'Active', NULL, NULL, NULL, NULL, NULL, NULL),
	(302, 'Koyra', 'কয়রা', 4, 59, '1', 'Active', NULL, NULL, NULL, NULL, NULL, NULL),
	(303, 'Paikgachha', 'পাইকগাছা', 4, 59, '1', 'Active', NULL, NULL, NULL, NULL, NULL, NULL),
	(304, 'Phultala', 'ফুলতলা', 4, 59, '1', 'Active', NULL, NULL, NULL, NULL, NULL, NULL),
	(305, 'Rupsa', 'রূপসা', 4, 59, '1', 'Active', NULL, NULL, NULL, NULL, NULL, NULL),
	(306, 'Kushtia Sadar', 'কুষ্টিয়া সদর', 4, 60, '1', 'Active', NULL, NULL, NULL, NULL, NULL, NULL),
	(307, 'Kumarkhali', 'কুমারখালি', 4, 60, '1', 'Active', NULL, NULL, NULL, NULL, NULL, NULL),
	(308, 'Daulatpur', 'দৌলতপুর', 4, 60, '1', 'Active', NULL, NULL, NULL, NULL, NULL, NULL),
	(309, 'Mirpur', 'মিরপুর', 4, 60, '1', 'Active', NULL, NULL, NULL, NULL, NULL, NULL),
	(310, 'Bheramara', 'ভেরামারা', 4, 60, '1', 'Active', NULL, NULL, NULL, NULL, NULL, NULL),
	(311, 'Khoksa', 'খোকসা', 4, 60, '1', 'Active', NULL, NULL, NULL, NULL, NULL, NULL),
	(312, 'Magura Sadar', 'মাগুরা সদর', 4, 61, '1', 'Active', NULL, NULL, NULL, NULL, NULL, NULL),
	(313, 'Mohommodpur', 'মহম্মদপুর', 4, 61, '1', 'Active', NULL, NULL, NULL, NULL, NULL, NULL),
	(314, 'Shalikha', 'শালিখা', 4, 61, '1', 'Active', NULL, NULL, NULL, NULL, NULL, NULL),
	(315, 'Sreepur', 'শ্রীপুর', 4, 61, '1', 'Active', NULL, NULL, NULL, NULL, NULL, NULL),
	(316, 'Gangni', 'গাংনি', 4, 62, '1', 'Active', NULL, NULL, NULL, NULL, NULL, NULL),
	(317, 'Mujib Nagar', 'মুজিব নগর', 4, 62, '1', 'Active', NULL, NULL, NULL, NULL, NULL, NULL),
	(318, 'Meherpur-S', 'মেহেরপুর সদর', 4, 62, '1', 'Active', NULL, NULL, NULL, NULL, NULL, NULL),
	(319, 'Narail-S Upazilla', 'নড়াইল সদর', 4, 63, '1', 'Active', NULL, NULL, NULL, NULL, NULL, NULL),
	(320, 'Lohagara Upazilla', 'লোহাগড়া', 4, 63, '1', 'Active', NULL, NULL, NULL, NULL, NULL, NULL),
	(321, 'Kalia Upazilla', 'কালিয়া', 4, 63, '1', 'Active', NULL, NULL, NULL, NULL, NULL, NULL),
	(322, 'Satkhira Sadar', 'সাতক্ষীরা সদর', 4, 64, '1', 'Active', NULL, NULL, NULL, NULL, NULL, NULL),
	(323, 'Assasuni', 'আশাশুনি', 4, 64, '1', 'Active', NULL, NULL, NULL, NULL, NULL, NULL),
	(324, 'Debhata', 'দেবহাটা', 4, 64, '1', 'Active', NULL, NULL, NULL, NULL, NULL, NULL),
	(325, 'Tala', 'তালা', 4, 64, '1', 'Active', NULL, NULL, NULL, NULL, NULL, NULL),
	(326, 'Kalaroa', 'কলরোয়া', 4, 64, '1', 'Active', NULL, NULL, NULL, NULL, NULL, NULL),
	(327, 'Kaliganj', 'কালীগঞ্জ', 4, 64, '1', 'Active', NULL, NULL, NULL, NULL, NULL, NULL),
	(328, 'Shyamnagar', 'শ্যামনগর', 4, 64, '1', 'Active', NULL, NULL, NULL, NULL, NULL, NULL),
	(329, 'Adamdighi', 'আদমদিঘী', 5, 18, '1', 'Active', NULL, NULL, NULL, NULL, NULL, NULL),
	(330, 'Bogra Sadar', 'বগুড়া সদর', 5, 18, '1', 'Active', NULL, NULL, NULL, NULL, NULL, NULL),
	(331, 'Sherpur', 'শেরপুর', 5, 18, '1', 'Active', NULL, NULL, NULL, NULL, NULL, NULL),
	(332, 'Dhunat', 'ধুনট', 5, 18, '1', 'Active', NULL, NULL, NULL, NULL, NULL, NULL),
	(333, 'Dhupchanchia', 'দুপচাঁচিয়া', 5, 18, '1', 'Active', NULL, NULL, NULL, NULL, NULL, NULL),
	(334, 'Gabtali', 'গাবতলি', 5, 18, '1', 'Active', NULL, NULL, NULL, NULL, NULL, NULL),
	(335, 'Kahaloo', 'কাহালু', 5, 18, '1', 'Active', NULL, NULL, NULL, NULL, NULL, NULL),
	(336, 'Nandigram', 'নন্দিগ্রাম', 5, 18, '1', 'Active', NULL, NULL, NULL, NULL, NULL, NULL),
	(337, 'Sahajanpur', 'শাহজাহানপুর', 5, 18, '1', 'Active', NULL, NULL, NULL, NULL, NULL, NULL),
	(338, 'Sariakandi', 'সারিয়াকান্দি', 5, 18, '1', 'Active', NULL, NULL, NULL, NULL, NULL, NULL),
	(339, 'Shibganj', 'শিবগঞ্জ', 5, 18, '1', 'Active', NULL, NULL, NULL, NULL, NULL, NULL),
	(340, 'Sonatala', 'সোনাতলা', 5, 18, '1', 'Active', NULL, NULL, NULL, NULL, NULL, NULL),
	(341, 'Joypurhat S', 'জয়পুরহাট সদর', 5, 19, '1', 'Active', NULL, NULL, NULL, NULL, NULL, NULL),
	(342, 'Akkelpur', 'আক্কেলপুর', 5, 19, '1', 'Active', NULL, NULL, NULL, NULL, NULL, NULL),
	(343, 'Kalai', 'কালাই', 5, 19, '1', 'Active', NULL, NULL, NULL, NULL, NULL, NULL),
	(344, 'Khetlal', 'ক্ষেতলাল', 5, 19, '1', 'Active', NULL, NULL, NULL, NULL, NULL, NULL),
	(345, 'Panchbibi', 'পাঁচবিবি', 5, 19, '1', 'Active', NULL, NULL, NULL, NULL, NULL, NULL),
	(346, 'Naogaon Sadar', 'নওগাঁ সদর', 5, 20, '1', 'Active', NULL, NULL, NULL, NULL, NULL, NULL),
	(347, 'Mohadevpur', 'মহাদেবপুর', 5, 20, '1', 'Active', NULL, NULL, NULL, NULL, NULL, NULL),
	(348, 'Manda', 'মান্দা', 5, 20, '1', 'Active', NULL, NULL, NULL, NULL, NULL, NULL),
	(349, 'Niamatpur', 'নিয়ামতপুর', 5, 20, '1', 'Active', NULL, NULL, NULL, NULL, NULL, NULL),
	(350, 'Atrai', 'আত্রাই', 5, 20, '1', 'Active', NULL, NULL, NULL, NULL, NULL, NULL),
	(351, 'Raninagar', 'রাণীনগর', 5, 20, '1', 'Active', NULL, NULL, NULL, NULL, NULL, NULL),
	(352, 'Patnitala', 'পত্নীতলা', 5, 20, '1', 'Active', NULL, NULL, NULL, NULL, NULL, NULL),
	(353, 'Dhamoirhat', 'ধামইরহাট', 5, 20, '1', 'Active', NULL, NULL, NULL, NULL, NULL, NULL),
	(354, 'Sapahar', 'সাপাহার', 5, 20, '1', 'Active', NULL, NULL, NULL, NULL, NULL, NULL),
	(355, 'Porsha', 'পোরশা', 5, 20, '1', 'Active', NULL, NULL, NULL, NULL, NULL, NULL),
	(356, 'Badalgachhi', 'বদলগাছি', 5, 20, '1', 'Active', NULL, NULL, NULL, NULL, NULL, NULL),
	(357, 'Natore Sadar', 'নাটোর সদর', 5, 21, '1', 'Active', NULL, NULL, NULL, NULL, NULL, NULL),
	(358, 'Baraigram', 'বড়াইগ্রাম', 5, 21, '1', 'Active', NULL, NULL, NULL, NULL, NULL, NULL),
	(359, 'Bagatipara', 'বাগাতিপাড়া', 5, 21, '1', 'Active', NULL, NULL, NULL, NULL, NULL, NULL),
	(360, 'Lalpur', 'লালপুর', 5, 21, '1', 'Active', NULL, NULL, NULL, NULL, NULL, NULL),
	(361, 'Natore Sadar', 'নাটোর সদর', 5, 21, '1', 'Active', NULL, NULL, NULL, NULL, NULL, NULL),
	(362, 'Baraigram', 'বড়াই গ্রাম', 5, 21, '1', 'Active', NULL, NULL, NULL, NULL, NULL, NULL),
	(363, 'Bholahat', 'ভোলাহাট', 5, 22, '1', 'Active', NULL, NULL, NULL, NULL, NULL, NULL),
	(364, 'Gomastapur', 'গোমস্তাপুর', 5, 22, '1', 'Active', NULL, NULL, NULL, NULL, NULL, NULL),
	(365, 'Nachole', 'নাচোল', 5, 22, '1', 'Active', NULL, NULL, NULL, NULL, NULL, NULL),
	(366, 'Chapainawabganj Sadar', 'চাঁপাইনবাবগঞ্জ সদর', 5, 22, '1', 'Active', NULL, NULL, NULL, NULL, NULL, NULL),
	(367, 'Shibganj', 'শিবগঞ্জ', 5, 22, '1', 'Active', NULL, NULL, NULL, NULL, NULL, NULL),
	(368, 'Atgharia', 'আটঘরিয়া', 5, 23, '1', 'Active', NULL, NULL, NULL, NULL, NULL, NULL),
	(369, 'Bera', 'বেড়া', 5, 23, '1', 'Active', NULL, NULL, NULL, NULL, NULL, NULL),
	(370, 'Bhangura', 'ভাঙ্গুরা', 5, 23, '1', 'Active', NULL, NULL, NULL, NULL, NULL, NULL),
	(371, 'Chatmohar', 'চাটমোহর', 5, 23, '1', 'Active', NULL, NULL, NULL, NULL, NULL, NULL),
	(372, 'Faridpur', 'ফরিদপুর', 5, 23, '1', 'Active', NULL, NULL, NULL, NULL, NULL, NULL),
	(373, 'Ishwardi', 'ঈশ্বরদী', 5, 23, '1', 'Active', NULL, NULL, NULL, NULL, NULL, NULL),
	(374, 'Pabna Sadar', 'পাবনা সদর', 5, 23, '1', 'Active', NULL, NULL, NULL, NULL, NULL, NULL),
	(375, 'Santhia', 'সাঁথিয়া', 5, 23, '1', 'Active', NULL, NULL, NULL, NULL, NULL, NULL),
	(376, 'Sujanagar', 'সুজানগর', 5, 23, '1', 'Active', NULL, NULL, NULL, NULL, NULL, NULL),
	(377, 'Bagha', 'বাঘা', 5, 24, '1', 'Active', NULL, NULL, NULL, NULL, NULL, NULL),
	(378, 'Bagmara', 'বাগমারা', 5, 24, '1', 'Active', NULL, NULL, NULL, NULL, NULL, NULL),
	(379, 'Charghat', 'চারঘাট', 5, 24, '1', 'Active', NULL, NULL, NULL, NULL, NULL, NULL),
	(380, 'Durgapur', 'দুর্গাপুর', 5, 24, '1', 'Active', NULL, NULL, NULL, NULL, NULL, NULL),
	(381, 'Godagari', 'গোদাগারি', 5, 24, '1', 'Active', NULL, NULL, NULL, NULL, NULL, NULL),
	(382, 'Mohanpur', 'মোহনপুর', 5, 24, '1', 'Active', NULL, NULL, NULL, NULL, NULL, NULL),
	(383, 'Paba', 'পবা', 5, 24, '1', 'Active', NULL, NULL, NULL, NULL, NULL, NULL),
	(384, 'Puthia', 'পুঠিয়া', 5, 24, '1', 'Active', NULL, NULL, NULL, NULL, NULL, NULL),
	(385, 'Tanore', 'তানোর', 5, 24, '1', 'Active', NULL, NULL, NULL, NULL, NULL, NULL),
	(386, 'Sirajganj Sadar', 'সিরাজগঞ্জ সদর', 5, 25, '1', 'Active', NULL, NULL, NULL, NULL, NULL, NULL),
	(387, 'Belkuchi', 'বেলকুচি', 5, 25, '1', 'Active', NULL, NULL, NULL, NULL, NULL, NULL),
	(388, 'Chauhali', 'চৌহালি', 5, 25, '1', 'Active', NULL, NULL, NULL, NULL, NULL, NULL),
	(389, 'Kamarkhanda', 'কামারখন্দ', 5, 25, '1', 'Active', NULL, NULL, NULL, NULL, NULL, NULL),
	(390, 'Kazipur', 'কাজীপুর', 5, 25, '1', 'Active', NULL, NULL, NULL, NULL, NULL, NULL),
	(391, 'Raiganj', 'রায়গঞ্জ', 5, 25, '1', 'Active', NULL, NULL, NULL, NULL, NULL, NULL),
	(392, 'Shahjadpur', 'শাহজাদপুর', 5, 25, '1', 'Active', NULL, NULL, NULL, NULL, NULL, NULL),
	(393, 'Tarash', 'তারাশ', 5, 25, '1', 'Active', NULL, NULL, NULL, NULL, NULL, NULL),
	(394, 'Ullahpara', 'উল্লাপাড়া', 5, 25, '1', 'Active', NULL, NULL, NULL, NULL, NULL, NULL),
	(395, 'Birampur', 'বিরামপুর', 6, 26, '1', 'Active', NULL, NULL, NULL, NULL, NULL, NULL),
	(396, 'Birganj', 'বীরগঞ্জ', 6, 26, '1', 'Active', NULL, NULL, NULL, NULL, NULL, NULL),
	(397, 'Biral', 'বিড়াল', 6, 26, '1', 'Active', NULL, NULL, NULL, NULL, NULL, NULL),
	(398, 'Bochaganj', 'বোচাগঞ্জ', 6, 26, '1', 'Active', NULL, NULL, NULL, NULL, NULL, NULL),
	(399, 'Chirirbandar', 'চিরিরবন্দর', 6, 26, '1', 'Active', NULL, NULL, NULL, NULL, NULL, NULL),
	(400, 'Phulbari', 'ফুলবাড়ি', 6, 26, '1', 'Active', NULL, NULL, NULL, NULL, NULL, NULL),
	(401, 'Ghoraghat', 'ঘোড়াঘাট', 6, 26, '1', 'Active', NULL, NULL, NULL, NULL, NULL, NULL),
	(402, 'Hakimpur', 'হাকিমপুর', 6, 26, '1', 'Active', NULL, NULL, NULL, NULL, NULL, NULL),
	(403, 'Kaharole', 'কাহারোল', 6, 26, '1', 'Active', NULL, NULL, NULL, NULL, NULL, NULL),
	(404, 'Khansama', 'খানসামা', 6, 26, '1', 'Active', NULL, NULL, NULL, NULL, NULL, NULL),
	(405, 'Dinajpur Sadar', 'দিনাজপুর সদর', 6, 26, '1', 'Active', NULL, NULL, NULL, NULL, NULL, NULL),
	(406, 'Nawabganj', 'নবাবগঞ্জ', 6, 26, '1', 'Active', NULL, NULL, NULL, NULL, NULL, NULL),
	(407, 'Parbatipur', 'পার্বতীপুর', 6, 26, '1', 'Active', NULL, NULL, NULL, NULL, NULL, NULL),
	(408, 'Fulchhari', 'ফুলছড়ি', 6, 27, '1', 'Active', NULL, NULL, NULL, NULL, NULL, NULL),
	(409, 'Gaibandha sadar', 'গাইবান্ধা সদর', 6, 27, '1', 'Active', NULL, NULL, NULL, NULL, NULL, NULL),
	(410, 'Gobindaganj', 'গোবিন্দগঞ্জ', 6, 27, '1', 'Active', NULL, NULL, NULL, NULL, NULL, NULL),
	(411, 'Palashbari', 'পলাশবাড়ী', 6, 27, '1', 'Active', NULL, NULL, NULL, NULL, NULL, NULL),
	(412, 'Sadullapur', 'সাদুল্লাপুর', 6, 27, '1', 'Active', NULL, NULL, NULL, NULL, NULL, NULL),
	(413, 'Saghata', 'সাঘাটা', 6, 27, '1', 'Active', NULL, NULL, NULL, NULL, NULL, NULL),
	(414, 'Sundarganj', 'সুন্দরগঞ্জ', 6, 27, '1', 'Active', NULL, NULL, NULL, NULL, NULL, NULL),
	(415, 'Kurigram Sadar', 'কুড়িগ্রাম সদর', 6, 28, '1', 'Active', NULL, NULL, NULL, NULL, NULL, NULL),
	(416, 'Nageshwari', 'নাগেশ্বরী', 6, 28, '1', 'Active', NULL, NULL, NULL, NULL, NULL, NULL),
	(417, 'Bhurungamari', 'ভুরুঙ্গামারি', 6, 28, '1', 'Active', NULL, NULL, NULL, NULL, NULL, NULL),
	(418, 'Phulbari', 'ফুলবাড়ি', 6, 28, '1', 'Active', NULL, NULL, NULL, NULL, NULL, NULL),
	(419, 'Rajarhat', 'রাজারহাট', 6, 28, '1', 'Active', NULL, NULL, NULL, NULL, NULL, NULL),
	(420, 'Ulipur', 'উলিপুর', 6, 28, '1', 'Active', NULL, NULL, NULL, NULL, NULL, NULL),
	(421, 'Chilmari', 'চিলমারি', 6, 28, '1', 'Active', NULL, NULL, NULL, NULL, NULL, NULL),
	(422, 'Rowmari', 'রৌমারী', 6, 28, '1', 'Active', NULL, NULL, NULL, NULL, NULL, NULL),
	(423, 'Char Rajibpur', 'চর রাজিবপুর', 6, 28, '1', 'Active', NULL, NULL, NULL, NULL, NULL, NULL),
	(424, 'Lalmanirhat Sadar', 'লালমনিরহাট সদর', 6, 29, '1', 'Active', NULL, NULL, NULL, NULL, NULL, NULL),
	(425, 'Aditmari', 'আদিতমারি', 6, 29, '1', 'Active', NULL, NULL, NULL, NULL, NULL, NULL),
	(426, 'Kaliganj', 'কালীগঞ্জ', 6, 29, '1', 'Active', NULL, NULL, NULL, NULL, NULL, NULL),
	(427, 'Hatibandha', 'হাতিবান্ধা', 6, 29, '1', 'Active', NULL, NULL, NULL, NULL, NULL, NULL),
	(428, 'Patgram', 'পাটগ্রাম', 6, 29, '1', 'Active', NULL, NULL, NULL, NULL, NULL, NULL),
	(429, 'Nilphamari Sadar', 'নীলফামারী সদর', 6, 30, '1', 'Active', NULL, NULL, NULL, NULL, NULL, NULL),
	(430, 'Saidpur', 'সৈয়দপুর', 6, 30, '1', 'Active', NULL, NULL, NULL, NULL, NULL, NULL),
	(431, 'Jaldhaka', 'জলঢাকা', 6, 30, '1', 'Active', NULL, NULL, NULL, NULL, NULL, NULL),
	(432, 'Kishoreganj', 'কিশোরগঞ্জ', 6, 30, '1', 'Active', NULL, NULL, NULL, NULL, NULL, NULL),
	(433, 'Domar', 'ডোমার', 6, 30, '1', 'Active', NULL, NULL, NULL, NULL, NULL, NULL),
	(434, 'Dimla', 'ডিমলা', 6, 30, '1', 'Active', NULL, NULL, NULL, NULL, NULL, NULL),
	(435, 'Panchagarh Sadar', 'পঞ্চগড় সদর', 6, 31, '1', 'Active', NULL, NULL, NULL, NULL, NULL, NULL),
	(436, 'Debiganj', 'দেবীগঞ্জ', 6, 31, '1', 'Active', NULL, NULL, NULL, NULL, NULL, NULL),
	(437, 'Boda', 'বোদা', 6, 31, '1', 'Active', NULL, NULL, NULL, NULL, NULL, NULL),
	(438, 'Atwari', 'আটোয়ারি', 6, 31, '1', 'Active', NULL, NULL, NULL, NULL, NULL, NULL),
	(439, 'Tetulia', 'তেতুলিয়া', 6, 31, '1', 'Active', NULL, NULL, NULL, NULL, NULL, NULL),
	(440, 'Badarganj', 'বদরগঞ্জ', 6, 32, '1', 'Active', NULL, NULL, NULL, NULL, NULL, NULL),
	(441, 'Mithapukur', 'মিঠাপুকুর', 6, 32, '1', 'Active', NULL, NULL, NULL, NULL, NULL, NULL),
	(442, 'Gangachara', 'গঙ্গাচরা', 6, 32, '1', 'Active', NULL, NULL, NULL, NULL, NULL, NULL),
	(443, 'Kaunia', 'কাউনিয়া', 6, 32, '1', 'Active', NULL, NULL, NULL, NULL, NULL, NULL),
	(444, 'Rangpur Sadar', 'রংপুর সদর', 6, 32, '1', 'Active', NULL, NULL, NULL, NULL, NULL, NULL),
	(445, 'Pirgachha', 'পীরগাছা', 6, 32, '1', 'Active', NULL, NULL, NULL, NULL, NULL, NULL),
	(446, 'Pirganj', 'পীরগঞ্জ', 6, 32, '1', 'Active', NULL, NULL, NULL, NULL, NULL, NULL),
	(447, 'Taraganj', 'তারাগঞ্জ', 6, 32, '1', 'Active', NULL, NULL, NULL, NULL, NULL, NULL),
	(448, 'Thakurgaon Sadar', 'ঠাকুরগাঁও সদর', 6, 33, '1', 'Active', NULL, NULL, NULL, NULL, NULL, NULL),
	(449, 'Pirganj', 'পীরগঞ্জ', 6, 33, '1', 'Active', NULL, NULL, NULL, NULL, NULL, NULL),
	(450, 'Baliadangi', 'বালিয়াডাঙ্গি', 6, 33, '1', 'Active', NULL, NULL, NULL, NULL, NULL, NULL),
	(451, 'Haripur', 'হরিপুর', 6, 33, '1', 'Active', NULL, NULL, NULL, NULL, NULL, NULL),
	(456, '', 'বালাগঞ্জ', 7, 54, '1', 'Active', NULL, NULL, NULL, NULL, NULL, NULL),
	(457, '', 'বিয়ানীবাজার', 7, 54, '1', 'Active', NULL, NULL, NULL, NULL, NULL, NULL),
	(458, '', 'বিশ্বনাথ', 7, 54, '1', 'Active', NULL, NULL, NULL, NULL, NULL, NULL),
	(459, '', 'ফেঞ্চুগঞ্জ', 7, 54, '1', 'Active', NULL, NULL, NULL, NULL, NULL, NULL),
	(460, '', 'কোম্পানীগঞ্জ(সি)', 7, 54, '1', 'Active', NULL, NULL, NULL, NULL, NULL, NULL),
	(461, '', 'গোয়াইঘাট', 7, 54, '1', 'Active', NULL, NULL, NULL, NULL, NULL, NULL),
	(462, '', 'জৈন্তাপুর', 7, 54, '1', 'Active', NULL, NULL, NULL, NULL, NULL, NULL),
	(463, '', 'কানাইঘাট', 7, 54, '1', 'Active', NULL, NULL, NULL, NULL, NULL, NULL),
	(464, '', 'সিলেট সদর', 7, 54, '1', 'Active', NULL, NULL, NULL, NULL, NULL, NULL),
	(465, '', 'জকিগঞ্জ', 7, 54, '1', 'Active', NULL, NULL, NULL, NULL, NULL, NULL),
	(467, '', 'আজমিরিগঞ্জ', 7, 51, '1', 'Active', NULL, NULL, NULL, NULL, NULL, NULL),
	(468, '', 'বানিয়াচং', 7, 51, '1', 'Active', NULL, NULL, NULL, NULL, NULL, NULL),
	(469, '', 'বাহুবল', 7, 51, '1', 'Active', NULL, NULL, NULL, NULL, NULL, NULL),
	(470, '', 'চুনারুঘাট', 7, 51, '1', 'Active', NULL, NULL, NULL, NULL, NULL, NULL),
	(471, '', 'হবিগঞ্জ সদর', 7, 51, '1', 'Active', NULL, NULL, NULL, NULL, NULL, NULL),
	(472, '', 'লাখাই', 7, 51, '1', 'Active', NULL, NULL, NULL, NULL, NULL, NULL),
	(473, '', 'নবীগঞ্জ', 7, 51, '1', 'Active', NULL, NULL, NULL, NULL, NULL, NULL),
	(474, '', 'মাধবপুর', 7, 51, '1', 'Active', NULL, NULL, NULL, NULL, NULL, NULL),
	(475, '', 'বিশ্বম্ভরপুর', 7, 53, '1', 'Active', NULL, NULL, NULL, NULL, NULL, NULL),
	(476, '', 'ছাতক', 7, 53, '1', 'Active', NULL, NULL, NULL, NULL, NULL, NULL),
	(477, '', 'দিরাই', 7, 53, '1', 'Active', NULL, NULL, NULL, NULL, NULL, NULL),
	(478, '', 'ধর্মপাশা', 7, 53, '1', 'Active', NULL, NULL, NULL, NULL, NULL, NULL),
	(479, '', 'দোয়ারাবাজার', 7, 53, '1', 'Active', NULL, NULL, NULL, NULL, NULL, NULL),
	(480, '', 'জগন্নাথপুর', 7, 53, '1', 'Active', NULL, NULL, NULL, NULL, NULL, NULL),
	(481, '', 'জামালগঞ্জ', 7, 53, '1', 'Active', NULL, NULL, NULL, NULL, NULL, NULL),
	(482, '', 'তাহিরপুর', 7, 53, '1', 'Active', NULL, NULL, NULL, NULL, NULL, NULL),
	(483, '', 'শাল্লা', 7, 53, '1', 'Active', NULL, NULL, NULL, NULL, NULL, NULL),
	(484, '', 'সুনামগঞ্জ সদর', 7, 53, '1', 'Active', NULL, NULL, NULL, NULL, NULL, NULL),
	(485, '', 'বড়লেখা', 7, 52, '1', 'Active', NULL, NULL, NULL, NULL, NULL, NULL),
	(486, '', 'কুলাউড়া', 7, 52, '1', 'Active', NULL, NULL, NULL, NULL, NULL, NULL),
	(487, '', 'রাজানগর', 7, 52, '1', 'Active', NULL, NULL, NULL, NULL, NULL, NULL),
	(488, '', 'কমলগঞ্জ', 7, 52, '1', 'Active', NULL, NULL, NULL, NULL, NULL, NULL),
	(489, '', 'শ্রীমঙ্গল', 7, 52, '1', 'Active', NULL, NULL, NULL, NULL, NULL, NULL),
	(490, '', 'মৌলভীবাজার সদর', 7, 52, '1', 'Active', NULL, NULL, NULL, NULL, NULL, NULL),
	(491, '', 'জুড়ি', 7, 52, '1', 'Active', NULL, NULL, NULL, NULL, NULL, NULL),
	(492, '', 'গোলাপগঞ্জ', 7, 54, '1', 'Active', NULL, NULL, NULL, NULL, NULL, NULL),
	(493, '', 'শায়েস্তাগঞ্জ', 7, 51, '1', 'Active', NULL, NULL, NULL, NULL, NULL, NULL),
	(495, '', 'বাকলিয়া', 2, 43, '1', 'Active', NULL, NULL, 1, NULL, '2021-05-22 18:35:42', '2021-05-22 18:35:42'),
	(497, '', 'চান্দগাও', 2, 43, '1', 'Active', NULL, NULL, NULL, NULL, NULL, NULL),
	(511, '', 'খুলশি', 2, 43, '1', 'Active', NULL, NULL, NULL, NULL, NULL, NULL),
	(512, '', 'ডবলমুরিং', 2, 43, '1', 'Active', NULL, NULL, NULL, NULL, NULL, NULL),
	(513, '', 'পতেঙ্গা', 2, 43, '1', 'Active', NULL, NULL, NULL, NULL, NULL, NULL),
	(516, '', 'কর্ণফুলি', 2, 43, '1', 'Active', NULL, NULL, NULL, NULL, NULL, NULL),
	(522, '', 'সাভার', 3, 1, '1', 'Active', NULL, NULL, NULL, NULL, NULL, NULL),
	(523, '', 'ধামরাই', 3, 1, '1', 'Active', NULL, NULL, NULL, NULL, NULL, NULL),
	(526, '', 'কেরানীগঞ্জ মডেল', 3, 1, '1', 'Active', NULL, NULL, NULL, NULL, NULL, NULL),
	(528, '', 'দোহার', 3, 1, '1', 'Active', NULL, NULL, NULL, NULL, NULL, NULL),
	(530, '', 'নবাবগঞ্জ', 3, 1, '1', 'Active', NULL, NULL, NULL, NULL, NULL, NULL),
	(532, '', 'রাজশাহী সদর', 5, 24, '1', 'Active', NULL, NULL, NULL, NULL, NULL, NULL),
	(534, '', 'পাহাড়তলী', 2, 43, '1', 'Active', NULL, NULL, NULL, NULL, NULL, NULL),
	(535, '', 'বায়জিদ বোস্তামি', 2, 43, '1', 'Active', NULL, NULL, NULL, NULL, NULL, NULL),
	(536, 'Khulna Sadar', 'খুলনা সদর', 4, 59, '1', 'Active', NULL, NULL, NULL, NULL, NULL, NULL),
	(537, 'Khalishpur', 'খালিশপুর', 4, 59, '1', 'Active', NULL, NULL, NULL, NULL, NULL, NULL),
	(538, 'Doulatpur', 'দৌলতপুর(খুলনা)', 4, 59, '1', 'Active', NULL, NULL, NULL, NULL, NULL, NULL),
	(539, '', 'বাকলয়িা', 2, 43, '1', 'Active', NULL, NULL, 1, NULL, '2021-05-22 18:35:39', '2021-05-22 18:35:39'),
	(540, '', 'কতোয়ালী', 2, 43, '1', 'Active', NULL, NULL, NULL, NULL, NULL, NULL),
	(541, '', 'চানগাওঁ', 2, 43, '1', 'Active', NULL, NULL, NULL, NULL, NULL, NULL),
	(542, '', 'সীতাকুন্ড', 2, 43, '1', 'Active', NULL, NULL, 1, NULL, '2021-05-22 18:39:01', '2021-05-22 18:39:01'),
	(543, '', 'মোকসুদপুর', 3, 2, '1', 'Active', NULL, NULL, NULL, NULL, NULL, NULL),
	(544, '', 'বোয়ালখালী', 2, 43, '1', 'Active', NULL, NULL, 1, NULL, '2021-05-22 18:36:53', '2021-05-22 18:36:53'),
	(545, '', 'বাশখালী', 2, 43, '1', 'Active', NULL, NULL, 1, NULL, '2021-05-22 18:36:29', '2021-05-22 18:36:29'),
	(546, '', 'মাধবদী', 3, 12, '1', 'Active', NULL, NULL, NULL, NULL, NULL, NULL),
	(547, 'Adabar Thana', 'আদাবর থানা', 3, 65, '1', 'Active', NULL, NULL, NULL, NULL, NULL, NULL),
	(548, 'Azampur Thana', 'আজমপুর থানা', 3, 65, '1', 'Active', NULL, NULL, NULL, NULL, NULL, NULL),
	(549, 'Badda Thana', 'বাড্ডা থানা', 3, 65, '1', 'Active', NULL, NULL, NULL, NULL, NULL, NULL),
	(550, 'Bangsal Thana', 'বংশাল থানা', 3, 65, '1', 'Active', NULL, NULL, NULL, NULL, NULL, NULL),
	(551, 'Bimanbandar Thana (Dhaka)', 'বিমানবন্দর থানা', 3, 65, '1', 'Active', NULL, NULL, NULL, NULL, NULL, NULL),
	(552, 'Cantonment Thana', 'ক্যান্টনমেন্ট থানা', 3, 65, '1', 'Active', NULL, NULL, NULL, NULL, NULL, NULL),
	(553, 'Chowkbazar Thana', 'চকবাজার থানা ', 3, 65, '1', 'Active', NULL, NULL, NULL, NULL, NULL, NULL),
	(554, 'Darus Salam Thana', 'দারুস সালাম থানা ', 3, 65, '1', 'Active', NULL, NULL, NULL, NULL, NULL, NULL),
	(555, 'Demra Thana', 'ডেমরা থানা ', 3, 65, '1', 'Active', NULL, NULL, NULL, NULL, NULL, NULL),
	(556, 'Dhanmondi Thana', 'ধানমন্ডি থানা', 3, 65, '1', 'Active', NULL, NULL, NULL, NULL, NULL, NULL),
	(557, 'Gendaria Thana', 'গেন্ডারিয়া থানা ', 3, 65, '1', 'Active', NULL, NULL, NULL, NULL, NULL, NULL),
	(558, 'Hazaribagh Thana', 'হাজারিবাগ থানা', 3, 65, '1', 'Active', NULL, NULL, NULL, NULL, NULL, NULL),
	(559, 'Kadamtali Thana', 'কদমতলি থানা ', 3, 65, '1', 'Active', NULL, NULL, NULL, NULL, NULL, NULL),
	(560, 'Kafrul Thana', 'কাফরুল থানা ', 3, 65, '1', 'Active', NULL, NULL, NULL, NULL, NULL, NULL),
	(561, 'Kalabagan Thana', 'কলাবাগান থানা ', 3, 65, '1', 'Active', NULL, NULL, NULL, NULL, NULL, NULL),
	(562, 'Kamrangirchar Thana', 'কামরাংগিচর থানা ', 3, 65, '1', 'Active', NULL, NULL, NULL, NULL, NULL, NULL),
	(563, 'Khilgaon Thana', 'খিলগাঁও থানা', 3, 65, '1', 'Active', NULL, NULL, NULL, NULL, NULL, NULL),
	(564, 'Khilkhet Thana', 'খিলখেত থানা', 3, 65, '1', 'Active', NULL, NULL, NULL, NULL, NULL, NULL),
	(565, 'Kotwali Thana (Dhaka)', 'কতোয়াখালি থানা', 3, 65, '1', 'Active', NULL, NULL, NULL, NULL, NULL, NULL),
	(566, 'Lalbagh Thana', 'লালবাগ থানা', 3, 65, '1', 'Active', NULL, NULL, NULL, NULL, NULL, NULL),
	(567, 'Mirpur Model Thana', 'মিরপুর থানা', 3, 65, '1', 'Active', NULL, NULL, NULL, NULL, NULL, NULL),
	(568, 'Mohammadpur Thana', 'মোহাম্মাদপুর থানা', 3, 65, '1', 'Active', NULL, NULL, NULL, NULL, NULL, NULL),
	(569, 'Motijheel Thana', 'মতিঝিল থানা', 3, 65, '1', 'Active', NULL, NULL, NULL, NULL, NULL, NULL),
	(570, 'New Market Thana', 'নিউ মার্কেট থানা', 3, 65, '1', 'Active', NULL, NULL, NULL, NULL, NULL, NULL),
	(571, 'Pallabi Thana', 'পল্লবি থানা', 3, 65, '1', 'Active', NULL, NULL, NULL, NULL, NULL, NULL),
	(572, 'Paltan Thana', 'পল্টন থানা', 3, 65, '1', 'Active', NULL, NULL, NULL, NULL, NULL, NULL),
	(573, 'Panthapath Thana', 'পান্থপথ থানা', 3, 65, '1', 'Active', NULL, NULL, NULL, NULL, NULL, NULL),
	(574, 'Ramna Thana', 'রমনা থানা', 3, 65, '1', 'Active', NULL, NULL, NULL, NULL, NULL, NULL),
	(575, 'Rampura Thana', 'রামপুরা থানা', 3, 65, '1', 'Active', NULL, NULL, NULL, NULL, NULL, NULL),
	(576, 'Sabujbagh Thana', 'সবুজবাগ থানা', 3, 65, '1', 'Active', NULL, NULL, NULL, NULL, NULL, NULL),
	(577, 'Shah Ali Thana', 'সাহ্‌ আলী থানা', 3, 65, '1', 'Active', NULL, NULL, NULL, NULL, NULL, NULL),
	(578, 'Shahbag Thana', 'শাহ্‌বাগ থানা', 3, 65, '1', 'Active', NULL, NULL, NULL, NULL, NULL, NULL),
	(579, 'Sher-e-Bangla Nagar', 'শেরে-ই-বাংলা নগর থানা', 3, 65, '1', 'Active', NULL, NULL, NULL, NULL, NULL, NULL),
	(580, 'Shyampur Thana', 'শ্যামপুর থানা', 3, 65, '1', 'Active', NULL, NULL, NULL, NULL, NULL, NULL),
	(581, 'Sutrapur Thana', 'সুত্রাপুর থানা', 3, 65, '1', 'Active', NULL, NULL, NULL, NULL, NULL, NULL),
	(582, 'Tejgaon Industrial Area Thana', 'তেজগাঁও ইন্ডাস্ট্রিয়াল থানা', 3, 65, '1', 'Active', NULL, NULL, NULL, NULL, NULL, NULL),
	(583, 'Tejgaon Thana', 'তেজগাঁও থানা', 3, 65, '1', 'Active', NULL, NULL, NULL, NULL, NULL, NULL),
	(584, 'Turag Thana', 'তুরাগ থানা', 3, 65, '1', 'Active', NULL, NULL, NULL, NULL, NULL, NULL),
	(585, 'Uttar Khan Thana', 'উত্তর খান থানা', 3, 65, '1', 'Active', NULL, NULL, NULL, NULL, NULL, NULL),
	(586, 'Uttara West Thana', 'উত্তরা পশ্চিম থানা', 3, 65, '1', 'Active', NULL, NULL, NULL, NULL, NULL, NULL),
	(587, 'Vatara Thana', 'ভাটারা থানা', 3, 65, '1', 'Active', NULL, NULL, NULL, NULL, NULL, NULL),
	(588, 'Wari Thana', 'ওয়ারি থানা', 3, 65, '1', 'Active', NULL, NULL, NULL, NULL, NULL, NULL),
	(589, 'Uttara East Thana', 'উত্তরা পূর্ব থানা', 3, 65, '1', 'Active', NULL, NULL, NULL, NULL, NULL, NULL),
	(590, 'Dakshinkhan Thana', 'দক্ষিনখান থানা', 3, 65, '1', 'Active', NULL, NULL, NULL, NULL, NULL, NULL),
	(591, 'Gulshan Thana', 'গুলশান থানা', 3, 65, '1', 'Active', NULL, NULL, NULL, NULL, NULL, NULL),
	(592, 'Banani Thana', 'বনানী থানা', 3, 65, '1', 'Active', NULL, NULL, NULL, NULL, NULL, NULL),
	(593, 'JATRABARI', 'যাত্রাবাড়ী', 3, 65, '1', 'Active', NULL, NULL, NULL, NULL, NULL, NULL),
	(594, 'Akbarshah Thana', 'আকবরশাহ থানা', 2, 66, '1', 'Active', NULL, NULL, NULL, NULL, NULL, NULL),
	(595, 'Bakoliya Thana', 'বাকলিয়া থানা', 2, 66, '1', 'Active', NULL, NULL, NULL, NULL, NULL, NULL),
	(596, 'Bandar Thana', 'বন্দর থানা', 2, 66, '1', 'Active', NULL, NULL, NULL, NULL, NULL, NULL),
	(597, 'Bayazid Thana', 'বায়জিদ  থানা', 2, 66, '1', 'Active', NULL, NULL, NULL, NULL, NULL, NULL),
	(598, 'Bhujpur Thana', 'ভুজপুর থানা', 2, 66, '1', 'Active', NULL, NULL, NULL, NULL, NULL, NULL),
	(599, 'Chandgaon Thana', 'চান্দগাও থানা', 2, 66, '1', 'Active', NULL, NULL, NULL, NULL, NULL, NULL),
	(600, 'Chaowkbazar Thana', 'চকবাজার থানা', 2, 66, '1', 'Active', NULL, NULL, NULL, NULL, NULL, NULL),
	(601, 'Chittagong Kotwali Thana', 'চিটাগাং থানা', 2, 66, '1', 'Active', NULL, NULL, NULL, NULL, NULL, NULL),
	(602, 'Double Mooring Thana', 'ডাবল মর্নিং থানা', 2, 66, '1', 'Active', NULL, NULL, NULL, NULL, NULL, NULL),
	(603, 'EPZ Thana Thana', 'ইপিজেড থানা', 2, 66, '1', 'Active', NULL, NULL, NULL, NULL, NULL, NULL),
	(604, 'Halishahar Thana', 'হালিশাহার থানা', 2, 66, '1', 'Active', NULL, NULL, NULL, NULL, NULL, NULL),
	(605, 'Karnaphuli Thana', 'কর্ণফুলি থানা', 2, 66, '1', 'Active', NULL, NULL, NULL, NULL, NULL, NULL),
	(606, 'Khulshi Thana', 'খুলসি থানা', 2, 66, '1', 'Active', NULL, NULL, NULL, NULL, NULL, NULL),
	(607, 'Kotwali Thana (Chittagong)', 'কতোয়াখালি থানা', 2, 66, '1', 'Active', NULL, NULL, NULL, NULL, NULL, NULL),
	(608, 'Pahartali Thana', 'পাহারতলি থানা', 2, 66, '1', 'Active', NULL, NULL, NULL, NULL, NULL, NULL),
	(609, 'Panchlaish Thana', 'পাঞ্চলাইস থানা', 2, 66, '1', 'Active', NULL, NULL, NULL, NULL, NULL, NULL),
	(610, 'Patenga Thana', 'পতেংগা থানা', 2, 66, '1', 'Active', NULL, NULL, NULL, NULL, NULL, NULL),
	(611, 'Khulna Sadar Thana', 'খুলনা সদর থানা', 4, 68, '1', 'Active', NULL, NULL, NULL, NULL, NULL, NULL),
	(612, 'Sonadanga Thana', 'সোনাডাঙ্গা থানা', 4, 68, '1', 'Active', NULL, NULL, NULL, NULL, NULL, NULL),
	(613, 'Daulatpur Thana', 'দৌলতপুর থানা', 4, 68, '1', 'Active', NULL, NULL, NULL, NULL, NULL, NULL),
	(614, 'Khalishpur Thana', 'খালিশপুর থানা', 4, 68, '1', 'Active', NULL, NULL, NULL, NULL, NULL, NULL),
	(615, 'Khan Jahan Ali Thana', 'খান জাহান আলী থানা', 4, 68, '1', 'Active', NULL, NULL, NULL, NULL, NULL, NULL),
	(616, 'Labanchara Thana', 'লবনছড়া থানা', 4, 68, '1', 'Active', NULL, NULL, NULL, NULL, NULL, NULL),
	(617, 'Harintana Thana', 'হরিণটানা থানা', 4, 68, '1', 'Active', NULL, NULL, NULL, NULL, NULL, NULL),
	(618, 'Aranghata Thana', 'আড়ংঘাটা থানা', 4, 68, '1', 'Active', NULL, NULL, NULL, NULL, NULL, NULL),
	(619, 'Sadar Thana', 'সদর/জয়দেবপুর থানা', 3, 72, '1', 'Active', NULL, NULL, NULL, NULL, NULL, NULL),
	(620, 'Bason Thana', 'বাসন থানা', 3, 72, '1', 'Active', NULL, NULL, NULL, NULL, NULL, NULL),
	(621, 'Konabari Thana', 'কোনাবাড়ী থানা', 3, 72, '1', 'Active', NULL, NULL, NULL, NULL, NULL, NULL),
	(622, 'Kashimpur Thana', 'কাশিমপুর থানা', 3, 72, '1', 'Active', NULL, NULL, NULL, NULL, NULL, NULL),
	(623, 'Gacha Thana', 'গাছা থানা', 3, 72, '1', 'Active', NULL, NULL, NULL, NULL, NULL, NULL),
	(624, 'Pubail Thana', 'পূবাইল থানা', 3, 72, '1', 'Active', NULL, NULL, NULL, NULL, NULL, NULL),
	(625, 'Tongi West Thana', 'টঙ্গী পশ্চিম থানা', 3, 72, '1', 'Active', NULL, NULL, NULL, NULL, NULL, NULL),
	(626, 'Tongi East Thana', 'টঙ্গী পূর্ব থানা', 3, 72, '1', 'Active', NULL, NULL, NULL, NULL, NULL, NULL),
	(627, 'KOTWALI MODEL THANA', 'কোতোয়ালি মডেল থানা', 1, 69, '1', 'Active', NULL, NULL, NULL, NULL, NULL, NULL),
	(628, 'AIRPORT THANA (BARISHAL)', 'বিমানবন্দর থানা (বরিশাল)', 1, 69, '1', 'Active', NULL, NULL, NULL, NULL, NULL, NULL),
	(629, 'KAWNIA THANA', 'কাউনিয়া থানা', 1, 69, '1', 'Active', NULL, NULL, NULL, NULL, NULL, NULL),
	(630, 'BANDAR THANA (BASISHAL)', 'বন্দর থানা (বরিশাল)', 1, 69, '1', 'Active', NULL, NULL, NULL, NULL, NULL, NULL),
	(631, 'RUPATALI THANA', 'রুপতালী থানা', 1, 69, '1', 'Active', NULL, NULL, NULL, NULL, NULL, NULL),
	(632, 'BARISAL UNIVERSITY THANA', 'বরিশাল বিশ্ববিদ্যালয় থানা', 1, 69, '1', 'Active', NULL, NULL, NULL, NULL, NULL, NULL),
	(633, 'CHARMONAI THANA', 'চরমোনাই থানা', 1, 69, '1', 'Active', NULL, NULL, NULL, NULL, NULL, NULL),
	(634, 'KASHIPUR THANA', 'কাশীপুর থানা', 1, 69, '1', 'Active', NULL, NULL, NULL, NULL, NULL, NULL),
	(635, 'BOALIA THANA', 'বোয়ালিয়া থানা', 5, 67, '1', 'Active', NULL, NULL, NULL, NULL, NULL, NULL),
	(636, 'RAJPARA THANA', 'রাজপাড়া থানা', 5, 67, '1', 'Active', NULL, NULL, NULL, NULL, NULL, NULL),
	(637, 'MOTIHAR THANA', 'মতিহার থানা', 5, 67, '1', 'Active', NULL, NULL, NULL, NULL, NULL, NULL),
	(638, 'SHAHMUKHDUM THANA', 'শাহমখদুম থানা', 5, 67, '1', 'Active', NULL, NULL, NULL, NULL, NULL, NULL),
	(639, 'CHANDRIMA THANA', 'চন্দ্রিমা থানা', 5, 67, '1', 'Active', NULL, NULL, NULL, NULL, NULL, NULL),
	(640, 'KASIADANGA THANA', 'কাসিয়াডাঙ্গা থানা', 5, 67, '1', 'Active', NULL, NULL, NULL, NULL, NULL, NULL),
	(641, 'KATAKHALI THANA', 'কাটাখালী থানা', 5, 67, '1', 'Active', NULL, NULL, NULL, NULL, NULL, NULL),
	(642, 'BELPUKUR THANA', 'বেলপুকুর থানা', 5, 67, '1', 'Active', NULL, NULL, NULL, NULL, NULL, NULL),
	(643, 'AIRPORT THANA (RAJSHAHI)', 'বিমানবন্দর থানা (রাজশাহী)', 5, 67, '1', 'Active', NULL, NULL, NULL, NULL, NULL, NULL),
	(644, 'KARNAHAR THANA', 'করমহর থানা', 5, 67, '1', 'Active', NULL, NULL, NULL, NULL, NULL, NULL),
	(645, 'DAMKURA THANA', 'দামকুঁড়া থানা', 5, 67, '1', 'Active', NULL, NULL, NULL, NULL, NULL, NULL),
	(646, 'PABA THANA', 'পবা থানা', 5, 67, '1', 'Active', NULL, NULL, NULL, NULL, NULL, NULL),
	(647, 'KOTWALI THANA', 'কোতয়ালি থানা', 6, 71, '1', 'Active', NULL, NULL, NULL, NULL, NULL, NULL),
	(648, 'PARSHURAM THANA', 'পরশুরাম থানা', 6, 71, '1', 'Active', NULL, NULL, NULL, NULL, NULL, NULL),
	(649, 'HARAGACH THANA', 'হারাগাছ থানা', 6, 71, '1', 'Active', NULL, NULL, NULL, NULL, NULL, NULL),
	(650, 'TAJHAT THANA', 'তাজহাট থানা', 6, 71, '1', 'Active', NULL, NULL, NULL, NULL, NULL, NULL),
	(651, 'MAHIGANJ THANA', 'মাহিগঞ্জ থানা', 6, 71, '1', 'Active', NULL, NULL, NULL, NULL, NULL, NULL),
	(652, 'HAJIRHAT THANA', 'হাজীরহাট থানা', 6, 71, '1', 'Active', NULL, NULL, NULL, NULL, NULL, NULL),
	(653, 'KOTWALI MODEL THANA (SYLHET)', 'কোতোয়ালি মডেল থানা  (সিলেট)', 8, 70, '1', 'Active', NULL, NULL, NULL, NULL, NULL, NULL),
	(654, 'JALALABAD THANA', 'জালালাবাদ থানা', 8, 70, '1', 'Active', NULL, NULL, NULL, NULL, NULL, NULL),
	(655, 'AIRPORT THANA (SYLHET)', 'বিমানবন্দর থানা (সিলেট)', 8, 70, '1', 'Active', NULL, NULL, NULL, NULL, NULL, NULL),
	(656, 'MOGLABAZAR THANA', 'মোগলাবাজার থানা', 8, 70, '1', 'Active', NULL, NULL, NULL, NULL, NULL, NULL),
	(657, 'SOUTH SURMA THANA', 'দক্ষিণ সুরমা থানা', 8, 70, '1', 'Active', NULL, NULL, NULL, NULL, NULL, NULL),
	(658, 'SHAH PORAN (R.) THANA', 'শাহ পোরাণ (আর) থানা', 8, 70, '1', 'Active', NULL, NULL, NULL, NULL, NULL, NULL),
	(659, 'Bhasantek Thana', 'ভাষানটেক থানা', 3, 65, '1', 'Active', 1, NULL, NULL, '2021-05-04 05:37:04', '2021-05-04 05:37:04', NULL),
	(660, '', 'রাণীশংকৈল', 6, 33, '4', 'Active', 1, NULL, NULL, '2021-05-24 14:31:04', '2021-05-24 14:31:04', NULL),
	(661, '', 'ফতুল্লা', 3, 11, '4', 'Active', 10, NULL, NULL, '2021-08-24 15:40:47', '2021-08-24 15:40:47', NULL),
	(662, '', 'বন্দর', 2, 43, '4', 'Active', 10, NULL, NULL, '2021-08-25 09:38:12', '2021-08-25 09:38:12', NULL),
	(663, '', 'বিরল', 6, 26, '7', 'Active', 10, NULL, NULL, '2021-08-26 11:47:33', '2021-08-26 11:47:33', NULL),
	(664, '', 'চিলাহাটি', 6, 30, '4', 'Active', 10, NULL, NULL, '2021-08-26 11:57:09', '2021-08-26 11:57:09', NULL);

-- Dumping structure for table rent_room_bd.bank_details
CREATE TABLE IF NOT EXISTS `bank_details` (
  `id` bigint unsigned NOT NULL AUTO_INCREMENT,
  `user_id` bigint unsigned NOT NULL,
  `name` varchar(255) COLLATE utf8mb4_unicode_ci DEFAULT NULL,
  `sort_code` varchar(255) COLLATE utf8mb4_unicode_ci DEFAULT NULL,
  `account` varchar(255) COLLATE utf8mb4_unicode_ci DEFAULT NULL,
  `created_at` timestamp NULL DEFAULT NULL,
  `updated_at` timestamp NULL DEFAULT NULL,
  PRIMARY KEY (`id`),
  KEY `bank_details_user_id_foreign` (`user_id`),
  CONSTRAINT `bank_details_user_id_foreign` FOREIGN KEY (`user_id`) REFERENCES `users` (`id`) ON DELETE CASCADE
) ENGINE=InnoDB DEFAULT CHARSET=utf8mb4 COLLATE=utf8mb4_unicode_ci;

-- Dumping data for table rent_room_bd.bank_details: ~0 rows (approximately)

-- Dumping structure for table rent_room_bd.bookings
CREATE TABLE IF NOT EXISTS `bookings` (
  `id` bigint unsigned NOT NULL AUTO_INCREMENT,
  `user_id` bigint unsigned NOT NULL,
  `package_id` bigint unsigned NOT NULL,
  `from_date` date DEFAULT NULL,
  `to_date` date DEFAULT NULL,
  `number_of_days` int NOT NULL,
  `price_type` varchar(255) COLLATE utf8mb4_unicode_ci NOT NULL,
  `total_milestones` int DEFAULT NULL,
  `milestone_amount` decimal(10,2) DEFAULT NULL,
  `milestone_breakdown` json DEFAULT NULL,
  `price` decimal(10,2) NOT NULL,
  `booking_price` decimal(10,2) NOT NULL,
  `payment_option` varchar(255) COLLATE utf8mb4_unicode_ci NOT NULL,
  `total_amount` decimal(10,2) NOT NULL,
  `status` enum('pending','approved','rejected','cancelled') COLLATE utf8mb4_unicode_ci NOT NULL DEFAULT 'pending',
  `payment_status` varchar(255) COLLATE utf8mb4_unicode_ci NOT NULL DEFAULT 'not_paid',
  `created_at` timestamp NULL DEFAULT NULL,
  `updated_at` timestamp NULL DEFAULT NULL,
  `room_ids` json DEFAULT NULL,
  `auto_renewal` tinyint(1) NOT NULL DEFAULT '0',
  `renewal_period_days` int DEFAULT NULL,
  `next_renewal_date` timestamp NULL DEFAULT NULL,
  `last_renewal_date` timestamp NULL DEFAULT NULL,
  `renewal_status` varchar(255) COLLATE utf8mb4_unicode_ci DEFAULT NULL,
  PRIMARY KEY (`id`),
  KEY `bookings_user_id_foreign` (`user_id`),
  KEY `bookings_package_id_foreign` (`package_id`),
  CONSTRAINT `bookings_package_id_foreign` FOREIGN KEY (`package_id`) REFERENCES `packages` (`id`) ON DELETE CASCADE,
  CONSTRAINT `bookings_user_id_foreign` FOREIGN KEY (`user_id`) REFERENCES `users` (`id`) ON DELETE CASCADE
) ENGINE=InnoDB AUTO_INCREMENT=47 DEFAULT CHARSET=utf8mb4 COLLATE=utf8mb4_unicode_ci;

-- Dumping data for table rent_room_bd.bookings: ~27 rows (approximately)
INSERT INTO `bookings` (`id`, `user_id`, `package_id`, `from_date`, `to_date`, `number_of_days`, `price_type`, `total_milestones`, `milestone_amount`, `milestone_breakdown`, `price`, `booking_price`, `payment_option`, `total_amount`, `status`, `payment_status`, `created_at`, `updated_at`, `room_ids`, `auto_renewal`, `renewal_period_days`, `next_renewal_date`, `last_renewal_date`, `renewal_status`) VALUES
	(7, 1, 12, '2025-05-23', '2025-05-27', 4, 'Month', NULL, NULL, NULL, 500.00, 100.00, 'booking_only', 100.00, 'approved', 'pending', '2025-05-24 03:42:56', '2025-05-24 03:43:50', '"[11]"', 0, 30, NULL, NULL, NULL),
	(8, 1, 10, '2025-05-27', '2025-05-30', 3, 'Day', NULL, NULL, NULL, 2100.00, 500.00, 'booking_only', 500.00, 'approved', 'pending', '2025-05-24 03:45:54', '2025-05-24 03:46:14', '"[10]"', 0, 30, NULL, NULL, NULL),
	(9, 1, 13, '2025-05-23', '2025-05-27', 4, 'Month', NULL, NULL, NULL, 500.00, 100.00, 'full', 600.00, 'approved', 'pending', '2025-05-24 04:23:50', '2025-06-04 04:58:49', '"[12]"', 0, 30, NULL, NULL, NULL),
	(10, 3, 20, '2025-06-03', '2025-06-14', 11, 'Month', NULL, NULL, NULL, 1000.00, 500.00, 'booking_only', 500.00, 'approved', 'pending', '2025-06-04 02:31:24', '2025-06-04 02:34:05', '"[19]"', 0, 30, NULL, NULL, NULL),
	(11, 3, 20, '2025-06-14', '2025-06-16', 2, 'Month', NULL, NULL, NULL, 1000.00, 500.00, 'booking_only', 500.00, 'approved', 'pending', '2025-06-04 04:56:43', '2025-06-04 04:57:56', '"[19]"', 0, 30, NULL, NULL, NULL),
	(12, 3, 19, '2025-06-06', '2025-06-15', 9, 'Month', NULL, NULL, NULL, 500.00, 1000.00, 'booking_only', 1000.00, 'pending', 'pending', '2025-06-07 05:59:34', '2025-06-07 05:59:34', '"[18]"', 0, 30, NULL, NULL, NULL),
	(13, 3, 19, '2025-06-15', '2025-06-23', 8, 'Month', NULL, NULL, NULL, 500.00, 1000.00, 'booking_only', 1000.00, 'pending', 'pending', '2025-06-13 23:19:24', '2025-06-13 23:19:24', '"[18]"', 0, 30, NULL, NULL, NULL),
	(14, 6, 20, '2025-06-16', '2025-06-23', 7, 'Month', NULL, NULL, NULL, 1000.00, 500.00, 'booking_only', 500.00, 'pending', 'pending', '2025-06-15 00:46:53', '2025-06-15 00:46:53', '"[19]"', 0, 30, NULL, NULL, NULL),
	(15, 6, 20, '2025-06-23', '2025-06-29', 6, 'Month', NULL, NULL, NULL, 1000.00, 500.00, 'booking_only', 500.00, 'pending', 'pending', '2025-06-17 07:00:15', '2025-06-17 07:00:15', '"[19]"', 0, 30, NULL, NULL, NULL),
	(16, 6, 20, '2025-06-29', '2025-07-01', 2, 'Month', NULL, NULL, NULL, 1000.00, 500.00, 'booking_only', 500.00, 'pending', 'pending', '2025-06-17 08:28:00', '2025-06-17 08:28:00', '"[19]"', 0, 30, NULL, NULL, NULL),
	(20, 6, 14, '2025-06-17', '2025-06-22', 5, 'Month', NULL, NULL, NULL, 500.00, 200.00, 'booking_only', 200.00, 'pending', 'pending', '2025-06-18 06:51:52', '2025-06-18 06:51:52', '"[13]"', 0, 30, NULL, NULL, NULL),
	(21, 6, 21, '2025-06-17', '2025-06-22', 5, 'Month', NULL, NULL, NULL, 5000.00, 1000.00, 'booking_only', 1000.00, 'pending', 'pending', '2025-06-18 06:55:09', '2025-06-18 06:55:09', '"[21]"', 0, 30, NULL, NULL, NULL),
	(22, 6, 20, '2025-07-01', '2025-08-04', 34, 'Month', NULL, NULL, NULL, 2000.00, 500.00, 'booking_only', 500.00, 'pending', 'pending', '2025-06-18 07:49:05', '2025-06-18 07:49:05', '"[19]"', 0, 30, NULL, NULL, NULL),
	(23, 6, 20, '2025-08-04', '2025-08-12', 8, 'Month', NULL, NULL, NULL, 1000.00, 500.00, 'booking_only', 500.00, 'pending', 'pending', '2025-06-19 05:33:27', '2025-06-19 05:33:27', '"[19]"', 0, 30, NULL, NULL, NULL),
	(24, 6, 19, '2025-06-23', '2025-06-29', 6, 'Month', NULL, NULL, NULL, 500.00, 1000.00, 'booking_only', 1000.00, 'pending', 'pending', '2025-06-20 23:11:21', '2025-06-20 23:11:21', '"[18]"', 0, 30, NULL, NULL, NULL),
	(25, 6, 21, '2025-06-20', '2025-06-22', 2, 'Month', NULL, NULL, NULL, 6000.00, 1000.00, 'booking_only', 1000.00, 'approved', 'partially_paid', '2025-06-21 02:24:41', '2025-06-21 02:32:30', '"[20]"', 0, 30, NULL, NULL, NULL),
	(26, 6, 16, '2025-06-20', '2025-06-24', 4, 'Month', NULL, NULL, NULL, 700.00, 200.00, 'full', 900.00, 'pending', 'partially_paid', '2025-06-21 02:35:15', '2025-06-21 02:43:21', '"[15]"', 0, 30, NULL, NULL, NULL),
	(27, 6, 15, '2025-06-20', '2025-06-22', 2, 'Month', NULL, NULL, NULL, 450.00, 200.00, 'booking_only', 200.00, 'pending', 'paid', '2025-06-21 03:11:41', '2025-06-21 03:16:06', '"[14]"', 0, 30, NULL, NULL, NULL),
	(28, 6, 13, '2025-06-20', '2025-06-22', 2, 'Month', NULL, NULL, NULL, 500.00, 100.00, 'booking_only', 100.00, 'pending', 'pending', '2025-06-21 03:17:22', '2025-06-21 03:19:42', '"[12]"', 0, 30, NULL, NULL, NULL),
	(29, 6, 10, '2025-06-20', '2025-06-29', 9, 'Week', NULL, NULL, NULL, 300.00, 100.00, 'booking_only', 100.00, 'pending', 'pending', '2025-06-21 03:53:32', '2025-06-21 03:53:32', '"[10]"', 0, 30, NULL, NULL, NULL),
	(31, 6, 12, '2025-06-21', '2025-06-29', 8, 'Month', NULL, NULL, NULL, 500.00, 100.00, 'booking_only', 100.00, 'pending', 'pending', '2025-06-21 04:17:05', '2025-06-21 04:17:05', '"[11]"', 0, 30, NULL, NULL, NULL),
	(32, 6, 17, '2025-06-20', '2025-06-22', 2, 'Month', NULL, NULL, NULL, 4500.00, 500.00, 'booking_only', 500.00, 'pending', 'pending', '2025-06-21 05:57:47', '2025-06-21 05:57:47', '"[16]"', 0, 30, NULL, NULL, NULL),
	(33, 6, 18, '2025-06-20', '2025-06-22', 2, 'Month', NULL, NULL, NULL, 4500.00, 2000.00, 'booking_only', 2000.00, 'pending', 'pending', '2025-06-21 06:04:30', '2025-06-21 06:04:30', '"[17]"', 0, 30, NULL, NULL, NULL),
	(34, 6, 16, '2025-06-24', '2025-06-29', 5, 'Month', NULL, NULL, NULL, 700.00, 200.00, 'full', 900.00, 'pending', 'pending', '2025-06-21 06:06:03', '2025-06-21 06:06:03', '"[15]"', 0, 30, NULL, NULL, NULL),
	(35, 6, 18, '2025-06-22', '2025-06-24', 2, 'Month', NULL, NULL, NULL, 4500.00, 2000.00, 'full', 6500.00, 'pending', 'pending', '2025-06-21 06:10:24', '2025-06-21 06:10:24', '"[17]"', 0, 30, NULL, NULL, NULL),
	(36, 6, 10, '2025-06-29', '2025-07-01', 2, 'Day', NULL, NULL, NULL, 1400.00, 500.00, 'booking_only', 500.00, 'pending', 'partially_paid', '2025-06-21 06:37:58', '2025-06-21 06:57:40', '"[10]"', 0, 30, NULL, NULL, NULL),
	(43, 6, 22, '2025-06-23', '2025-06-25', 2, 'Day', NULL, NULL, NULL, 2430.00, 750.00, 'booking_only', 780.00, 'pending', 'pending', '2025-06-23 22:31:21', '2025-06-23 22:31:21', '"[23]"', 0, 30, NULL, NULL, NULL),
	(44, 6, 21, '2025-06-23', '2025-06-25', 2, 'Month', NULL, NULL, NULL, 6023.00, 1000.00, 'full', 7023.00, 'pending', 'pending', '2025-06-23 22:34:31', '2025-06-23 22:34:31', '"[20]"', 0, 30, NULL, NULL, NULL),
	(45, 16, 25, '2025-06-29', '2025-07-01', 2, 'Month', NULL, NULL, NULL, 15108.00, 2000.00, 'booking_only', 2108.00, 'pending', 'pending', '2025-06-30 03:26:50', '2025-06-30 03:26:50', '"[27]"', 0, 30, NULL, NULL, NULL),
	(46, 16, 12, '2025-06-29', '2025-07-02', 3, 'Month', NULL, NULL, NULL, 500.00, 100.00, 'full', 600.00, 'pending', 'pending', '2025-06-30 03:39:32', '2025-06-30 03:39:32', '"[11]"', 0, 30, NULL, NULL, NULL);

-- Dumping structure for table rent_room_bd.booking_amenities
CREATE TABLE IF NOT EXISTS `booking_amenities` (
  `id` bigint unsigned NOT NULL AUTO_INCREMENT,
  `booking_id` bigint unsigned NOT NULL,
  `amenity_id` bigint unsigned NOT NULL,
  `price` decimal(10,2) NOT NULL,
  `created_at` timestamp NULL DEFAULT NULL,
  `updated_at` timestamp NULL DEFAULT NULL,
  PRIMARY KEY (`id`),
  KEY `booking_amenities_booking_id_foreign` (`booking_id`),
  KEY `booking_amenities_amenity_id_foreign` (`amenity_id`),
  CONSTRAINT `booking_amenities_amenity_id_foreign` FOREIGN KEY (`amenity_id`) REFERENCES `amenities` (`id`) ON DELETE CASCADE,
  CONSTRAINT `booking_amenities_booking_id_foreign` FOREIGN KEY (`booking_id`) REFERENCES `bookings` (`id`) ON DELETE CASCADE
) ENGINE=InnoDB AUTO_INCREMENT=4 DEFAULT CHARSET=utf8mb4 COLLATE=utf8mb4_unicode_ci;

-- Dumping data for table rent_room_bd.booking_amenities: ~2 rows (approximately)
INSERT INTO `booking_amenities` (`id`, `booking_id`, `amenity_id`, `price`, `created_at`, `updated_at`) VALUES
	(1, 43, 1, 10.00, '2025-06-23 22:31:21', '2025-06-23 22:31:21'),
	(2, 44, 1, 23.00, '2025-06-23 22:34:31', '2025-06-23 22:34:31'),
	(3, 45, 1, 64.00, '2025-06-30 03:26:50', '2025-06-30 03:26:50');

-- Dumping structure for table rent_room_bd.booking_maintains
CREATE TABLE IF NOT EXISTS `booking_maintains` (
  `id` bigint unsigned NOT NULL AUTO_INCREMENT,
  `booking_id` bigint unsigned NOT NULL,
  `maintain_id` bigint unsigned NOT NULL,
  `price` decimal(10,2) NOT NULL,
  `created_at` timestamp NULL DEFAULT NULL,
  `updated_at` timestamp NULL DEFAULT NULL,
  PRIMARY KEY (`id`),
  KEY `booking_maintains_booking_id_foreign` (`booking_id`),
  KEY `booking_maintains_maintain_id_foreign` (`maintain_id`),
  CONSTRAINT `booking_maintains_booking_id_foreign` FOREIGN KEY (`booking_id`) REFERENCES `bookings` (`id`) ON DELETE CASCADE,
  CONSTRAINT `booking_maintains_maintain_id_foreign` FOREIGN KEY (`maintain_id`) REFERENCES `maintains` (`id`) ON DELETE CASCADE
) ENGINE=InnoDB AUTO_INCREMENT=3 DEFAULT CHARSET=utf8mb4 COLLATE=utf8mb4_unicode_ci;

-- Dumping data for table rent_room_bd.booking_maintains: ~0 rows (approximately)
INSERT INTO `booking_maintains` (`id`, `booking_id`, `maintain_id`, `price`, `created_at`, `updated_at`) VALUES
	(1, 43, 1, 20.00, '2025-06-23 22:31:21', '2025-06-23 22:31:21'),
	(2, 45, 2, 44.00, '2025-06-30 03:26:50', '2025-06-30 03:26:50');

-- Dumping structure for table rent_room_bd.booking_payments
CREATE TABLE IF NOT EXISTS `booking_payments` (
  `id` bigint unsigned NOT NULL AUTO_INCREMENT,
  `booking_id` bigint unsigned DEFAULT NULL,
  `milestone_type` varchar(255) COLLATE utf8mb4_unicode_ci DEFAULT NULL,
  `milestone_number` int DEFAULT NULL,
  `due_date` date DEFAULT NULL,
  `amount` decimal(10,2) DEFAULT NULL,
  `payment_status` varchar(255) COLLATE utf8mb4_unicode_ci NOT NULL DEFAULT 'pending',
  `payment_method` varchar(255) COLLATE utf8mb4_unicode_ci DEFAULT NULL,
  `transaction_reference` varchar(255) COLLATE utf8mb4_unicode_ci DEFAULT NULL,
  `paid_at` timestamp NULL DEFAULT NULL,
  `created_at` timestamp NULL DEFAULT NULL,
  `updated_at` timestamp NULL DEFAULT NULL,
  `is_booking_fee` tinyint(1) NOT NULL DEFAULT '0',
  `start_date` date DEFAULT NULL,
  `end_date` date DEFAULT NULL,
  PRIMARY KEY (`id`),
  KEY `booking_payments_booking_id_foreign` (`booking_id`),
  CONSTRAINT `booking_payments_booking_id_foreign` FOREIGN KEY (`booking_id`) REFERENCES `bookings` (`id`) ON DELETE CASCADE
) ENGINE=InnoDB AUTO_INCREMENT=94 DEFAULT CHARSET=utf8mb4 COLLATE=utf8mb4_unicode_ci;

-- Dumping data for table rent_room_bd.booking_payments: ~57 rows (approximately)
INSERT INTO `booking_payments` (`id`, `booking_id`, `milestone_type`, `milestone_number`, `due_date`, `amount`, `payment_status`, `payment_method`, `transaction_reference`, `paid_at`, `created_at`, `updated_at`, `is_booking_fee`, `start_date`, `end_date`) VALUES
	(13, 7, 'Booking Fee', 0, '2025-05-24', 100.00, 'pending', 'bank_transfer', NULL, NULL, '2025-05-24 03:42:56', '2025-05-24 03:42:56', 0, NULL, NULL),
	(14, 7, 'Month', 1, '2025-05-23', 500.00, 'pending', 'bank_transfer', 'test', NULL, '2025-05-24 03:42:56', '2025-05-24 03:42:56', 0, NULL, NULL),
	(15, 8, 'Booking Fee', 0, '2025-05-24', 500.00, 'pending', 'bank_transfer', NULL, NULL, '2025-05-24 03:45:54', '2025-05-24 03:45:54', 0, NULL, NULL),
	(16, 8, 'Day', 1, '2025-05-27', 2100.00, 'pending', 'bank_transfer', 'test420', NULL, '2025-05-24 03:45:54', '2025-05-24 03:45:54', 0, NULL, NULL),
	(17, 9, 'Booking Fee', 0, '2025-05-24', 100.00, 'pending', 'bank_transfer', 'test357', NULL, '2025-05-24 04:23:50', '2025-05-24 04:23:50', 0, NULL, NULL),
	(18, 9, 'Month', 1, '2025-05-23', 500.00, 'pending', 'bank_transfer', 'test357', NULL, '2025-05-24 04:23:50', '2025-05-24 04:23:50', 0, NULL, NULL),
	(19, 10, 'Booking Fee', 0, '2025-06-04', 500.00, 'pending', 'bank_transfer', NULL, NULL, '2025-06-04 02:31:25', '2025-06-04 02:31:25', 0, NULL, NULL),
	(20, 10, 'Month', 1, '2025-06-03', 1000.00, 'pending', 'bank_transfer', 'mamoonpay', NULL, '2025-06-04 02:31:25', '2025-06-04 02:31:25', 0, NULL, NULL),
	(21, 11, 'Booking Fee', 0, '2025-06-04', 500.00, 'pending', 'bank_transfer', NULL, NULL, '2025-06-04 04:56:43', '2025-06-04 04:56:43', 0, NULL, NULL),
	(22, 11, 'Month', 1, '2025-06-14', 1000.00, 'pending', 'bank_transfer', 'mamoon', NULL, '2025-06-04 04:56:43', '2025-06-04 04:56:43', 0, NULL, NULL),
	(23, 12, 'Booking Fee', 0, '2025-06-07', 1000.00, 'pending', 'bank_transfer', NULL, NULL, '2025-06-07 05:59:34', '2025-06-07 05:59:34', 0, NULL, NULL),
	(24, 12, 'Month', 1, '2025-06-06', 500.00, 'pending', 'bank_transfer', 'test365', NULL, '2025-06-07 05:59:34', '2025-06-07 05:59:34', 0, NULL, NULL),
	(25, 13, 'Booking Fee', 0, '2025-06-14', 1000.00, 'pending', 'bank_transfer', NULL, NULL, '2025-06-13 23:19:24', '2025-06-13 23:19:24', 0, NULL, NULL),
	(26, 13, 'Month', 1, '2025-06-15', 500.00, 'pending', 'bank_transfer', 'mamoon', NULL, '2025-06-13 23:19:24', '2025-06-13 23:19:24', 0, NULL, NULL),
	(27, 14, 'Booking Fee', 0, '2025-06-15', 500.00, 'pending', 'bank_transfer', NULL, NULL, '2025-06-15 00:46:53', '2025-06-15 00:46:53', 0, NULL, NULL),
	(28, 14, 'Month', 1, '2025-06-16', 1000.00, 'pending', 'bank_transfer', 'test420', NULL, '2025-06-15 00:46:53', '2025-06-15 00:46:53', 0, NULL, NULL),
	(29, 15, 'Booking Fee', 0, '2025-06-17', 500.00, 'pending', 'card', NULL, NULL, '2025-06-17 07:00:15', '2025-06-17 07:00:15', 0, NULL, NULL),
	(30, 15, 'Month', 1, '2025-06-23', 1000.00, 'pending', 'card', NULL, NULL, '2025-06-17 07:00:15', '2025-06-17 07:00:15', 0, NULL, NULL),
	(31, 16, 'Booking Fee', 0, '2025-06-17', 500.00, 'pending', 'card', NULL, NULL, '2025-06-17 08:28:00', '2025-06-17 08:28:00', 0, NULL, NULL),
	(32, 16, 'Month', 1, '2025-06-29', 1000.00, 'pending', 'card', NULL, NULL, '2025-06-17 08:28:00', '2025-06-17 08:28:00', 0, NULL, NULL),
	(39, 20, 'Booking Fee', 0, '2025-06-18', 200.00, 'pending', 'bikash', NULL, NULL, '2025-06-18 06:51:52', '2025-06-18 06:51:52', 0, NULL, NULL),
	(40, 20, 'Month', 1, '2025-06-17', 500.00, 'pending', 'bikash', 'check420', NULL, '2025-06-18 06:51:52', '2025-06-18 06:51:52', 0, NULL, NULL),
	(41, 21, 'Booking Fee', 0, '2025-06-18', 1000.00, 'pending', 'nogod', NULL, NULL, '2025-06-18 06:55:09', '2025-06-18 06:55:09', 0, NULL, NULL),
	(42, 21, 'Month', 1, '2025-06-17', 5000.00, 'pending', 'nogod', 'mamoon0607036', NULL, '2025-06-18 06:55:09', '2025-06-18 06:55:09', 0, NULL, NULL),
	(43, 22, 'Booking Fee', 0, '2025-06-18', 500.00, 'pending', 'bikash', NULL, NULL, '2025-06-18 07:49:05', '2025-06-18 07:49:05', 0, NULL, NULL),
	(44, 22, 'Month', 1, '2025-07-01', 1000.00, 'pending', 'bikash', 'check42025314', NULL, '2025-06-18 07:49:05', '2025-06-18 07:49:05', 0, NULL, NULL),
	(45, 22, 'Month', 2, '2025-08-01', 1000.00, 'pending', 'bikash', NULL, NULL, '2025-06-18 07:49:05', '2025-06-18 07:49:05', 0, NULL, NULL),
	(46, 23, 'Booking Fee', 0, '2025-06-19', 500.00, 'pending', 'rocket', NULL, NULL, '2025-06-19 05:33:27', '2025-06-19 05:33:27', 0, NULL, NULL),
	(47, 23, 'Month', 1, '2025-08-04', 1000.00, 'pending', 'rocket', 'check420', NULL, '2025-06-19 05:33:27', '2025-06-19 05:33:27', 0, NULL, NULL),
	(48, 24, 'Booking Fee', 0, '2025-06-21', 1000.00, 'pending', 'rocket', NULL, NULL, '2025-06-20 23:11:21', '2025-06-20 23:11:21', 0, NULL, NULL),
	(49, 24, 'Month', 1, '2025-06-23', 500.00, 'pending', 'rocket', 'check42025314', NULL, '2025-06-20 23:11:21', '2025-06-20 23:11:21', 0, NULL, NULL),
	(50, 25, 'Booking Fee', 0, '2025-06-21', 1000.00, 'paid', 'nogod', 'check420', '2025-06-21 02:32:30', '2025-06-21 02:24:41', '2025-06-21 02:32:30', 0, NULL, NULL),
	(51, 25, 'Month', 1, '2025-06-20', 6000.00, 'pending', 'nogod', 'check420', NULL, '2025-06-21 02:24:41', '2025-06-21 02:24:41', 0, NULL, NULL),
	(52, 26, 'Booking Fee', 0, '2025-06-21', 200.00, 'pending', 'nogod', 'check42025314', NULL, '2025-06-21 02:35:15', '2025-06-21 02:35:15', 0, NULL, NULL),
	(53, 26, 'Month', 1, '2025-06-20', 700.00, 'pending', 'nogod', 'check42025314', NULL, '2025-06-21 02:35:15', '2025-06-21 02:35:15', 0, NULL, NULL),
	(54, 27, 'Booking Fee', 0, '2025-06-21', 200.00, 'paid', 'nogod', 'mamoon0607036', '2025-06-21 03:13:06', '2025-06-21 03:11:41', '2025-06-21 03:13:06', 0, NULL, NULL),
	(55, 27, 'Month', 1, '2025-06-20', 450.00, 'paid', 'nogod', 'fake354', '2025-06-21 03:16:06', '2025-06-21 03:11:41', '2025-06-21 03:16:06', 0, NULL, NULL),
	(56, 28, 'Booking Fee', 0, '2025-06-21', 100.00, 'paid', 'nogod', 'check420', '2025-06-21 03:18:16', '2025-06-21 03:17:22', '2025-06-21 03:18:16', 0, NULL, NULL),
	(57, 28, 'Month', 1, '2025-06-20', 500.00, 'pending', 'nogod', 'check420', NULL, '2025-06-21 03:17:22', '2025-06-21 03:17:22', 0, NULL, NULL),
	(58, 29, 'Booking Fee', 0, '2025-06-21', 100.00, 'pending', 'nogod', NULL, NULL, '2025-06-21 03:53:32', '2025-06-21 03:53:32', 0, NULL, NULL),
	(59, 29, 'Week', 1, '2025-06-20', 300.00, 'pending', 'nogod', 'check420', NULL, '2025-06-21 03:53:32', '2025-06-21 03:53:32', 0, NULL, NULL),
	(62, 31, 'Booking Fee', 0, '2025-06-21', 100.00, 'pending', 'bikash', NULL, NULL, '2025-06-21 04:17:05', '2025-06-21 04:17:05', 0, NULL, NULL),
	(63, 31, 'Month', 1, '2025-06-21', 500.00, 'pending', 'bikash', 'check420', NULL, '2025-06-21 04:17:05', '2025-06-21 04:17:05', 0, NULL, NULL),
	(64, 32, 'Booking Fee', 0, '2025-06-21', 500.00, 'pending', 'nogod', NULL, NULL, '2025-06-21 05:57:47', '2025-06-21 05:57:47', 0, NULL, NULL),
	(65, 32, 'Month', 1, '2025-06-20', 4500.00, 'pending', 'nogod', 'tan654', NULL, '2025-06-21 05:57:47', '2025-06-21 05:57:47', 0, NULL, NULL),
	(66, 33, 'Booking Fee', 0, '2025-06-21', 2000.00, 'pending', 'nogod', 'tranFinal', NULL, '2025-06-21 06:04:30', '2025-06-21 06:04:30', 0, NULL, NULL),
	(67, 33, 'Month', 1, '2025-06-20', 4500.00, 'pending', 'nogod', NULL, NULL, '2025-06-21 06:04:30', '2025-06-21 06:04:30', 0, NULL, NULL),
	(68, 34, 'Booking Fee', 0, '2025-06-21', 200.00, 'pending', 'nogod', 'fulCheck', NULL, '2025-06-21 06:06:03', '2025-06-21 06:06:03', 0, NULL, NULL),
	(69, 34, 'Month', 1, '2025-06-24', 700.00, 'pending', 'nogod', 'fulCheck', NULL, '2025-06-21 06:06:03', '2025-06-21 06:06:03', 0, NULL, NULL),
	(70, 35, 'Booking Fee', 0, '2025-06-21', 2000.00, 'pending', 'nogod', 'fullagain', NULL, '2025-06-21 06:10:24', '2025-06-21 06:10:24', 0, NULL, NULL),
	(71, 35, 'Month', 1, '2025-06-22', 4500.00, 'pending', 'nogod', 'fullagain', NULL, '2025-06-21 06:10:24', '2025-06-21 06:10:24', 0, NULL, NULL),
	(72, 36, 'Booking Fee', 0, '2025-06-21', 500.00, 'paid', 'nogod', 'mamoon0607036', '2025-06-21 06:57:40', '2025-06-21 06:37:58', '2025-06-21 06:57:40', 0, NULL, NULL),
	(73, 36, 'Day', 1, '2025-06-29', 1400.00, 'pending', 'nogod', NULL, NULL, '2025-06-21 06:37:58', '2025-06-21 06:37:58', 0, NULL, NULL),
	(86, 43, 'Booking Fee', 0, '2025-06-24', 750.00, 'pending', 'nogod', 'test', NULL, '2025-06-23 22:31:21', '2025-06-23 22:31:21', 0, NULL, NULL),
	(87, 43, 'Day', 1, '2025-06-23', 2400.00, 'pending', 'nogod', NULL, NULL, '2025-06-23 22:31:21', '2025-06-23 22:31:21', 0, NULL, NULL),
	(88, 44, 'Booking Fee', 0, '2025-06-24', 1000.00, 'pending', 'nogod', 'check420', NULL, '2025-06-23 22:34:31', '2025-06-23 22:34:31', 0, NULL, NULL),
	(89, 44, 'Month', 1, '2025-06-23', 6000.00, 'pending', 'nogod', 'check420', NULL, '2025-06-23 22:34:31', '2025-06-23 22:34:31', 0, NULL, NULL),
	(90, 45, 'Booking Fee', 0, '2025-06-30', 2000.00, 'pending', 'nogod', 'cadsfasdf', NULL, '2025-06-30 03:26:50', '2025-06-30 03:26:50', 0, NULL, NULL),
	(91, 45, 'Month', 1, '2025-06-29', 15000.00, 'pending', 'nogod', NULL, NULL, '2025-06-30 03:26:50', '2025-06-30 03:26:50', 0, NULL, NULL),
	(92, 46, 'Booking Fee', 0, '2025-06-30', 100.00, 'pending', 'nogod', 'check420', NULL, '2025-06-30 03:39:32', '2025-06-30 03:39:32', 0, NULL, NULL),
	(93, 46, 'Month', 1, '2025-06-29', 500.00, 'pending', 'nogod', 'check420', NULL, '2025-06-30 03:39:32', '2025-06-30 03:39:32', 0, NULL, NULL);

-- Dumping structure for table rent_room_bd.booking_room_prices
CREATE TABLE IF NOT EXISTS `booking_room_prices` (
  `id` bigint unsigned NOT NULL AUTO_INCREMENT,
  `booking_id` bigint unsigned NOT NULL,
  `room_id` bigint unsigned NOT NULL,
  `price_type` varchar(255) COLLATE utf8mb4_unicode_ci NOT NULL,
  `fixed_price` decimal(10,2) NOT NULL,
  `discount_price` decimal(10,2) DEFAULT NULL,
  `booking_price` decimal(10,2) NOT NULL,
  `created_at` timestamp NULL DEFAULT NULL,
  `updated_at` timestamp NULL DEFAULT NULL,
  PRIMARY KEY (`id`),
  KEY `booking_room_prices_booking_id_foreign` (`booking_id`),
  KEY `booking_room_prices_room_id_foreign` (`room_id`),
  CONSTRAINT `booking_room_prices_booking_id_foreign` FOREIGN KEY (`booking_id`) REFERENCES `bookings` (`id`) ON DELETE CASCADE,
  CONSTRAINT `booking_room_prices_room_id_foreign` FOREIGN KEY (`room_id`) REFERENCES `rooms` (`id`) ON DELETE CASCADE
) ENGINE=InnoDB AUTO_INCREMENT=47 DEFAULT CHARSET=utf8mb4 COLLATE=utf8mb4_unicode_ci;

-- Dumping data for table rent_room_bd.booking_room_prices: ~26 rows (approximately)
INSERT INTO `booking_room_prices` (`id`, `booking_id`, `room_id`, `price_type`, `fixed_price`, `discount_price`, `booking_price`, `created_at`, `updated_at`) VALUES
	(7, 7, 11, 'Month', 520.00, 500.00, 100.00, '2025-05-24 03:42:56', '2025-05-24 03:42:56'),
	(8, 8, 10, 'Day', 800.00, 700.00, 500.00, '2025-05-24 03:45:54', '2025-05-24 03:45:54'),
	(9, 9, 12, 'Month', 520.00, 500.00, 100.00, '2025-05-24 04:23:50', '2025-05-24 04:23:50'),
	(10, 10, 19, 'Month', 5000.00, 1000.00, 500.00, '2025-06-04 02:31:24', '2025-06-04 02:31:24'),
	(11, 11, 19, 'Month', 5000.00, 1000.00, 500.00, '2025-06-04 04:56:43', '2025-06-04 04:56:43'),
	(12, 12, 18, 'Month', 2000.00, 500.00, 1000.00, '2025-06-07 05:59:34', '2025-06-07 05:59:34'),
	(13, 13, 18, 'Month', 2000.00, 500.00, 1000.00, '2025-06-13 23:19:24', '2025-06-13 23:19:24'),
	(14, 14, 19, 'Month', 5000.00, 1000.00, 500.00, '2025-06-15 00:46:53', '2025-06-15 00:46:53'),
	(15, 15, 19, 'Month', 5000.00, 1000.00, 500.00, '2025-06-17 07:00:15', '2025-06-17 07:00:15'),
	(16, 16, 19, 'Month', 5000.00, 1000.00, 500.00, '2025-06-17 08:28:00', '2025-06-17 08:28:00'),
	(20, 20, 13, 'Month', 520.00, 500.00, 200.00, '2025-06-18 06:51:52', '2025-06-18 06:51:52'),
	(21, 21, 21, 'Month', 8000.00, 5000.00, 1000.00, '2025-06-18 06:55:09', '2025-06-18 06:55:09'),
	(22, 22, 19, 'Month', 5000.00, 1000.00, 500.00, '2025-06-18 07:49:05', '2025-06-18 07:49:05'),
	(23, 23, 19, 'Month', 5000.00, 1000.00, 500.00, '2025-06-19 05:33:27', '2025-06-19 05:33:27'),
	(24, 24, 18, 'Month', 2000.00, 500.00, 1000.00, '2025-06-20 23:11:21', '2025-06-20 23:11:21'),
	(25, 25, 20, 'Month', 8000.00, 6000.00, 1000.00, '2025-06-21 02:24:41', '2025-06-21 02:24:41'),
	(26, 26, 15, 'Month', 800.00, 700.00, 200.00, '2025-06-21 02:35:15', '2025-06-21 02:35:15'),
	(27, 27, 14, 'Month', 500.00, 450.00, 200.00, '2025-06-21 03:11:41', '2025-06-21 03:11:41'),
	(28, 28, 12, 'Month', 520.00, 500.00, 100.00, '2025-06-21 03:17:22', '2025-06-21 03:17:22'),
	(29, 29, 10, 'Week', 200.00, 150.00, 100.00, '2025-06-21 03:53:32', '2025-06-21 03:53:32'),
	(31, 31, 11, 'Month', 520.00, 500.00, 100.00, '2025-06-21 04:17:05', '2025-06-21 04:17:05'),
	(32, 32, 16, 'Month', 5000.00, 4500.00, 500.00, '2025-06-21 05:57:47', '2025-06-21 05:57:47'),
	(33, 33, 17, 'Month', 5000.00, 4500.00, 2000.00, '2025-06-21 06:04:30', '2025-06-21 06:04:30'),
	(34, 34, 15, 'Month', 800.00, 700.00, 200.00, '2025-06-21 06:06:03', '2025-06-21 06:06:03'),
	(35, 35, 17, 'Month', 5000.00, 4500.00, 2000.00, '2025-06-21 06:10:24', '2025-06-21 06:10:24'),
	(36, 36, 10, 'Day', 800.00, 700.00, 500.00, '2025-06-21 06:37:58', '2025-06-21 06:37:58'),
	(43, 43, 23, 'Day', 1500.00, 1200.00, 750.00, '2025-06-23 22:31:21', '2025-06-23 22:31:21'),
	(44, 44, 20, 'Month', 8000.00, 6000.00, 1000.00, '2025-06-23 22:34:31', '2025-06-23 22:34:31'),
	(45, 45, 27, 'Month', 20000.00, 15000.00, 2000.00, '2025-06-30 03:26:50', '2025-06-30 03:26:50'),
	(46, 46, 11, 'Month', 520.00, 500.00, 100.00, '2025-06-30 03:39:32', '2025-06-30 03:39:32');

-- Dumping structure for table rent_room_bd.cache
CREATE TABLE IF NOT EXISTS `cache` (
  `key` varchar(255) COLLATE utf8mb4_unicode_ci NOT NULL,
  `value` mediumtext COLLATE utf8mb4_unicode_ci NOT NULL,
  `expiration` int NOT NULL,
  PRIMARY KEY (`key`)
) ENGINE=InnoDB DEFAULT CHARSET=utf8mb4 COLLATE=utf8mb4_unicode_ci;

-- Dumping data for table rent_room_bd.cache: ~7 rows (approximately)
INSERT INTO `cache` (`key`, `value`, `expiration`) VALUES
	('1574bddb75c78a6fd2251d61e2993b5146201319', 'i:1;', 1751274757),
	('1574bddb75c78a6fd2251d61e2993b5146201319:timer', 'i:1751274757;', 1751274757),
	('356a192b7913b04c54574d18c28d46e6395428ab', 'i:1;', 1750566361),
	('356a192b7913b04c54574d18c28d46e6395428ab:timer', 'i:1750566361;', 1750566361),
	('f1abd670358e036c31296e66b3b66c382ac00812', 'i:1;', 1750992813),
	('f1abd670358e036c31296e66b3b66c382ac00812:timer', 'i:1750992813;', 1750992813),
	('spatie.permission.cache', 'a:3:{s:5:"alias";a:4:{s:1:"a";s:2:"id";s:1:"b";s:4:"name";s:1:"c";s:10:"guard_name";s:1:"r";s:5:"roles";}s:11:"permissions";a:15:{i:0;a:4:{s:1:"a";i:2;s:1:"b";s:12:"package.edit";s:1:"c";s:3:"web";s:1:"r";a:2:{i:0;i:1;i:1;i:5;}}i:1;a:4:{s:1:"a";i:3;s:1:"b";s:12:"package.show";s:1:"c";s:3:"web";s:1:"r";a:2:{i:0;i:1;i:1;i:5;}}i:2;a:4:{s:1:"a";i:9;s:1:"b";s:13:"package.setup";s:1:"c";s:3:"web";s:1:"r";a:2:{i:0;i:1;i:1;i:5;}}i:3;a:4:{s:1:"a";i:10;s:1:"b";s:9:"dashboard";s:1:"c";s:3:"web";s:1:"r";a:3:{i:0;i:1;i:1;i:4;i:2;i:5;}}i:4;a:4:{s:1:"a";i:14;s:1:"b";s:14:"package.delete";s:1:"c";s:3:"web";s:1:"r";a:2:{i:0;i:1;i:1;i:5;}}i:5;a:4:{s:1:"a";i:17;s:1:"b";s:7:"earning";s:1:"c";s:3:"web";s:1:"r";a:1:{i:0;i:1;}}i:6;a:4:{s:1:"a";i:18;s:1:"b";s:15:"role.permission";s:1:"c";s:3:"web";s:1:"r";a:1:{i:0;i:1;}}i:7;a:4:{s:1:"a";i:19;s:1:"b";s:7:"booking";s:1:"c";s:3:"web";s:1:"r";a:1:{i:0;i:1;}}i:8;a:4:{s:1:"a";i:20;s:1:"b";s:4:"user";s:1:"c";s:3:"web";s:1:"r";a:1:{i:0;i:1;}}i:9;a:4:{s:1:"a";i:21;s:1:"b";s:7:"package";s:1:"c";s:3:"web";s:1:"r";a:2:{i:0;i:1;i:1;i:5;}}i:10;a:4:{s:1:"a";i:22;s:1:"b";s:13:"site.settings";s:1:"c";s:3:"web";s:1:"r";a:2:{i:0;i:1;i:1;i:6;}}i:11;a:4:{s:1:"a";i:24;s:1:"b";s:11:"my-packages";s:1:"c";s:3:"web";s:1:"r";a:2:{i:0;i:1;i:1;i:4;}}i:12;a:4:{s:1:"a";i:26;s:1:"b";s:14:"Package Create";s:1:"c";s:3:"web";s:1:"r";a:2:{i:0;i:1;i:1;i:5;}}i:13;a:4:{s:1:"a";i:27;s:1:"b";s:11:"send-emails";s:1:"c";s:3:"web";s:1:"r";a:1:{i:0;i:1;}}i:14;a:4:{s:1:"a";i:28;s:1:"b";s:7:"massage";s:1:"c";s:3:"web";s:1:"r";a:2:{i:0;i:1;i:1;i:4;}}}s:5:"roles";a:4:{i:0;a:3:{s:1:"a";i:1;s:1:"b";s:11:"Super Admin";s:1:"c";s:3:"web";}i:1;a:3:{s:1:"a";i:5;s:1:"b";s:7:"Partner";s:1:"c";s:3:"web";}i:2;a:3:{s:1:"a";i:4;s:1:"b";s:4:"User";s:1:"c";s:3:"web";}i:3;a:3:{s:1:"a";i:6;s:1:"b";s:5:"Admin";s:1:"c";s:3:"web";}}}', 1751358225);

-- Dumping structure for table rent_room_bd.cache_locks
CREATE TABLE IF NOT EXISTS `cache_locks` (
  `key` varchar(255) COLLATE utf8mb4_unicode_ci NOT NULL,
  `owner` varchar(255) COLLATE utf8mb4_unicode_ci NOT NULL,
  `expiration` int NOT NULL,
  PRIMARY KEY (`key`)
) ENGINE=InnoDB DEFAULT CHARSET=utf8mb4 COLLATE=utf8mb4_unicode_ci;

-- Dumping data for table rent_room_bd.cache_locks: ~0 rows (approximately)

-- Dumping structure for table rent_room_bd.cities
CREATE TABLE IF NOT EXISTS `cities` (
  `id` int unsigned NOT NULL AUTO_INCREMENT,
  `name` varchar(100) NOT NULL,
  `bn_name` varchar(100) DEFAULT NULL,
  `division_id` int unsigned NOT NULL,
  `designation_id` int unsigned DEFAULT NULL,
  `ad_district_id` int unsigned DEFAULT NULL,
  `status` enum('Active','Inactive') DEFAULT 'Active',
  `created_by` int unsigned DEFAULT NULL,
  `updated_by` int unsigned DEFAULT NULL,
  `deleted_by` int unsigned DEFAULT NULL,
  `created_at` datetime DEFAULT NULL,
  `updated_at` datetime DEFAULT NULL,
  `deleted_at` datetime DEFAULT NULL,
  PRIMARY KEY (`id`)
) ENGINE=InnoDB AUTO_INCREMENT=73 DEFAULT CHARSET=utf8mb4 COLLATE=utf8mb4_0900_ai_ci;

-- Dumping data for table rent_room_bd.cities: ~8 rows (approximately)
INSERT INTO `cities` (`id`, `name`, `bn_name`, `division_id`, `designation_id`, `ad_district_id`, `status`, `created_by`, `updated_by`, `deleted_by`, `created_at`, `updated_at`, `deleted_at`) VALUES
	(65, 'Dhaka Metro', 'ঢাকা মেট্রো', 3, 1, 1, 'Active', 1, 1, NULL, '2021-05-03 15:36:04', '2021-08-18 15:11:52', NULL),
	(66, 'Chittagang Metro', 'চট্রগ্রাম মেট্রো', 2, 1, 43, 'Active', 1, 1, NULL, '2021-05-03 15:36:35', '2021-08-18 15:12:20', NULL),
	(67, 'Rajshahi Metro', 'রাজশাহী মেট্রো', 5, 1, 24, 'Active', 1, 1, NULL, '2021-05-03 15:36:50', '2021-08-18 15:12:38', NULL),
	(68, 'Khulna Metro', 'খুলনা মেট্রো', 4, 1, 59, 'Active', 1, 1, NULL, '2021-05-03 15:37:06', '2021-08-18 15:12:51', NULL),
	(69, 'Barishal Metro', 'বরিশাল মেট্রো', 1, 1, 35, 'Active', 1, 1, NULL, '2021-05-03 15:37:24', '2021-08-18 15:13:19', NULL),
	(70, 'Sylhet Metro', 'সিলেট মেট্রো', 7, 1, 54, 'Active', 1, 1, NULL, '2021-05-03 15:37:44', '2021-08-18 15:13:31', NULL),
	(71, 'Rangpur Metro', 'রংপুর মেট্রো', 6, 1, 32, 'Active', 1, 1, NULL, '2021-05-03 15:38:10', '2021-08-18 15:13:50', NULL),
	(72, 'Gazipur Metro', 'গাজীপুর মেট্রো', 3, 1, 1, 'Active', 1, 1, NULL, '2021-05-03 15:38:46', '2021-08-18 15:14:09', NULL);

-- Dumping structure for table rent_room_bd.entire_properties
CREATE TABLE IF NOT EXISTS `entire_properties` (
  `id` bigint unsigned NOT NULL AUTO_INCREMENT,
  `package_id` bigint unsigned DEFAULT NULL,
  `user_id` bigint unsigned NOT NULL,
  `created_at` timestamp NULL DEFAULT NULL,
  `updated_at` timestamp NULL DEFAULT NULL,
  PRIMARY KEY (`id`),
  KEY `entire_properties_user_id_foreign` (`user_id`),
  KEY `entire_properties_package_id_foreign` (`package_id`),
  CONSTRAINT `entire_properties_package_id_foreign` FOREIGN KEY (`package_id`) REFERENCES `packages` (`id`) ON DELETE CASCADE,
  CONSTRAINT `entire_properties_user_id_foreign` FOREIGN KEY (`user_id`) REFERENCES `users` (`id`) ON DELETE CASCADE
) ENGINE=InnoDB DEFAULT CHARSET=utf8mb4 COLLATE=utf8mb4_unicode_ci;

-- Dumping data for table rent_room_bd.entire_properties: ~0 rows (approximately)

-- Dumping structure for table rent_room_bd.failed_jobs
CREATE TABLE IF NOT EXISTS `failed_jobs` (
  `id` bigint unsigned NOT NULL AUTO_INCREMENT,
  `uuid` varchar(255) COLLATE utf8mb4_unicode_ci NOT NULL,
  `connection` text COLLATE utf8mb4_unicode_ci NOT NULL,
  `queue` text COLLATE utf8mb4_unicode_ci NOT NULL,
  `payload` longtext COLLATE utf8mb4_unicode_ci NOT NULL,
  `exception` longtext COLLATE utf8mb4_unicode_ci NOT NULL,
  `failed_at` timestamp NOT NULL DEFAULT CURRENT_TIMESTAMP,
  PRIMARY KEY (`id`),
  UNIQUE KEY `failed_jobs_uuid_unique` (`uuid`)
) ENGINE=InnoDB DEFAULT CHARSET=utf8mb4 COLLATE=utf8mb4_unicode_ci;

-- Dumping data for table rent_room_bd.failed_jobs: ~0 rows (approximately)

-- Dumping structure for table rent_room_bd.footers
CREATE TABLE IF NOT EXISTS `footers` (
  `id` bigint unsigned NOT NULL AUTO_INCREMENT,
  `footer_logo` varchar(255) COLLATE utf8mb4_unicode_ci DEFAULT NULL,
  `address` varchar(255) COLLATE utf8mb4_unicode_ci DEFAULT NULL,
  `email` varchar(255) COLLATE utf8mb4_unicode_ci DEFAULT NULL,
  `contact_number` varchar(255) COLLATE utf8mb4_unicode_ci DEFAULT NULL,
  `website` varchar(255) COLLATE utf8mb4_unicode_ci DEFAULT NULL,
  `terms_title` varchar(255) COLLATE utf8mb4_unicode_ci DEFAULT NULL,
  `terms_link` varchar(255) COLLATE utf8mb4_unicode_ci DEFAULT NULL,
  `privacy_title` varchar(255) COLLATE utf8mb4_unicode_ci DEFAULT NULL,
  `privacy_link` varchar(255) COLLATE utf8mb4_unicode_ci DEFAULT NULL,
  `rights_reserves_text` varchar(255) COLLATE utf8mb4_unicode_ci DEFAULT NULL,
  `created_at` timestamp NULL DEFAULT NULL,
  `updated_at` timestamp NULL DEFAULT NULL,
  PRIMARY KEY (`id`)
) ENGINE=InnoDB AUTO_INCREMENT=2 DEFAULT CHARSET=utf8mb4 COLLATE=utf8mb4_unicode_ci;

-- Dumping data for table rent_room_bd.footers: ~0 rows (approximately)
INSERT INTO `footers` (`id`, `footer_logo`, `address`, `email`, `contact_number`, `website`, `terms_title`, `terms_link`, `privacy_title`, `privacy_link`, `rights_reserves_text`, `created_at`, `updated_at`) VALUES
	(1, NULL, 'JIBON BIMA BHABAN, JUBLEE ROAD, CHITTAGONG', 'mamoon036@gmail.com', '01814418723', '07777955040', 'Terms & Conditions', 'https://rentandrooms.co.uk/admin/terms-condition', 'Privacy Policy', 'https://rentandromms.co.uk/policy', 'Copy right © 2024 RentsandRooms', '2025-05-11 23:06:57', '2025-05-11 23:06:57');

-- Dumping structure for table rent_room_bd.footer_section_fours
CREATE TABLE IF NOT EXISTS `footer_section_fours` (
  `id` bigint unsigned NOT NULL AUTO_INCREMENT,
  `footer_id` bigint unsigned NOT NULL,
  `title` varchar(255) COLLATE utf8mb4_unicode_ci DEFAULT NULL,
  `description` varchar(255) COLLATE utf8mb4_unicode_ci DEFAULT NULL,
  `created_at` timestamp NULL DEFAULT NULL,
  `updated_at` timestamp NULL DEFAULT NULL,
  PRIMARY KEY (`id`),
  KEY `footer_section_fours_footer_id_foreign` (`footer_id`),
  CONSTRAINT `footer_section_fours_footer_id_foreign` FOREIGN KEY (`footer_id`) REFERENCES `footers` (`id`) ON DELETE CASCADE
) ENGINE=InnoDB DEFAULT CHARSET=utf8mb4 COLLATE=utf8mb4_unicode_ci;

-- Dumping data for table rent_room_bd.footer_section_fours: ~0 rows (approximately)

-- Dumping structure for table rent_room_bd.footer_section_threes
CREATE TABLE IF NOT EXISTS `footer_section_threes` (
  `id` bigint unsigned NOT NULL AUTO_INCREMENT,
  `footer_id` bigint unsigned NOT NULL,
  `title` varchar(255) COLLATE utf8mb4_unicode_ci DEFAULT NULL,
  `link` varchar(255) COLLATE utf8mb4_unicode_ci DEFAULT NULL,
  `created_at` timestamp NULL DEFAULT NULL,
  `updated_at` timestamp NULL DEFAULT NULL,
  PRIMARY KEY (`id`),
  KEY `footer_section_threes_footer_id_foreign` (`footer_id`),
  CONSTRAINT `footer_section_threes_footer_id_foreign` FOREIGN KEY (`footer_id`) REFERENCES `footers` (`id`) ON DELETE CASCADE
) ENGINE=InnoDB DEFAULT CHARSET=utf8mb4 COLLATE=utf8mb4_unicode_ci;

-- Dumping data for table rent_room_bd.footer_section_threes: ~0 rows (approximately)

-- Dumping structure for table rent_room_bd.footer_section_twos
CREATE TABLE IF NOT EXISTS `footer_section_twos` (
  `id` bigint unsigned NOT NULL AUTO_INCREMENT,
  `footer_id` bigint unsigned NOT NULL,
  `title` varchar(255) COLLATE utf8mb4_unicode_ci DEFAULT NULL,
  `link` varchar(255) COLLATE utf8mb4_unicode_ci DEFAULT NULL,
  `created_at` timestamp NULL DEFAULT NULL,
  `updated_at` timestamp NULL DEFAULT NULL,
  PRIMARY KEY (`id`),
  KEY `footer_section_twos_footer_id_foreign` (`footer_id`),
  CONSTRAINT `footer_section_twos_footer_id_foreign` FOREIGN KEY (`footer_id`) REFERENCES `footers` (`id`) ON DELETE CASCADE
) ENGINE=InnoDB AUTO_INCREMENT=3 DEFAULT CHARSET=utf8mb4 COLLATE=utf8mb4_unicode_ci;

-- Dumping data for table rent_room_bd.footer_section_twos: ~0 rows (approximately)
INSERT INTO `footer_section_twos` (`id`, `footer_id`, `title`, `link`, `created_at`, `updated_at`) VALUES
	(2, 1, 'Footer 420', 'https://www.youtube.com/', '2025-05-11 23:32:35', '2025-05-11 23:32:35');

-- Dumping structure for table rent_room_bd.headers
CREATE TABLE IF NOT EXISTS `headers` (
  `id` bigint unsigned NOT NULL AUTO_INCREMENT,
  `logo` varchar(255) COLLATE utf8mb4_unicode_ci DEFAULT NULL,
  `created_at` timestamp NULL DEFAULT NULL,
  `updated_at` timestamp NULL DEFAULT NULL,
  PRIMARY KEY (`id`)
) ENGINE=InnoDB AUTO_INCREMENT=2 DEFAULT CHARSET=utf8mb4 COLLATE=utf8mb4_unicode_ci;

-- Dumping data for table rent_room_bd.headers: ~0 rows (approximately)
INSERT INTO `headers` (`id`, `logo`, `created_at`, `updated_at`) VALUES
	(1, 'logos/pJZiyTzTr7ERRt29ydaXqQ9uOWRj8013Hsx5R8sx.png', '2025-05-11 09:13:44', '2025-05-18 01:30:45');

-- Dumping structure for table rent_room_bd.hero_sections
CREATE TABLE IF NOT EXISTS `hero_sections` (
  `id` bigint unsigned NOT NULL AUTO_INCREMENT,
  `background_image` varchar(255) COLLATE utf8mb4_unicode_ci DEFAULT NULL,
  `title_small` varchar(255) COLLATE utf8mb4_unicode_ci DEFAULT NULL,
  `title_big` varchar(255) COLLATE utf8mb4_unicode_ci DEFAULT NULL,
  `created_at` timestamp NULL DEFAULT NULL,
  `updated_at` timestamp NULL DEFAULT NULL,
  PRIMARY KEY (`id`)
) ENGINE=InnoDB AUTO_INCREMENT=14 DEFAULT CHARSET=utf8mb4 COLLATE=utf8mb4_unicode_ci;

-- Dumping data for table rent_room_bd.hero_sections: ~3 rows (approximately)
INSERT INTO `hero_sections` (`id`, `background_image`, `title_small`, `title_big`, `created_at`, `updated_at`) VALUES
	(10, 'background_images/Cq5vjInnybKjaqXdUDowazZXmWxM1VUBtG2LNu7G.png', 'Hero Section', 'Hero Description', '2025-05-17 10:35:45', '2025-05-17 10:35:45'),
	(11, 'background_images/Jwq8UkPTLxg1Y3rWETpehyN09i6Ly2yFom2K5JgY.jpg', 'Hero Section another', 'Hero Description', '2025-05-17 20:55:19', '2025-05-17 20:55:19'),
	(12, 'background_images/DyMNxxwhyoMhW6tf08SXqcuVaxn9RZbBAqTTIiXq.jpg', 'Hero Section', 'Hero Description', '2025-05-17 21:20:32', '2025-05-17 21:20:32'),
	(13, 'background_images/uhweHcbq9dFArsiD7vaRYUYVva8Y5fcWGmwn9fWA.jpg', 'Hero Section another', 'Hero Description', '2025-05-17 21:53:10', '2025-05-17 21:53:10');

-- Dumping structure for table rent_room_bd.home_data
CREATE TABLE IF NOT EXISTS `home_data` (
  `id` bigint unsigned NOT NULL AUTO_INCREMENT,
  `section_title` varchar(255) COLLATE utf8mb4_unicode_ci NOT NULL,
  `created_at` timestamp NULL DEFAULT NULL,
  `updated_at` timestamp NULL DEFAULT NULL,
  PRIMARY KEY (`id`)
) ENGINE=InnoDB AUTO_INCREMENT=2 DEFAULT CHARSET=utf8mb4 COLLATE=utf8mb4_unicode_ci;

-- Dumping data for table rent_room_bd.home_data: ~0 rows (approximately)
INSERT INTO `home_data` (`id`, `section_title`, `created_at`, `updated_at`) VALUES
	(1, 'Section Title', '2025-05-11 09:48:14', '2025-05-11 09:48:14');

-- Dumping structure for table rent_room_bd.home_data_items
CREATE TABLE IF NOT EXISTS `home_data_items` (
  `id` bigint unsigned NOT NULL AUTO_INCREMENT,
  `home_data_id` bigint unsigned NOT NULL,
  `item_image` varchar(255) COLLATE utf8mb4_unicode_ci DEFAULT NULL,
  `item_title` varchar(255) COLLATE utf8mb4_unicode_ci NOT NULL,
  `item_des` text COLLATE utf8mb4_unicode_ci NOT NULL,
  `created_at` timestamp NULL DEFAULT NULL,
  `updated_at` timestamp NULL DEFAULT NULL,
  PRIMARY KEY (`id`),
  KEY `home_data_items_home_data_id_foreign` (`home_data_id`),
  CONSTRAINT `home_data_items_home_data_id_foreign` FOREIGN KEY (`home_data_id`) REFERENCES `home_data` (`id`) ON DELETE CASCADE
) ENGINE=InnoDB AUTO_INCREMENT=3 DEFAULT CHARSET=utf8mb4 COLLATE=utf8mb4_unicode_ci;

-- Dumping data for table rent_room_bd.home_data_items: ~1 rows (approximately)
INSERT INTO `home_data_items` (`id`, `home_data_id`, `item_image`, `item_title`, `item_des`, `created_at`, `updated_at`) VALUES
	(2, 1, 'images/KI9upBN09hLThm6rqWARCVpLhkeHyTNViWsLJ1c4.jpg', 'item title', 'asdf', '2025-05-11 21:06:40', '2025-05-11 21:06:40');

-- Dumping structure for table rent_room_bd.jobs
CREATE TABLE IF NOT EXISTS `jobs` (
  `id` bigint unsigned NOT NULL AUTO_INCREMENT,
  `queue` varchar(255) COLLATE utf8mb4_unicode_ci NOT NULL,
  `payload` longtext COLLATE utf8mb4_unicode_ci NOT NULL,
  `attempts` tinyint unsigned NOT NULL,
  `reserved_at` int unsigned DEFAULT NULL,
  `available_at` int unsigned NOT NULL,
  `created_at` int unsigned NOT NULL,
  PRIMARY KEY (`id`),
  KEY `jobs_queue_index` (`queue`)
) ENGINE=InnoDB DEFAULT CHARSET=utf8mb4 COLLATE=utf8mb4_unicode_ci;

-- Dumping data for table rent_room_bd.jobs: ~0 rows (approximately)

-- Dumping structure for table rent_room_bd.job_batches
CREATE TABLE IF NOT EXISTS `job_batches` (
  `id` varchar(255) COLLATE utf8mb4_unicode_ci NOT NULL,
  `name` varchar(255) COLLATE utf8mb4_unicode_ci NOT NULL,
  `total_jobs` int NOT NULL,
  `pending_jobs` int NOT NULL,
  `failed_jobs` int NOT NULL,
  `failed_job_ids` longtext COLLATE utf8mb4_unicode_ci NOT NULL,
  `options` mediumtext COLLATE utf8mb4_unicode_ci,
  `cancelled_at` int DEFAULT NULL,
  `created_at` int NOT NULL,
  `finished_at` int DEFAULT NULL,
  PRIMARY KEY (`id`)
) ENGINE=InnoDB DEFAULT CHARSET=utf8mb4 COLLATE=utf8mb4_unicode_ci;

-- Dumping data for table rent_room_bd.job_batches: ~0 rows (approximately)

-- Dumping structure for table rent_room_bd.maintains
CREATE TABLE IF NOT EXISTS `maintains` (
  `id` bigint unsigned NOT NULL AUTO_INCREMENT,
  `maintain_type_id` bigint unsigned NOT NULL,
  `name` varchar(255) COLLATE utf8mb4_unicode_ci NOT NULL,
  `photo` varchar(255) COLLATE utf8mb4_unicode_ci DEFAULT NULL,
  `user_id` bigint unsigned NOT NULL,
  `created_at` timestamp NULL DEFAULT NULL,
  `updated_at` timestamp NULL DEFAULT NULL,
  PRIMARY KEY (`id`),
  KEY `maintains_maintain_type_id_foreign` (`maintain_type_id`),
  KEY `maintains_user_id_foreign` (`user_id`),
  CONSTRAINT `maintains_maintain_type_id_foreign` FOREIGN KEY (`maintain_type_id`) REFERENCES `maintain_types` (`id`) ON DELETE CASCADE,
  CONSTRAINT `maintains_user_id_foreign` FOREIGN KEY (`user_id`) REFERENCES `users` (`id`) ON DELETE CASCADE
) ENGINE=InnoDB AUTO_INCREMENT=3 DEFAULT CHARSET=utf8mb4 COLLATE=utf8mb4_unicode_ci;

-- Dumping data for table rent_room_bd.maintains: ~2 rows (approximately)
INSERT INTO `maintains` (`id`, `maintain_type_id`, `name`, `photo`, `user_id`, `created_at`, `updated_at`) VALUES
	(1, 1, 'Gas Bill', 'photos/Szg07ntELoL1bET0LGSuJRUQidzLOdgQFRg8uPQ5.jpg', 2, '2025-05-10 19:51:14', '2025-05-10 19:51:14'),
	(2, 2, 'Labor Cost', 'photos/AFQN89B7OKLFKrQ7f1oEkHWDo9ivbyHiSbVJtvrp.webp', 2, '2025-05-10 19:51:42', '2025-05-10 19:51:42');

-- Dumping structure for table rent_room_bd.maintain_types
CREATE TABLE IF NOT EXISTS `maintain_types` (
  `id` bigint unsigned NOT NULL AUTO_INCREMENT,
  `type` varchar(255) COLLATE utf8mb4_unicode_ci NOT NULL,
  `user_id` bigint unsigned NOT NULL,
  `created_at` timestamp NULL DEFAULT NULL,
  `updated_at` timestamp NULL DEFAULT NULL,
  PRIMARY KEY (`id`),
  KEY `maintain_types_user_id_foreign` (`user_id`),
  CONSTRAINT `maintain_types_user_id_foreign` FOREIGN KEY (`user_id`) REFERENCES `users` (`id`) ON DELETE CASCADE
) ENGINE=InnoDB AUTO_INCREMENT=3 DEFAULT CHARSET=utf8mb4 COLLATE=utf8mb4_unicode_ci;

-- Dumping data for table rent_room_bd.maintain_types: ~2 rows (approximately)
INSERT INTO `maintain_types` (`id`, `type`, `user_id`, `created_at`, `updated_at`) VALUES
	(1, 'Gas and Electrict', 2, '2025-05-10 19:50:18', '2025-05-10 19:50:18'),
	(2, 'Pipe and Filter', 2, '2025-05-10 19:50:38', '2025-05-10 19:50:38');

-- Dumping structure for table rent_room_bd.messages
CREATE TABLE IF NOT EXISTS `messages` (
  `id` bigint unsigned NOT NULL AUTO_INCREMENT,
  `sender_id` bigint unsigned NOT NULL,
  `recipient_id` bigint unsigned NOT NULL,
  `message` text COLLATE utf8mb4_unicode_ci NOT NULL,
  `is_read` tinyint(1) NOT NULL DEFAULT '0',
  `created_at` timestamp NULL DEFAULT NULL,
  `updated_at` timestamp NULL DEFAULT NULL,
  PRIMARY KEY (`id`),
  KEY `messages_sender_id_foreign` (`sender_id`),
  KEY `messages_recipient_id_foreign` (`recipient_id`),
  CONSTRAINT `messages_recipient_id_foreign` FOREIGN KEY (`recipient_id`) REFERENCES `users` (`id`) ON DELETE CASCADE,
  CONSTRAINT `messages_sender_id_foreign` FOREIGN KEY (`sender_id`) REFERENCES `users` (`id`) ON DELETE CASCADE
) ENGINE=InnoDB DEFAULT CHARSET=utf8mb4 COLLATE=utf8mb4_unicode_ci;

-- Dumping data for table rent_room_bd.messages: ~0 rows (approximately)

-- Dumping structure for table rent_room_bd.migrations
CREATE TABLE IF NOT EXISTS `migrations` (
  `id` int unsigned NOT NULL AUTO_INCREMENT,
  `migration` varchar(255) COLLATE utf8mb4_unicode_ci NOT NULL,
  `batch` int NOT NULL,
  PRIMARY KEY (`id`)
) ENGINE=InnoDB AUTO_INCREMENT=79 DEFAULT CHARSET=utf8mb4 COLLATE=utf8mb4_unicode_ci;

-- Dumping data for table rent_room_bd.migrations: ~73 rows (approximately)
INSERT INTO `migrations` (`id`, `migration`, `batch`) VALUES
	(1, '0001_01_01_000000_create_users_table', 1),
	(2, '0001_01_01_000001_create_cache_table', 1),
	(3, '0001_01_01_000002_create_jobs_table', 1),
	(4, '2024_03_09_225738_create_entire_properties_table', 1),
	(5, '2024_05_04_085346_create_permission_tables', 1),
	(6, '2024_05_31_122519_create_countries_table', 1),
	(7, '2024_05_31_122551_create_cities_table', 1),
	(8, '2024_05_31_122627_create_areas_table', 1),
	(9, '2024_05_31_122652_create_property_types_table', 1),
	(10, '2024_05_31_122719_create_properties_table', 1),
	(11, '2024_05_31_122745_create_maintain_types_table', 1),
	(12, '2024_05_31_122813_create_maintains_table', 1),
	(13, '2024_05_31_122840_create_amenity_types_table', 1),
	(14, '2024_05_31_122909_create_amenities_table', 1),
	(15, '2024_06_03_075503_create_packages_table', 1),
	(16, '2024_06_03_075543_create_rooms_table', 1),
	(17, '2024_06_03_075649_create_package_maintains_table', 1),
	(18, '2024_06_03_075728_create_package_amenities_table', 1),
	(19, '2024_06_03_075831_create_photos_table', 1),
	(20, '2024_06_06_103923_create_room_prices_table', 1),
	(21, '2024_06_10_002741_add_video_link_to_packages_table', 1),
	(22, '2024_06_10_010842_add_package_id_to_entire_properties_table', 1),
	(23, '2024_06_10_105212_add_phone_to_users_table', 1),
	(24, '2024_06_20_042545_create_bookings_table', 1),
	(25, '2024_06_20_042642_create_payments_table', 1),
	(26, '2024_07_02_081135_create_headers_table', 1),
	(27, '2024_07_02_081156_create_hero_sections_table', 1),
	(28, '2024_07_02_081217_create_footers_table', 1),
	(29, '2024_07_02_081446_create_terms_and_privacy_table', 1),
	(30, '2024_07_02_112310_create_footer_section_twos_table', 1),
	(31, '2024_07_02_112407_create_footer_section_threes_table', 1),
	(32, '2024_07_02_114405_create_footer_section_fours_table', 1),
	(33, '2024_07_02_114531_create_social_links_table', 1),
	(34, '2024_07_07_164304_create_home_data_table', 1),
	(35, '2024_07_07_170550_create_home_data_items_table', 1),
	(36, '2024_07_14_185728_create_privacy_policies_table', 1),
	(37, '2024_07_14_185730_create_terms_conditions_table', 1),
	(38, '2024_07_31_160825_create_partner_terms_conditions_table', 1),
	(39, '2024_08_01_205830_add_room_id_to_bookings_table', 1),
	(40, '2024_08_20_044403_add_status_and_expiration_date_to_packages_table', 1),
	(41, '2024_08_25_200419_add_proof_columns_to_users_table', 1),
	(42, '2024_08_29_161017_add_partner_bank_details_to_users_table', 1),
	(43, '2024_09_06_160710_create_user_documents_table', 1),
	(44, '2024_09_06_164223_create_agreement_details_table', 1),
	(45, '2024_09_06_171709_create_bank_details_table', 1),
	(46, '2024_09_08_115417_add_name_to_bank_details_table', 1),
	(47, '2024_09_08_122353_create_user_details_table', 1),
	(48, '2024_09_08_183818_add_package_price_to_user_details_table', 1),
	(49, '2024_09_08_191638_add_deposit_to_agreement_details_table', 1),
	(50, '2024_09_17_174707_add_entry_date_to_user_details_table', 1),
	(51, '2024_09_18_060306_create_messages_table', 1),
	(52, '2024_09_24_150752_add_stay_status_and_package_to_user_details_table', 1),
	(53, '2024_09_26_092926_add_booking_type_to_user_details_table', 1),
	(54, '2024_09_29_062053_add_duration_type_and_payment_status_to_user_details_table', 1),
	(55, '2024_09_30_064033_add_security_payment_status_to_user_details_table', 1),
	(56, '2024_09_30_112515_create_payment_links_table', 1),
	(57, '2024_10_01_062401_add_payslip_and_student_card_to_user_documents_table', 1),
	(58, '2024_12_03_123916_create_booking_amenities_table', 1),
	(59, '2024_12_03_124117_create_booking_maintains_table', 1),
	(60, '2024_12_03_124143_create_booking_room_prices_table', 1),
	(61, '2024_12_11_172701_create_booking_payments_table', 1),
	(62, '2024_12_11_172708_add_milestone_columns_to_bookings_table', 1),
	(63, '2024_12_13_184336_add_booking_payment_id_to_payment_links_table', 1),
	(64, '2024_12_18_104023_add_is_booking_fee_to_booking_payments_table', 1),
	(65, '2024_12_18_110244_add_booking_payment_id_to_payments_table', 1),
	(66, '2024_12_18_111715_update_payment_method_enum_in_payments_table', 1),
	(67, '2025_01_19_145341_create_package_instructions_table', 1),
	(68, '2025_01_19_173524_add_renewal_columns_to_bookings_table', 1),
	(69, '2025_01_27_154041_add_assigned_to_to_packages_table', 1),
	(70, '2025_02_06_082103_create_package_documents_table', 1),
	(71, '2025_02_12_185148_add_dates_to_booking_payments_table', 1),
	(72, '2025_02_16_133818_add_payment_type_to_payments_table', 1),
	(73, '2025_02_17_171325_add_status_to_bookings_table', 1),
	(75, '2025_05_22_084842_create_zones_table', 2),
	(76, '2025_06_18_123439_change_payment_method_in_payments_table', 3),
	(77, '2025_06_19_112527_add_rocket_to_payment_method_enum_payments_table', 4),
	(78, '2025_06_21_094323_add_payment_option_to_payments_table', 5);

-- Dumping structure for table rent_room_bd.model_has_permissions
CREATE TABLE IF NOT EXISTS `model_has_permissions` (
  `permission_id` bigint unsigned NOT NULL,
  `model_type` varchar(255) COLLATE utf8mb4_unicode_ci NOT NULL,
  `model_id` bigint unsigned NOT NULL,
  PRIMARY KEY (`permission_id`,`model_id`,`model_type`),
  KEY `model_has_permissions_model_id_model_type_index` (`model_id`,`model_type`),
  CONSTRAINT `model_has_permissions_permission_id_foreign` FOREIGN KEY (`permission_id`) REFERENCES `permissions` (`id`) ON DELETE CASCADE
) ENGINE=InnoDB DEFAULT CHARSET=utf8mb4 COLLATE=utf8mb4_unicode_ci;

-- Dumping data for table rent_room_bd.model_has_permissions: ~0 rows (approximately)

-- Dumping structure for table rent_room_bd.model_has_roles
CREATE TABLE IF NOT EXISTS `model_has_roles` (
  `role_id` bigint unsigned NOT NULL,
  `model_type` varchar(255) COLLATE utf8mb4_unicode_ci NOT NULL,
  `model_id` bigint unsigned NOT NULL,
  PRIMARY KEY (`role_id`,`model_id`,`model_type`),
  KEY `model_has_roles_model_id_model_type_index` (`model_id`,`model_type`),
  CONSTRAINT `model_has_roles_role_id_foreign` FOREIGN KEY (`role_id`) REFERENCES `roles` (`id`) ON DELETE CASCADE
) ENGINE=InnoDB DEFAULT CHARSET=utf8mb4 COLLATE=utf8mb4_unicode_ci;

-- Dumping data for table rent_room_bd.model_has_roles: ~120 rows (approximately)
INSERT INTO `model_has_roles` (`role_id`, `model_type`, `model_id`) VALUES
	(1, 'App\\Models\\User', 1),
	(5, 'App\\Models\\User', 2),
	(5, 'App\\Models\\User', 3),
	(4, 'App\\Models\\User', 4),
	(4, 'App\\Models\\User', 5),
	(4, 'App\\Models\\User', 6),
	(4, 'App\\Models\\User', 7),
	(4, 'App\\Models\\User', 8),
	(4, 'App\\Models\\User', 9),
	(4, 'App\\Models\\User', 10),
	(4, 'App\\Models\\User', 11),
	(4, 'App\\Models\\User', 12),
	(4, 'App\\Models\\User', 13),
	(4, 'App\\Models\\User', 14),
	(4, 'App\\Models\\User', 15),
	(5, 'App\\Models\\User', 15),
	(4, 'App\\Models\\User', 16),
	(5, 'App\\Models\\User', 16),
	(4, 'App\\Models\\User', 17),
	(4, 'App\\Models\\User', 19),
	(4, 'App\\Models\\User', 24),
	(4, 'App\\Models\\User', 25),
	(4, 'App\\Models\\User', 27),
	(4, 'App\\Models\\User', 28),
	(4, 'App\\Models\\User', 29),
	(4, 'App\\Models\\User', 30),
	(4, 'App\\Models\\User', 31),
	(4, 'App\\Models\\User', 32),
	(5, 'App\\Models\\User', 33),
	(4, 'App\\Models\\User', 36),
	(4, 'App\\Models\\User', 37),
	(4, 'App\\Models\\User', 38),
	(4, 'App\\Models\\User', 40),
	(4, 'App\\Models\\User', 41),
	(5, 'App\\Models\\User', 42),
	(4, 'App\\Models\\User', 43),
	(5, 'App\\Models\\User', 44),
	(4, 'App\\Models\\User', 46),
	(5, 'App\\Models\\User', 47),
	(4, 'App\\Models\\User', 48),
	(5, 'App\\Models\\User', 49),
	(4, 'App\\Models\\User', 50),
	(4, 'App\\Models\\User', 51),
	(4, 'App\\Models\\User', 52),
	(4, 'App\\Models\\User', 53),
	(4, 'App\\Models\\User', 54),
	(4, 'App\\Models\\User', 55),
	(4, 'App\\Models\\User', 56),
	(4, 'App\\Models\\User', 57),
	(4, 'App\\Models\\User', 58),
	(4, 'App\\Models\\User', 59),
	(4, 'App\\Models\\User', 60),
	(4, 'App\\Models\\User', 61),
	(4, 'App\\Models\\User', 62),
	(4, 'App\\Models\\User', 67),
	(4, 'App\\Models\\User', 68),
	(4, 'App\\Models\\User', 69),
	(4, 'App\\Models\\User', 70),
	(4, 'App\\Models\\User', 71),
	(4, 'App\\Models\\User', 72),
	(4, 'App\\Models\\User', 73),
	(4, 'App\\Models\\User', 74),
	(4, 'App\\Models\\User', 75),
	(4, 'App\\Models\\User', 79),
	(4, 'App\\Models\\User', 81),
	(4, 'App\\Models\\User', 82),
	(4, 'App\\Models\\User', 83),
	(4, 'App\\Models\\User', 84),
	(4, 'App\\Models\\User', 93),
	(4, 'App\\Models\\User', 94),
	(4, 'App\\Models\\User', 95),
	(4, 'App\\Models\\User', 96),
	(4, 'App\\Models\\User', 97),
	(4, 'App\\Models\\User', 98),
	(4, 'App\\Models\\User', 99),
	(4, 'App\\Models\\User', 100),
	(4, 'App\\Models\\User', 101),
	(4, 'App\\Models\\User', 102),
	(4, 'App\\Models\\User', 103),
	(4, 'App\\Models\\User', 104),
	(4, 'App\\Models\\User', 105),
	(4, 'App\\Models\\User', 106),
	(4, 'App\\Models\\User', 108),
	(4, 'App\\Models\\User', 109),
	(4, 'App\\Models\\User', 110),
	(4, 'App\\Models\\User', 111),
	(4, 'App\\Models\\User', 112),
	(4, 'App\\Models\\User', 113),
	(4, 'App\\Models\\User', 114),
	(5, 'App\\Models\\User', 115),
	(4, 'App\\Models\\User', 116),
	(4, 'App\\Models\\User', 117),
	(4, 'App\\Models\\User', 118),
	(5, 'App\\Models\\User', 119),
	(4, 'App\\Models\\User', 120),
	(4, 'App\\Models\\User', 121),
	(4, 'App\\Models\\User', 122),
	(4, 'App\\Models\\User', 123),
	(4, 'App\\Models\\User', 124),
	(4, 'App\\Models\\User', 125),
	(4, 'App\\Models\\User', 126),
	(4, 'App\\Models\\User', 127),
	(4, 'App\\Models\\User', 128),
	(4, 'App\\Models\\User', 129),
	(4, 'App\\Models\\User', 130),
	(4, 'App\\Models\\User', 131),
	(4, 'App\\Models\\User', 132),
	(4, 'App\\Models\\User', 133),
	(4, 'App\\Models\\User', 134),
	(4, 'App\\Models\\User', 135),
	(4, 'App\\Models\\User', 136),
	(4, 'App\\Models\\User', 138),
	(4, 'App\\Models\\User', 140),
	(4, 'App\\Models\\User', 141),
	(4, 'App\\Models\\User', 142),
	(4, 'App\\Models\\User', 143),
	(4, 'App\\Models\\User', 144),
	(4, 'App\\Models\\User', 145),
	(4, 'App\\Models\\User', 146),
	(4, 'App\\Models\\User', 147),
	(4, 'App\\Models\\User', 148),
	(4, 'App\\Models\\User', 149),
	(4, 'App\\Models\\User', 150),
	(4, 'App\\Models\\User', 151),
	(4, 'App\\Models\\User', 152);

-- Dumping structure for table rent_room_bd.orders
CREATE TABLE IF NOT EXISTS `orders` (
  `id` int NOT NULL AUTO_INCREMENT,
  `name` varchar(255) CHARACTER SET utf8mb3 COLLATE utf8mb3_unicode_ci DEFAULT NULL,
  `email` varchar(30) CHARACTER SET utf8mb3 COLLATE utf8mb3_unicode_ci DEFAULT NULL,
  `phone` varchar(20) CHARACTER SET utf8mb3 COLLATE utf8mb3_unicode_ci DEFAULT NULL,
  `amount` double DEFAULT NULL,
  `address` text CHARACTER SET utf8mb3 COLLATE utf8mb3_unicode_ci,
  `status` varchar(10) CHARACTER SET utf8mb3 COLLATE utf8mb3_unicode_ci DEFAULT NULL,
  `transaction_id` varchar(255) CHARACTER SET utf8mb3 COLLATE utf8mb3_unicode_ci DEFAULT NULL,
  `currency` varchar(20) CHARACTER SET utf8mb3 COLLATE utf8mb3_unicode_ci DEFAULT NULL,
  PRIMARY KEY (`id`)
) ENGINE=InnoDB AUTO_INCREMENT=22 DEFAULT CHARSET=utf8mb3 COLLATE=utf8mb3_unicode_ci;

-- Dumping data for table rent_room_bd.orders: ~17 rows (approximately)
INSERT INTO `orders` (`id`, `name`, `email`, `phone`, `amount`, `address`, `status`, `transaction_id`, `currency`) VALUES
	(1, 'Customer Name', 'customer@mail.com', '8801XXXXXXXXX', 10, 'Customer Address', 'Pending', '684fee4f4b1aa', 'BDT'),
	(2, 'Customer Name', 'customer@mail.com', '8801XXXXXXXXX', 10, 'Customer Address', 'Pending', '685001b5a9e93', 'BDT'),
	(3, 'Customer Name', 'customer@mail.com', '8801XXXXXXXXX', 10, 'Customer Address', 'Pending', '685001e9128a6', 'BDT'),
	(4, 'Customer Name', 'customer@mail.com', '8801XXXXXXXXX', 10, 'Customer Address', 'Pending', '685003819fe55', 'BDT'),
	(5, 'Customer Name', 'customer@mail.com', '8801XXXXXXXXX', 10, 'Customer Address', 'Pending', '685012d8cdd7a', 'BDT'),
	(6, 'Customer Name', 'customer@mail.com', '8801XXXXXXXXX', 10, 'Customer Address', 'Pending', '6850147389d5c', 'BDT'),
	(7, 'Customer Name', 'customer@mail.com', '8801XXXXXXXXX', 10, 'Customer Address', 'Processing', '6850154b957af', 'BDT'),
	(8, 'Customer Name', 'customer@mail.com', '8801XXXXXXXXX', 10, 'Customer Address', 'Processing', '6850182a94b14', 'BDT'),
	(9, 'Customer Name', 'customer@mail.com', '8801XXXXXXXXX', 10, 'Customer Address', 'Processing', '6850191f647e4', 'BDT'),
	(10, 'Customer Name', 'customer@mail.com', '8801XXXXXXXXX', 10, 'Customer Address', 'Pending', '68501a6a01164', 'BDT'),
	(11, 'Customer Name', 'customer@mail.com', '8801XXXXXXXXX', 10, 'Customer Address', 'Pending', '68501b2d7db72', 'BDT'),
	(12, 'Customer Name', 'customer@mail.com', '8801XXXXXXXXX', 10, 'Customer Address', 'Pending', '68501bb4cbb8a', 'BDT'),
	(13, 'Customer Name', 'customer@mail.com', '8801XXXXXXXXX', 10, 'Customer Address', 'Pending', '68501bf28836a', 'BDT'),
	(14, 'Customer Name', 'customer@mail.com', '8801XXXXXXXXX', 10, 'Customer Address', 'Pending', '68501d48b1dff', 'BDT'),
	(15, 'Customer Name', 'customer@mail.com', '8801XXXXXXXXX', 10, 'Customer Address', 'Pending', '68501df5a574b', 'BDT'),
	(16, 'Customer Name', 'customer@mail.com', '8801XXXXXXXXX', 10, 'Customer Address', 'Pending', '68501f1039703', 'BDT'),
	(17, 'Customer Name', 'customer@mail.com', '8801XXXXXXXXX', 10, 'Customer Address', 'Pending', '6850219112164', 'BDT'),
	(18, 'Customer Name', 'customer@mail.com', '8801XXXXXXXXX', 10, 'Customer Address', 'Pending', '685021e92dcc7', 'BDT'),
	(19, 'Customer Name', 'customer@mail.com', '8801XXXXXXXXX', 10, 'Customer Address', 'Pending', '6850224c1cc68', 'BDT'),
	(20, 'Customer Name', 'customer@mail.com', '8801XXXXXXXXX', 10, 'Customer Address', 'Pending', '685022d1be19b', 'BDT'),
	(21, 'Customer Name', 'customer@mail.com', '8801XXXXXXXXX', 10, 'Customer Address', 'Pending', '68515011bf537', 'BDT');

-- Dumping structure for table rent_room_bd.packages
CREATE TABLE IF NOT EXISTS `packages` (
  `id` bigint unsigned NOT NULL AUTO_INCREMENT,
  `city_id` int unsigned DEFAULT '0',
  `area_id` bigint unsigned NOT NULL,
  `property_id` bigint unsigned NOT NULL,
  `name` varchar(255) COLLATE utf8mb4_unicode_ci NOT NULL,
  `zone_id` bigint unsigned NOT NULL,
  `address` varchar(255) COLLATE utf8mb4_unicode_ci NOT NULL,
  `map_link` text COLLATE utf8mb4_unicode_ci,
  `number_of_rooms` int NOT NULL,
  `number_of_kitchens` int NOT NULL,
  `common_bathrooms` int NOT NULL,
  `seating` int NOT NULL,
  `details` text COLLATE utf8mb4_unicode_ci,
  `video_link` varchar(255) COLLATE utf8mb4_unicode_ci DEFAULT NULL,
  `status` varchar(255) COLLATE utf8mb4_unicode_ci NOT NULL DEFAULT 'active',
  `expiration_date` date DEFAULT NULL,
  `user_id` bigint unsigned NOT NULL,
  `created_at` timestamp NULL DEFAULT NULL,
  `updated_at` timestamp NULL DEFAULT NULL,
  `assigned_to` bigint unsigned DEFAULT NULL,
  `assigned_by` bigint unsigned DEFAULT NULL,
  `assigned_at` timestamp NULL DEFAULT NULL,
  `property_type_id` bigint unsigned NOT NULL,
  PRIMARY KEY (`id`),
  KEY `packages_city_id_foreign` (`city_id`),
  KEY `packages_area_id_foreign` (`area_id`),
  KEY `packages_property_id_foreign` (`property_id`),
  KEY `packages_user_id_foreign` (`user_id`),
  KEY `packages_assigned_to_foreign` (`assigned_to`),
  KEY `packages_assigned_by_foreign` (`assigned_by`),
  CONSTRAINT `packages_area_id_foreign` FOREIGN KEY (`area_id`) REFERENCES `areas` (`id`) ON DELETE CASCADE,
  CONSTRAINT `packages_assigned_by_foreign` FOREIGN KEY (`assigned_by`) REFERENCES `users` (`id`),
  CONSTRAINT `packages_assigned_to_foreign` FOREIGN KEY (`assigned_to`) REFERENCES `users` (`id`),
  CONSTRAINT `packages_city_id_foreign` FOREIGN KEY (`city_id`) REFERENCES `cities` (`id`) ON DELETE CASCADE,
  CONSTRAINT `packages_property_id_foreign` FOREIGN KEY (`property_id`) REFERENCES `properties` (`id`) ON DELETE CASCADE,
  CONSTRAINT `packages_user_id_foreign` FOREIGN KEY (`user_id`) REFERENCES `users` (`id`) ON DELETE CASCADE
) ENGINE=InnoDB AUTO_INCREMENT=26 DEFAULT CHARSET=utf8mb4 COLLATE=utf8mb4_unicode_ci;

-- Dumping data for table rent_room_bd.packages: ~15 rows (approximately)
INSERT INTO `packages` (`id`, `city_id`, `area_id`, `property_id`, `name`, `zone_id`, `address`, `map_link`, `number_of_rooms`, `number_of_kitchens`, `common_bathrooms`, `seating`, `details`, `video_link`, `status`, `expiration_date`, `user_id`, `created_at`, `updated_at`, `assigned_to`, `assigned_by`, `assigned_at`, `property_type_id`) VALUES
	(8, 65, 593, 10, 'Assumenda non quis a', 0, 'Rerum qui sint eos d', 'https://www.seqofoxabaq.co.uk', 58, 9, 82, 33, 'Aliquam nisi qui ut ', 'https://www.youtube.com/watch?v=c2E3_pE0QDc', 'active', '2025-12-31', 1, '2025-05-14 05:33:56', '2025-05-14 05:33:56', NULL, NULL, NULL, 2),
	(9, 65, 593, 10, 'Laboriosam eu excep', 0, 'Quae molestiae obcae', 'https://www.vov.me', 49, 37, 43, 21, 'Accusantium ex omnis', 'https://www.youtube.com/watch?v=c2E3_pE0QDc', 'active', '2026-12-31', 1, '2025-05-14 05:35:38', '2025-05-14 05:35:38', NULL, NULL, NULL, 3),
	(10, 66, 603, 5, 'Repudiandae adipisci', 0, 'Et ullamco eu sunt ', 'https://www.hamepiv.me', 12, 26, 51, 57, 'Adipisicing aperiam ', 'https://www.youtube.com/watch?v=8xUher8-5_Q', 'active', '2026-12-31', 1, '2025-05-17 06:01:11', '2025-05-17 06:01:11', NULL, NULL, NULL, 2),
	(12, 70, 655, 12, 'Quaerat voluptates c', 8, 'Elit consequatur C', 'https://www.howugomarudy.com', 65, 91, 85, 56, 'Et ad ad esse rerum ', 'https://www.youtube.com/', 'active', '2025-12-31', 1, '2025-05-23 23:57:01', '2025-05-23 23:57:01', NULL, NULL, NULL, 2),
	(13, 70, 655, 12, 'property test', 8, 'Quia eligendi perspi', 'https://www.xosivonajipadog.co', 78, 2, 14, 50, 'Amet assumenda nobi', 'https://www.youtube.com/', 'active', '2025-12-31', 1, '2025-05-24 00:02:23', '2025-05-24 00:02:23', NULL, NULL, NULL, 2),
	(14, 65, 547, 13, 'Soluta mollit elit ', 11, 'Sed aliquip aliquam ', 'https://www.vimoj.com', 57, 25, 23, 57, 'Ea est saepe non ea ', 'https://www.youtube.com/', 'active', '2025-12-31', 1, '2025-05-24 01:19:39', '2025-05-24 01:19:39', NULL, NULL, NULL, 2),
	(15, 65, 547, 14, 'Hurray', 12, 'fake address', 'https://test.com', 5, 4, 2, 20, 'adfasdfds', 'https://www.youtube.com/watch?v=c2E3_pE0QDc', 'active', '2027-12-28', 1, '2025-05-24 04:30:15', '2025-05-24 04:30:15', NULL, NULL, NULL, 3),
	(16, 65, 547, 13, 'Economic', 11, 'Adabar, Dhaka', 'https://www.google.com/maps/place/Adabar,+Dhaka/@23.7698491,90.3427458,15z/data=!3m1!4b1!4m6!3m5!1s0x3755c0bcdf50fd59:0x9ab0a63bb3267107!8m2!3d23.7732898!4d90.3548312!16s%2Fg%2F1tdk8fc1?authuser=0&entry=ttu&g_ep=EgoyMDI1MDUyMS4wIKXMDSoASAFQAw%3D%3D', 5, 1, 4, 20, 'adfjaksdfjjlk;sdaf', 'https://www.youtube.com/', 'active', '2025-12-30', 1, '2025-05-26 00:16:56', '2025-05-26 00:16:56', NULL, NULL, NULL, 2),
	(17, 65, 547, 14, 'check 420', 12, 'Id sunt elit dolo', 'https://www.meteky.com', 41, 84, 26, 88, 'Hic et similique ea ', 'https://www.youtube.com/', 'active', '2025-12-10', 1, '2025-06-02 22:32:07', '2025-06-02 22:32:07', NULL, NULL, NULL, 1),
	(18, 65, 547, 14, 'Temporibus pariatur', 12, 'Maiores in incidunt', 'https://www.buniduzot.org.uk', 55, 80, 30, 13, 'Explicabo Ullam dol', 'https://www.youtube.com/', 'active', '2025-12-20', 3, '2025-06-03 00:51:11', '2025-06-03 00:51:11', NULL, NULL, NULL, 2),
	(19, 65, 547, 13, 'package name', 11, 'Rerum ex aperiam qui', 'https://www.tigidip.in', 62, 9, 98, 30, 'Et qui eligendi dolo', 'https://www.youtube.com/', 'active', '2025-12-30', 1, '2025-06-04 02:24:49', '2025-06-04 02:24:49', NULL, NULL, NULL, 1),
	(20, 65, 547, 13, 'Mamoon package', 11, 'Voluptatem tempore ', 'https://www.vapic.us', 59, 49, 11, 66, 'Pariatur Accusantiu', 'https://www.youtube.com/', 'active', '2026-12-19', 3, '2025-06-04 02:30:16', '2025-06-04 02:30:16', NULL, NULL, NULL, 3),
	(21, 65, 547, 13, 'Map package', 11, 'Nisi ut quis sit con', 'https://www.google.com/maps/place/Sheraton+Dhaka/@23.7934681,90.4061862,17z/data=!3m1!4b1!4m9!3m8!1s0x3755c7cb22f5898d:0xbd7ab0d9ac06c09f!5m2!4m1!1i2!8m2!3d23.7934681!4d90.4061862!16s%2Fg%2F11rmxb743d?entry=ttu&g_ep=EgoyMDI1MDYxMS4wIKXMDSoASAFQAw%3D%3D', 71, 87, 70, 15, 'Quia ipsa cupiditat', 'https://www.youtube.com/watch?v=EPXcCRTLP2E', 'active', '2027-12-27', 1, '2025-06-14 05:41:09', '2025-06-14 05:41:09', NULL, NULL, NULL, 1),
	(22, 65, 547, 14, 'Economic', 12, 'Dolorem voluptas dol', 'https://www.qidecypycowoq.tv', 3, 1, 1, 1, 'Quas ab natus dolor ', 'https://www.youtube.com/', 'active', '2030-12-21', 1, '2025-06-21 22:25:37', '2025-06-21 22:25:37', NULL, NULL, NULL, 4),
	(25, 72, 619, 16, 'Chowrasta ', 13, 'Obcaecati dolores of', 'https://www.pukib.co.uk', 65, 72, 20, 11, 'Enim ut a vitae beat', 'https://www.youtube.com/watch?v=c2E3_pE0QDc', 'active', '2032-12-13', 16, '2025-06-30 03:11:53', '2025-06-30 03:11:53', NULL, NULL, NULL, 3);

-- Dumping structure for table rent_room_bd.package_amenities
CREATE TABLE IF NOT EXISTS `package_amenities` (
  `id` bigint unsigned NOT NULL AUTO_INCREMENT,
  `package_id` bigint unsigned NOT NULL,
  `amenity_id` bigint unsigned NOT NULL,
  `price` decimal(8,2) DEFAULT NULL,
  `is_paid` tinyint(1) NOT NULL DEFAULT '0',
  `user_id` bigint unsigned NOT NULL,
  `created_at` timestamp NULL DEFAULT NULL,
  `updated_at` timestamp NULL DEFAULT NULL,
  PRIMARY KEY (`id`),
  KEY `package_amenities_package_id_foreign` (`package_id`),
  KEY `package_amenities_amenity_id_foreign` (`amenity_id`),
  KEY `package_amenities_user_id_foreign` (`user_id`),
  CONSTRAINT `package_amenities_amenity_id_foreign` FOREIGN KEY (`amenity_id`) REFERENCES `amenities` (`id`) ON DELETE CASCADE,
  CONSTRAINT `package_amenities_package_id_foreign` FOREIGN KEY (`package_id`) REFERENCES `packages` (`id`) ON DELETE CASCADE,
  CONSTRAINT `package_amenities_user_id_foreign` FOREIGN KEY (`user_id`) REFERENCES `users` (`id`) ON DELETE CASCADE
) ENGINE=InnoDB AUTO_INCREMENT=40 DEFAULT CHARSET=utf8mb4 COLLATE=utf8mb4_unicode_ci;

-- Dumping data for table rent_room_bd.package_amenities: ~20 rows (approximately)
INSERT INTO `package_amenities` (`id`, `package_id`, `amenity_id`, `price`, `is_paid`, `user_id`, `created_at`, `updated_at`) VALUES
	(15, 10, 1, NULL, 0, 1, NULL, NULL),
	(16, 10, 1, 91.00, 1, 1, NULL, NULL),
	(17, 12, 1, 59.00, 1, 1, NULL, NULL),
	(18, 13, 1, NULL, 0, 1, NULL, NULL),
	(19, 13, 1, 83.00, 1, 1, NULL, NULL),
	(20, 14, 1, NULL, 0, 1, NULL, NULL),
	(21, 14, 1, 22.00, 1, 1, NULL, NULL),
	(22, 15, 1, NULL, 0, 1, NULL, NULL),
	(23, 15, 1, 200.00, 1, 1, NULL, NULL),
	(24, 16, 1, NULL, 0, 1, NULL, NULL),
	(25, 16, 1, 400.00, 1, 1, NULL, NULL),
	(26, 17, 1, NULL, 0, 1, NULL, NULL),
	(27, 17, 1, 19.00, 1, 1, NULL, NULL),
	(28, 18, 1, 64.00, 1, 3, NULL, NULL),
	(29, 19, 1, 88.00, 1, 1, NULL, NULL),
	(30, 20, 1, 12.00, 1, 3, NULL, NULL),
	(31, 21, 1, NULL, 0, 1, NULL, NULL),
	(32, 21, 1, 23.00, 1, 1, NULL, NULL),
	(33, 22, 1, NULL, 0, 1, NULL, NULL),
	(34, 22, 1, 10.00, 1, 1, NULL, NULL),
	(38, 25, 1, NULL, 0, 16, NULL, NULL),
	(39, 25, 1, 64.00, 1, 16, NULL, NULL);

-- Dumping structure for table rent_room_bd.package_documents
CREATE TABLE IF NOT EXISTS `package_documents` (
  `id` bigint unsigned NOT NULL AUTO_INCREMENT,
  `package_id` bigint unsigned NOT NULL,
  `type` varchar(255) COLLATE utf8mb4_unicode_ci NOT NULL,
  `path` varchar(255) COLLATE utf8mb4_unicode_ci NOT NULL,
  `expires_at` date DEFAULT NULL,
  `created_at` timestamp NULL DEFAULT NULL,
  `updated_at` timestamp NULL DEFAULT NULL,
  PRIMARY KEY (`id`),
  KEY `package_documents_package_id_foreign` (`package_id`),
  CONSTRAINT `package_documents_package_id_foreign` FOREIGN KEY (`package_id`) REFERENCES `packages` (`id`) ON DELETE CASCADE
) ENGINE=InnoDB DEFAULT CHARSET=utf8mb4 COLLATE=utf8mb4_unicode_ci;

-- Dumping data for table rent_room_bd.package_documents: ~0 rows (approximately)

-- Dumping structure for table rent_room_bd.package_instructions
CREATE TABLE IF NOT EXISTS `package_instructions` (
  `id` bigint unsigned NOT NULL AUTO_INCREMENT,
  `package_id` bigint unsigned NOT NULL,
  `title` varchar(255) COLLATE utf8mb4_unicode_ci NOT NULL,
  `description` text COLLATE utf8mb4_unicode_ci NOT NULL,
  `order` int NOT NULL DEFAULT '0',
  `user_id` bigint unsigned NOT NULL,
  `created_at` timestamp NULL DEFAULT NULL,
  `updated_at` timestamp NULL DEFAULT NULL,
  PRIMARY KEY (`id`),
  KEY `package_instructions_package_id_foreign` (`package_id`),
  KEY `package_instructions_user_id_foreign` (`user_id`),
  CONSTRAINT `package_instructions_package_id_foreign` FOREIGN KEY (`package_id`) REFERENCES `packages` (`id`) ON DELETE CASCADE,
  CONSTRAINT `package_instructions_user_id_foreign` FOREIGN KEY (`user_id`) REFERENCES `users` (`id`) ON DELETE CASCADE
) ENGINE=InnoDB AUTO_INCREMENT=25 DEFAULT CHARSET=utf8mb4 COLLATE=utf8mb4_unicode_ci;

-- Dumping data for table rent_room_bd.package_instructions: ~10 rows (approximately)
INSERT INTO `package_instructions` (`id`, `package_id`, `title`, `description`, `order`, `user_id`, `created_at`, `updated_at`) VALUES
	(10, 10, 'Non rerum nobis in f', 'Id error ut adipisc', 0, 1, '2025-05-17 06:01:11', '2025-05-17 06:01:11'),
	(11, 12, 'Sequi et aliquid sun', 'Quibusdam aut commod', 0, 1, '2025-05-23 23:57:01', '2025-05-23 23:57:01'),
	(12, 13, 'Eaque saepe ut ipsa', 'In quod in proident', 0, 1, '2025-05-24 00:02:23', '2025-05-24 00:02:23'),
	(13, 14, 'Eligendi est quo dol', 'Adipisicing aute ut ', 0, 1, '2025-05-24 01:19:39', '2025-05-24 01:19:39'),
	(14, 15, 'asdfsadf', 'adsfsdf', 0, 1, '2025-05-24 04:30:15', '2025-05-24 04:30:15'),
	(15, 16, 'First instruction', 'description', 0, 1, '2025-05-26 00:16:56', '2025-05-26 00:16:56'),
	(16, 17, 'Cumque est repudiand', 'Odit in eos et eum c', 0, 1, '2025-06-02 22:32:07', '2025-06-02 22:32:07'),
	(17, 18, 'Dolorum ratione labo', 'Ut assumenda nisi ei', 0, 3, '2025-06-03 00:51:11', '2025-06-03 00:51:11'),
	(18, 19, 'Dolorum consequatur ', 'Amet ut ex et sunt ', 0, 1, '2025-06-04 02:24:49', '2025-06-04 02:24:49'),
	(19, 20, 'Dolorem velit hic u', 'Ab omnis atque neque', 0, 3, '2025-06-04 02:30:16', '2025-06-04 02:30:16'),
	(20, 21, 'Quia veniam magni d', 'Sit ducimus qui qu', 0, 1, '2025-06-14 05:41:09', '2025-06-14 05:41:09'),
	(21, 22, 'Beatae dolorum dolor', 'Excepturi voluptas o', 0, 1, '2025-06-21 22:25:37', '2025-06-21 22:25:37'),
	(24, 25, 'Rem distinctio Eum ', 'Dolorum magnam exped', 0, 16, '2025-06-30 03:11:53', '2025-06-30 03:11:53');

-- Dumping structure for table rent_room_bd.package_maintains
CREATE TABLE IF NOT EXISTS `package_maintains` (
  `id` bigint unsigned NOT NULL AUTO_INCREMENT,
  `package_id` bigint unsigned NOT NULL,
  `maintain_id` bigint unsigned NOT NULL,
  `price` decimal(8,2) DEFAULT NULL,
  `is_paid` tinyint(1) NOT NULL DEFAULT '0',
  `user_id` bigint unsigned NOT NULL,
  `created_at` timestamp NULL DEFAULT NULL,
  `updated_at` timestamp NULL DEFAULT NULL,
  PRIMARY KEY (`id`),
  KEY `package_maintains_package_id_foreign` (`package_id`),
  KEY `package_maintains_maintain_id_foreign` (`maintain_id`),
  KEY `package_maintains_user_id_foreign` (`user_id`),
  CONSTRAINT `package_maintains_maintain_id_foreign` FOREIGN KEY (`maintain_id`) REFERENCES `maintains` (`id`) ON DELETE CASCADE,
  CONSTRAINT `package_maintains_package_id_foreign` FOREIGN KEY (`package_id`) REFERENCES `packages` (`id`) ON DELETE CASCADE,
  CONSTRAINT `package_maintains_user_id_foreign` FOREIGN KEY (`user_id`) REFERENCES `users` (`id`) ON DELETE CASCADE
) ENGINE=InnoDB AUTO_INCREMENT=54 DEFAULT CHARSET=utf8mb4 COLLATE=utf8mb4_unicode_ci;

-- Dumping data for table rent_room_bd.package_maintains: ~28 rows (approximately)
INSERT INTO `package_maintains` (`id`, `package_id`, `maintain_id`, `price`, `is_paid`, `user_id`, `created_at`, `updated_at`) VALUES
	(19, 10, 2, NULL, 0, 1, NULL, NULL),
	(20, 10, 2, 97.00, 1, 1, NULL, NULL),
	(21, 12, 1, NULL, 0, 1, NULL, NULL),
	(22, 12, 2, 51.00, 1, 1, NULL, NULL),
	(23, 13, 2, NULL, 0, 1, NULL, NULL),
	(24, 13, 1, NULL, 0, 1, NULL, NULL),
	(25, 13, 2, 41.00, 1, 1, NULL, NULL),
	(26, 14, 2, NULL, 0, 1, NULL, NULL),
	(27, 14, 1, NULL, 0, 1, NULL, NULL),
	(28, 14, 2, 79.00, 1, 1, NULL, NULL),
	(29, 15, 1, NULL, 0, 1, NULL, NULL),
	(30, 15, 2, NULL, 0, 1, NULL, NULL),
	(31, 15, 1, 100.00, 1, 1, NULL, NULL),
	(32, 16, 1, NULL, 0, 1, NULL, NULL),
	(33, 16, 2, NULL, 0, 1, NULL, NULL),
	(34, 16, 1, 200.00, 1, 1, NULL, NULL),
	(35, 17, 1, NULL, 0, 1, NULL, NULL),
	(36, 17, 2, NULL, 0, 1, NULL, NULL),
	(37, 17, 2, 85.00, 1, 1, NULL, NULL),
	(38, 18, 1, NULL, 0, 3, NULL, NULL),
	(39, 18, 2, 93.00, 1, 3, NULL, NULL),
	(40, 19, 1, NULL, 0, 1, NULL, NULL),
	(41, 19, 2, NULL, 0, 1, NULL, NULL),
	(42, 19, 2, 96.00, 1, 1, NULL, NULL),
	(43, 20, 1, NULL, 0, 3, NULL, NULL),
	(44, 20, 2, 82.00, 1, 3, NULL, NULL),
	(45, 21, 2, 10.00, 1, 1, NULL, NULL),
	(46, 22, 1, 20.00, 1, 1, NULL, NULL),
	(51, 25, 1, NULL, 0, 16, NULL, NULL),
	(52, 25, 2, NULL, 0, 16, NULL, NULL),
	(53, 25, 2, 44.00, 1, 16, NULL, NULL);

-- Dumping structure for table rent_room_bd.partner_terms_conditions
CREATE TABLE IF NOT EXISTS `partner_terms_conditions` (
  `id` bigint unsigned NOT NULL AUTO_INCREMENT,
  `title` varchar(255) COLLATE utf8mb4_unicode_ci NOT NULL,
  `content` text COLLATE utf8mb4_unicode_ci NOT NULL,
  `created_at` timestamp NULL DEFAULT NULL,
  `updated_at` timestamp NULL DEFAULT NULL,
  PRIMARY KEY (`id`)
) ENGINE=InnoDB AUTO_INCREMENT=2 DEFAULT CHARSET=utf8mb4 COLLATE=utf8mb4_unicode_ci;

-- Dumping data for table rent_room_bd.partner_terms_conditions: ~0 rows (approximately)
INSERT INTO `partner_terms_conditions` (`id`, `title`, `content`, `created_at`, `updated_at`) VALUES
	(1, 'Partner term and condition title', 'Partner term and condition content', '2025-05-11 23:05:36', '2025-05-11 23:05:36');

-- Dumping structure for table rent_room_bd.password_reset_tokens
CREATE TABLE IF NOT EXISTS `password_reset_tokens` (
  `email` varchar(255) COLLATE utf8mb4_unicode_ci NOT NULL,
  `token` varchar(255) COLLATE utf8mb4_unicode_ci NOT NULL,
  `created_at` timestamp NULL DEFAULT NULL,
  PRIMARY KEY (`email`)
) ENGINE=InnoDB DEFAULT CHARSET=utf8mb4 COLLATE=utf8mb4_unicode_ci;

-- Dumping data for table rent_room_bd.password_reset_tokens: ~0 rows (approximately)

-- Dumping structure for table rent_room_bd.payments
CREATE TABLE IF NOT EXISTS `payments` (
  `id` bigint unsigned NOT NULL AUTO_INCREMENT,
  `booking_id` bigint unsigned NOT NULL,
  `booking_payment_id` bigint unsigned DEFAULT NULL,
  `payment_method` enum('cash','card','bank_transfer','bikash','nogod','rocket') COLLATE utf8mb4_unicode_ci DEFAULT NULL,
  `paymentOption` varchar(255) COLLATE utf8mb4_unicode_ci DEFAULT NULL,
  `amount` decimal(10,2) NOT NULL,
  `transaction_id` varchar(255) COLLATE utf8mb4_unicode_ci DEFAULT NULL,
  `status` varchar(255) COLLATE utf8mb4_unicode_ci NOT NULL DEFAULT 'pending',
  `created_at` timestamp NULL DEFAULT NULL,
  `updated_at` timestamp NULL DEFAULT NULL,
  `payment_type` enum('booking','rent') COLLATE utf8mb4_unicode_ci NOT NULL DEFAULT 'booking',
  PRIMARY KEY (`id`),
  KEY `payments_booking_id_foreign` (`booking_id`),
  KEY `payments_booking_payment_id_foreign` (`booking_payment_id`),
  CONSTRAINT `payments_booking_id_foreign` FOREIGN KEY (`booking_id`) REFERENCES `bookings` (`id`) ON DELETE CASCADE,
  CONSTRAINT `payments_booking_payment_id_foreign` FOREIGN KEY (`booking_payment_id`) REFERENCES `booking_payments` (`id`) ON DELETE SET NULL
) ENGINE=InnoDB AUTO_INCREMENT=41 DEFAULT CHARSET=utf8mb4 COLLATE=utf8mb4_unicode_ci;

-- Dumping data for table rent_room_bd.payments: ~28 rows (approximately)
INSERT INTO `payments` (`id`, `booking_id`, `booking_payment_id`, `payment_method`, `paymentOption`, `amount`, `transaction_id`, `status`, `created_at`, `updated_at`, `payment_type`) VALUES
	(6, 7, NULL, 'bank_transfer', NULL, 100.00, 'test', 'pending', '2025-05-24 03:42:56', '2025-05-24 03:42:56', 'booking'),
	(7, 8, NULL, 'bank_transfer', NULL, 500.00, 'test420', 'pending', '2025-05-24 03:45:54', '2025-05-24 03:45:54', 'booking'),
	(8, 9, NULL, 'bank_transfer', NULL, 600.00, 'test357', 'pending', '2025-05-24 04:23:50', '2025-05-24 04:23:50', 'booking'),
	(9, 10, NULL, 'bank_transfer', NULL, 500.00, 'mamoonpay', 'pending', '2025-06-04 02:31:25', '2025-06-04 02:31:25', 'booking'),
	(10, 11, NULL, 'bank_transfer', NULL, 500.00, 'mamoon', 'pending', '2025-06-04 04:56:43', '2025-06-04 04:56:43', 'booking'),
	(11, 12, NULL, 'bank_transfer', NULL, 1000.00, 'test365', 'pending', '2025-06-07 05:59:34', '2025-06-07 05:59:34', 'booking'),
	(12, 13, NULL, 'bank_transfer', NULL, 1000.00, 'mamoon', 'pending', '2025-06-13 23:19:24', '2025-06-13 23:19:24', 'booking'),
	(13, 14, NULL, 'bank_transfer', NULL, 500.00, 'test420', 'pending', '2025-06-15 00:46:53', '2025-06-15 00:46:53', 'booking'),
	(14, 20, NULL, 'bikash', NULL, 200.00, 'check420', 'pending', '2025-06-18 06:51:52', '2025-06-18 06:51:52', 'booking'),
	(15, 21, NULL, 'nogod', NULL, 1000.00, 'mamoon0607036', 'pending', '2025-06-18 06:55:09', '2025-06-18 06:55:09', 'booking'),
	(16, 22, NULL, 'bikash', NULL, 500.00, 'check42025314', 'pending', '2025-06-18 07:49:05', '2025-06-18 07:49:05', 'booking'),
	(17, 23, NULL, 'rocket', NULL, 500.00, 'check420', 'pending', '2025-06-19 05:33:27', '2025-06-19 05:33:27', 'booking'),
	(18, 24, NULL, 'rocket', NULL, 1000.00, 'check42025314', 'pending', '2025-06-20 23:11:21', '2025-06-20 23:11:21', 'booking'),
	(19, 24, 48, 'card', NULL, 1000.00, NULL, 'pending', '2025-06-21 00:20:34', '2025-06-21 00:20:34', 'booking'),
	(20, 24, 48, 'card', NULL, 1000.00, NULL, 'pending', '2025-06-21 00:21:03', '2025-06-21 00:21:03', 'booking'),
	(21, 24, 48, 'bank_transfer', NULL, 1000.00, 'adfsdf', 'pending', '2025-06-21 00:21:19', '2025-06-21 00:21:19', 'booking'),
	(22, 24, 48, 'bank_transfer', NULL, 1000.00, 'test321', 'pending', '2025-06-21 00:32:02', '2025-06-21 00:32:02', 'booking'),
	(23, 15, 29, 'nogod', NULL, 500.00, 'check500', 'pending', '2025-06-21 02:07:06', '2025-06-21 02:07:06', 'booking'),
	(24, 25, NULL, 'nogod', NULL, 1000.00, 'check420', 'Paid', '2025-06-21 02:24:41', '2025-06-21 02:32:30', 'booking'),
	(25, 26, NULL, 'nogod', NULL, 900.00, 'check42025314', 'Paid', '2025-06-21 02:35:15', '2025-06-21 02:43:21', 'booking'),
	(26, 27, NULL, 'nogod', NULL, 200.00, 'mamoon0607036', 'Paid', '2025-06-21 03:11:41', '2025-06-21 03:13:06', 'booking'),
	(27, 27, 55, 'nogod', NULL, 450.00, 'fake354', 'Paid', '2025-06-21 03:13:59', '2025-06-21 03:16:06', 'rent'),
	(28, 28, NULL, 'nogod', NULL, 100.00, 'check420', 'Paid', '2025-06-21 03:17:22', '2025-06-21 03:18:16', 'booking'),
	(29, 28, 57, 'rocket', NULL, 500.00, 'asdfasdf', 'pending', '2025-06-21 03:19:42', '2025-06-21 03:19:42', 'rent'),
	(30, 29, NULL, 'nogod', NULL, 100.00, 'check420', 'pending', '2025-06-21 03:53:32', '2025-06-21 03:53:32', 'booking'),
	(31, 31, NULL, 'bikash', 'booking_only', 100.00, 'check420', 'pending', '2025-06-21 04:17:05', '2025-06-21 04:17:05', 'booking'),
	(32, 32, NULL, 'nogod', 'booking_only', 500.00, 'tan654', 'pending', '2025-06-21 05:57:47', '2025-06-21 05:57:47', 'booking'),
	(33, 33, NULL, 'nogod', 'booking_only', 2000.00, 'tranFinal', 'pending', '2025-06-21 06:04:30', '2025-06-21 06:04:30', 'booking'),
	(34, 34, NULL, 'nogod', 'full', 900.00, 'fulCheck', 'pending', '2025-06-21 06:06:03', '2025-06-21 06:06:03', 'booking'),
	(35, 35, NULL, 'nogod', 'full', 6500.00, 'fullagain', 'pending', '2025-06-21 06:10:24', '2025-06-21 06:10:24', 'booking'),
	(36, 36, NULL, 'nogod', 'booking_only', 500.00, 'mamoon0607036', 'Paid', '2025-06-21 06:37:58', '2025-06-21 06:57:40', 'booking'),
	(37, 43, NULL, 'nogod', 'booking_only', 780.00, 'test', 'pending', '2025-06-23 22:31:21', '2025-06-23 22:31:21', 'booking'),
	(38, 44, NULL, 'nogod', 'full', 7023.00, 'check420', 'pending', '2025-06-23 22:34:31', '2025-06-23 22:34:31', 'booking'),
	(39, 45, NULL, 'nogod', 'booking_only', 2108.00, 'cadsfasdf', 'pending', '2025-06-30 03:26:50', '2025-06-30 03:26:50', 'booking'),
	(40, 46, NULL, 'nogod', 'full', 600.00, 'check420', 'pending', '2025-06-30 03:39:32', '2025-06-30 03:39:32', 'booking');

-- Dumping structure for table rent_room_bd.payment_links
CREATE TABLE IF NOT EXISTS `payment_links` (
  `id` bigint unsigned NOT NULL AUTO_INCREMENT,
  `unique_id` varchar(255) COLLATE utf8mb4_unicode_ci NOT NULL,
  `user_id` bigint unsigned NOT NULL,
  `booking_id` bigint unsigned NOT NULL,
  `booking_payment_id` bigint unsigned DEFAULT NULL,
  `amount` decimal(10,2) NOT NULL,
  `status` varchar(255) COLLATE utf8mb4_unicode_ci NOT NULL DEFAULT 'pending',
  `created_at` timestamp NULL DEFAULT NULL,
  `updated_at` timestamp NULL DEFAULT NULL,
  PRIMARY KEY (`id`),
  UNIQUE KEY `payment_links_unique_id_unique` (`unique_id`),
  KEY `payment_links_user_id_foreign` (`user_id`),
  KEY `payment_links_booking_id_foreign` (`booking_id`),
  KEY `payment_links_booking_payment_id_foreign` (`booking_payment_id`),
  CONSTRAINT `payment_links_booking_id_foreign` FOREIGN KEY (`booking_id`) REFERENCES `bookings` (`id`) ON DELETE CASCADE,
  CONSTRAINT `payment_links_booking_payment_id_foreign` FOREIGN KEY (`booking_payment_id`) REFERENCES `booking_payments` (`id`) ON DELETE SET NULL,
  CONSTRAINT `payment_links_user_id_foreign` FOREIGN KEY (`user_id`) REFERENCES `users` (`id`) ON DELETE CASCADE
) ENGINE=InnoDB DEFAULT CHARSET=utf8mb4 COLLATE=utf8mb4_unicode_ci;

-- Dumping data for table rent_room_bd.payment_links: ~0 rows (approximately)

-- Dumping structure for table rent_room_bd.permissions
CREATE TABLE IF NOT EXISTS `permissions` (
  `id` bigint unsigned NOT NULL AUTO_INCREMENT,
  `name` varchar(255) COLLATE utf8mb4_unicode_ci NOT NULL,
  `guard_name` varchar(255) COLLATE utf8mb4_unicode_ci NOT NULL,
  `created_at` timestamp NULL DEFAULT NULL,
  `updated_at` timestamp NULL DEFAULT NULL,
  PRIMARY KEY (`id`),
  UNIQUE KEY `permissions_name_guard_name_unique` (`name`,`guard_name`)
) ENGINE=InnoDB AUTO_INCREMENT=29 DEFAULT CHARSET=utf8mb4 COLLATE=utf8mb4_unicode_ci;

-- Dumping data for table rent_room_bd.permissions: ~15 rows (approximately)
INSERT INTO `permissions` (`id`, `name`, `guard_name`, `created_at`, `updated_at`) VALUES
	(2, 'package.edit', 'web', '2024-06-21 21:11:34', '2024-06-21 21:11:34'),
	(3, 'package.show', 'web', '2024-06-21 21:11:34', '2024-06-21 21:11:34'),
	(9, 'package.setup', 'web', '2024-06-21 21:11:34', '2024-06-21 21:11:34'),
	(10, 'dashboard', 'web', '2024-06-21 21:11:34', '2024-06-21 21:11:34'),
	(14, 'package.delete', 'web', '2024-06-22 21:03:52', '2024-06-22 21:03:52'),
	(17, 'earning', 'web', '2024-06-22 21:03:52', '2024-06-22 21:03:52'),
	(18, 'role.permission', 'web', '2024-06-22 21:03:52', '2024-06-22 21:03:52'),
	(19, 'booking', 'web', '2024-06-23 19:36:39', '2024-06-23 19:36:39'),
	(20, 'user', 'web', '2024-06-23 19:36:39', '2024-06-23 19:36:39'),
	(21, 'package', 'web', '2024-06-23 19:36:39', '2024-06-23 19:36:39'),
	(22, 'site.settings', 'web', '2024-07-03 12:32:43', '2024-07-03 12:32:43'),
	(24, 'my-packages', 'web', '2024-07-09 05:44:58', '2024-07-09 05:44:58'),
	(26, 'Package Create', 'web', '2024-07-31 07:20:50', '2024-07-31 07:20:50'),
	(27, 'send-emails', 'web', '2024-09-17 01:47:07', '2024-09-17 01:47:07'),
	(28, 'massage', 'web', '2024-09-18 17:04:24', '2024-09-18 17:04:24');

-- Dumping structure for table rent_room_bd.photos
CREATE TABLE IF NOT EXISTS `photos` (
  `id` bigint unsigned NOT NULL AUTO_INCREMENT,
  `package_id` bigint unsigned NOT NULL,
  `url` varchar(255) COLLATE utf8mb4_unicode_ci NOT NULL,
  `created_at` timestamp NULL DEFAULT NULL,
  `updated_at` timestamp NULL DEFAULT NULL,
  `user_id` bigint unsigned NOT NULL,
  PRIMARY KEY (`id`),
  KEY `photos_package_id_foreign` (`package_id`),
  KEY `photos_user_id_foreign` (`user_id`),
  CONSTRAINT `photos_package_id_foreign` FOREIGN KEY (`package_id`) REFERENCES `packages` (`id`) ON DELETE CASCADE,
  CONSTRAINT `photos_user_id_foreign` FOREIGN KEY (`user_id`) REFERENCES `users` (`id`) ON DELETE CASCADE
) ENGINE=InnoDB AUTO_INCREMENT=32 DEFAULT CHARSET=utf8mb4 COLLATE=utf8mb4_unicode_ci;

-- Dumping data for table rent_room_bd.photos: ~14 rows (approximately)
INSERT INTO `photos` (`id`, `package_id`, `url`, `created_at`, `updated_at`, `user_id`) VALUES
	(16, 10, 'photos/rg6wUgaW1lghCxSqjADGko9uqiOAncsVHz0JwG1k.jpg', '2025-05-17 06:01:11', '2025-05-17 06:01:11', 1),
	(17, 10, 'photos/EgKpCWEWeZNp3AUdKRPTmHFecBseVrKHo9824nNu.webp', '2025-05-17 06:01:11', '2025-05-17 06:01:11', 1),
	(18, 12, 'photos/56vSj5uhmzXo0oneqRSC2YDeLKJYxfx9zRNb4bAz.jpg', '2025-05-23 23:57:01', '2025-05-23 23:57:01', 1),
	(19, 13, 'photos/OW1CEBRcUWuJMvII4Uy0zxtQnJVkSQGG9GTKFV4t.jpg', '2025-05-24 00:02:23', '2025-05-24 00:02:23', 1),
	(20, 14, 'photos/tiVubqqY8R3OVMfo9AtvYIJE2BAQAcH758qizmhC.jpg', '2025-05-24 01:19:39', '2025-05-24 01:19:39', 1),
	(21, 15, 'photos/X92Y5eNPspfVa3QtY6pdJEqgmdTGm4H3TXEorWuR.jpg', '2025-05-24 04:30:15', '2025-05-24 04:30:15', 1),
	(22, 16, 'photos/A4Hl7baDzkDHNQ9zjd6WHIl07to6o83QFP4AZBMG.jpg', '2025-05-26 00:16:56', '2025-05-26 00:16:56', 1),
	(23, 17, 'photos/7RAJsE0KApN561v44qudTPdEL5MVdl6TCxOIPZUK.png', '2025-06-02 22:32:07', '2025-06-02 22:32:07', 1),
	(24, 18, 'photos/V4IjMDo4RZiofOBSfNtA6AXtYSviluOpv4GPPK20.png', '2025-06-03 00:51:11', '2025-06-03 00:51:11', 3),
	(25, 19, 'photos/xebwdtecyPRIKcLS2GzbFGJvzg5DbKcnlGyCD3OH.png', '2025-06-04 02:24:49', '2025-06-04 02:24:49', 1),
	(26, 20, 'photos/aGpidsDysJWuJnyh5a4CS3rbvbtXH3moBQh57Atd.png', '2025-06-04 02:30:16', '2025-06-04 02:30:16', 3),
	(27, 21, 'photos/TLNas8Lz7XcHebusTTSM9Bn9oJgbzXmIlM4FgQJm.webp', '2025-06-14 05:41:09', '2025-06-14 05:41:09', 1),
	(28, 22, 'photos/igAazcly8EpOWNk0Jbv0rPBjHGVNnkw1b3bfmjRT.jpg', '2025-06-21 22:25:37', '2025-06-21 22:25:37', 1),
	(31, 25, 'photos/GqZCqzzy8edzHZCakzKlDXxE5L8JcRPlUA2TttUz.jpg', '2025-06-30 03:11:54', '2025-06-30 03:11:54', 16);

-- Dumping structure for table rent_room_bd.pk_search
CREATE TABLE IF NOT EXISTS `pk_search` (
  `id` int unsigned NOT NULL AUTO_INCREMENT,
  `name` varchar(100) NOT NULL,
  `bn_name` varchar(100) DEFAULT NULL,
  `district_id` int DEFAULT NULL,
  `created_at` datetime DEFAULT NULL,
  `updated_at` datetime DEFAULT NULL,
  PRIMARY KEY (`id`)
) ENGINE=InnoDB AUTO_INCREMENT=737 DEFAULT CHARSET=utf8mb4 COLLATE=utf8mb4_0900_ai_ci;

-- Dumping data for table rent_room_bd.pk_search: ~698 rows (approximately)
INSERT INTO `pk_search` (`id`, `name`, `bn_name`, `district_id`, `created_at`, `updated_at`) VALUES
	(1, 'Amtali', 'আমতলী', NULL, NULL, NULL),
	(2, 'Bamna', 'বামনা', NULL, NULL, NULL),
	(3, 'Barguna Sadar', 'বরগুনা সদর', NULL, NULL, NULL),
	(4, 'Betagi', 'বেতাগি', NULL, NULL, NULL),
	(5, 'Patharghata', 'পাথরঘাটা', NULL, NULL, NULL),
	(6, 'Taltali', 'তালতলী', NULL, NULL, NULL),
	(7, 'Muladi', 'মুলাদি', NULL, NULL, NULL),
	(8, 'Babuganj', 'বাবুগঞ্জ', NULL, NULL, NULL),
	(9, 'Agailjhara', 'আগাইলঝরা', NULL, NULL, NULL),
	(10, 'Barisal Sadar', 'বরিশাল সদর', NULL, NULL, NULL),
	(11, 'Bakerganj', 'বাকেরগঞ্জ', NULL, NULL, NULL),
	(12, 'Banaripara', 'বানাড়িপারা', NULL, NULL, NULL),
	(13, 'Gaurnadi', 'গৌরনদী', NULL, NULL, NULL),
	(14, 'Hizla', 'হিজলা', NULL, NULL, NULL),
	(15, 'Mehendiganj', 'মেহেদিগঞ্জ', NULL, NULL, NULL),
	(16, 'Wazirpur', 'উজিরপুর', NULL, NULL, NULL),
	(17, 'Bhola Sadar', 'ভোলা সদর', NULL, NULL, NULL),
	(18, 'Burhanuddin', 'বুরহানউদ্দিন', NULL, NULL, NULL),
	(19, 'Char Fasson', 'চর ফ্যাশন', NULL, NULL, NULL),
	(20, 'Daulatkhan', 'দৌলতখান', NULL, NULL, NULL),
	(21, 'Lalmohan', 'লালমোহন', NULL, NULL, NULL),
	(22, 'Manpura', 'মনপুরা', NULL, NULL, NULL),
	(23, 'Tazumuddin', 'তাজুমুদ্দিন', NULL, NULL, NULL),
	(24, 'Jhalokati Sadar', 'ঝালকাঠি সদর', NULL, NULL, NULL),
	(25, 'Kathalia', 'কাঁঠালিয়া', NULL, NULL, NULL),
	(26, 'Nalchity', 'নলচিতি', NULL, NULL, NULL),
	(27, 'Rajapur', 'রাজাপুর', NULL, NULL, NULL),
	(28, 'Bauphal', 'বাউফল', NULL, NULL, NULL),
	(29, 'Dashmina', 'দশমিনা', NULL, NULL, NULL),
	(30, 'Galachipa', 'গলাচিপা', NULL, NULL, NULL),
	(31, 'Kalapara', 'কলাপারা', NULL, NULL, NULL),
	(32, 'Mirzaganj', 'মির্জাগঞ্জ', NULL, NULL, NULL),
	(33, 'Patuakhali Sadar', 'পটুয়াখালী সদর', NULL, NULL, NULL),
	(34, 'Dumki', 'দুমকি', NULL, NULL, NULL),
	(35, 'Rangabali', 'রাঙ্গাবালি', NULL, NULL, NULL),
	(36, 'Bhandaria', 'ভাণ্ডারিয়া', NULL, NULL, NULL),
	(37, 'Kaukhali', 'কাউখালি', NULL, NULL, NULL),
	(38, 'Mathbaria', 'মঠবাড়িয়া', NULL, NULL, NULL),
	(39, 'Nazirpur', 'নাজিরপুর', NULL, NULL, NULL),
	(40, 'Nesarabad', 'নেসারাবাদ', NULL, NULL, NULL),
	(41, 'Pirojpur Sadar', 'পিরোজপুর সদর', NULL, NULL, NULL),
	(42, 'Indurkani', 'ইন্দুরকানি', NULL, NULL, NULL),
	(43, 'Bandarban Sadar', 'বান্দরবন সদর', NULL, NULL, NULL),
	(44, 'Thanchi', 'থানচি', NULL, NULL, NULL),
	(45, 'Lama', 'লামা', NULL, NULL, NULL),
	(46, 'Naikhongchhari', 'নাইখংছড়ি', NULL, NULL, NULL),
	(47, 'Ali kadam', 'আলী কদম', NULL, NULL, NULL),
	(48, 'Rowangchari', 'রোয়াংছড়ি', NULL, NULL, NULL),
	(49, 'Ruma', 'রুমা', NULL, NULL, NULL),
	(50, 'Brahmanbaria Sadar', 'ব্রাহ্মণবাড়িয়া সদর', NULL, NULL, NULL),
	(51, 'Ashuganj', 'আশুগঞ্জ', NULL, NULL, NULL),
	(52, 'Nasirnagar', 'নাসির নগর', NULL, NULL, NULL),
	(53, 'Nabinagar', 'নবীনগর', NULL, NULL, NULL),
	(54, 'Sarail', 'সরাইল', NULL, NULL, NULL),
	(55, 'Shahbazpur Town', 'শাহবাজপুর টাউন', NULL, NULL, NULL),
	(56, 'Kasba', 'কসবা', NULL, NULL, NULL),
	(57, 'Akhaura', 'আখাউরা', NULL, NULL, NULL),
	(58, 'Bancharampur', 'বাঞ্ছারামপুর', NULL, NULL, NULL),
	(59, 'Bijoynagar', 'বিজয় নগর', NULL, NULL, NULL),
	(60, 'Chandpur Sadar', 'চাঁদপুর সদর', NULL, NULL, NULL),
	(61, 'Faridganj', 'ফরিদগঞ্জ', NULL, NULL, NULL),
	(62, 'Haimchar', 'হাইমচর', NULL, NULL, NULL),
	(63, 'Haziganj', 'হাজীগঞ্জ', NULL, NULL, NULL),
	(64, 'Kachua', 'কচুয়া', NULL, NULL, NULL),
	(65, 'Matlab Uttar', 'মতলব উত্তর', NULL, NULL, NULL),
	(66, 'Matlab Dakkhin', 'মতলব দক্ষিণ', NULL, NULL, NULL),
	(67, 'Shahrasti', 'শাহরাস্তি', NULL, NULL, NULL),
	(68, 'Anwara', 'আনোয়ারা', NULL, NULL, NULL),
	(69, 'Banshkhali', 'বাশখালি', NULL, NULL, NULL),
	(70, 'Boalkhali', 'বোয়ালখালি', NULL, NULL, NULL),
	(71, 'Chandanaish', 'চন্দনাইশ', NULL, NULL, NULL),
	(72, 'Fatikchhari', 'ফটিকছড়ি', NULL, NULL, NULL),
	(73, 'Hathazari', 'হাটহাজারী', NULL, NULL, NULL),
	(74, 'Lohagara', 'লোহাগরা', NULL, NULL, NULL),
	(75, 'Mirsharai', 'মিরসরাই', NULL, NULL, NULL),
	(76, 'Patiya', 'পটিয়া', NULL, NULL, NULL),
	(77, 'Rangunia', 'রাঙ্গুনিয়া', NULL, NULL, NULL),
	(78, 'Raozan', 'রাউজান', NULL, NULL, NULL),
	(79, 'Sandwip', 'সন্দ্বীপ', NULL, NULL, NULL),
	(80, 'Satkania', 'সাতকানিয়া', NULL, NULL, NULL),
	(81, 'Sitakunda', 'সীতাকুণ্ড', NULL, NULL, NULL),
	(82, 'Barura', 'বড়ুরা', NULL, NULL, NULL),
	(83, 'Brahmanpara', 'ব্রাহ্মণপাড়া', NULL, NULL, NULL),
	(84, 'Burichong', 'বুড়িচং', NULL, NULL, NULL),
	(85, 'Chandina', 'চান্দিনা', NULL, NULL, NULL),
	(86, 'Chauddagram', 'চৌদ্দগ্রাম', NULL, NULL, NULL),
	(87, 'Daudkandi', 'দাউদকান্দি', NULL, NULL, NULL),
	(88, 'Debidwar', 'দেবীদ্বার', NULL, NULL, NULL),
	(89, 'Homna', 'হোমনা', NULL, NULL, NULL),
	(90, 'Comilla Sadar', 'কুমিল্লা সদর', NULL, NULL, NULL),
	(91, 'Laksam', 'লাকসাম', NULL, NULL, NULL),
	(92, 'Monohorgonj', 'মনোহরগঞ্জ', NULL, NULL, NULL),
	(93, 'Meghna', 'মেঘনা', NULL, NULL, NULL),
	(94, 'Muradnagar', 'মুরাদনগর', NULL, NULL, NULL),
	(95, 'Nangalkot', 'নাঙ্গালকোট', NULL, NULL, NULL),
	(96, 'Comilla Sadar South', 'কুমিল্লা সদর দক্ষিণ', NULL, NULL, NULL),
	(97, 'Titas', 'তিতাস', NULL, NULL, NULL),
	(98, 'Chakaria', 'চকরিয়া', NULL, NULL, NULL),
	(99, 'Chakaria', 'চকরিয়া', NULL, NULL, NULL),
	(100, 'Cox\'s Bazar Sadar', 'কক্স বাজার সদর', NULL, NULL, NULL),
	(101, 'Kutubdia', 'কুতুবদিয়া', NULL, NULL, NULL),
	(102, 'Maheshkhali', 'মহেশখালী', NULL, NULL, NULL),
	(103, 'Ramu', 'রামু', NULL, NULL, NULL),
	(104, 'Teknaf', 'টেকনাফ', NULL, NULL, NULL),
	(105, 'Ukhia', 'উখিয়া', NULL, NULL, NULL),
	(106, 'Pekua', 'পেকুয়া', NULL, NULL, NULL),
	(107, 'Feni Sadar', 'ফেনী সদর', NULL, NULL, NULL),
	(108, 'Chagalnaiya', 'ছাগল নাইয়া', NULL, NULL, NULL),
	(109, 'Daganbhyan', 'দাগানভিয়া', NULL, NULL, NULL),
	(110, 'Parshuram', 'পরশুরাম', NULL, NULL, NULL),
	(111, 'Fhulgazi', 'ফুলগাজি', NULL, NULL, NULL),
	(112, 'Sonagazi', 'সোনাগাজি', NULL, NULL, NULL),
	(113, 'Dighinala', 'দিঘিনালা', NULL, NULL, NULL),
	(114, 'Khagrachhari', 'খাগড়াছড়ি', NULL, NULL, NULL),
	(115, 'Lakshmichhari', 'লক্ষ্মীছড়ি', NULL, NULL, NULL),
	(116, 'Mahalchhari', 'মহলছড়ি', NULL, NULL, NULL),
	(117, 'Manikchhari', 'মানিকছড়ি', NULL, NULL, NULL),
	(118, 'Matiranga', 'মাটিরাঙ্গা', NULL, NULL, NULL),
	(119, 'Panchhari', 'পানছড়ি', NULL, NULL, NULL),
	(120, 'Ramgarh', 'রামগড়', NULL, NULL, NULL),
	(121, 'Lakshmipur Sadar', 'লক্ষ্মীপুর সদর', NULL, NULL, NULL),
	(122, 'Raipur', 'রায়পুর', NULL, NULL, NULL),
	(123, 'Ramganj', 'রামগঞ্জ', NULL, NULL, NULL),
	(124, 'Ramgati', 'রামগতি', NULL, NULL, NULL),
	(125, 'Komol Nagar', 'কমল নগর', NULL, NULL, NULL),
	(126, 'Noakhali Sadar', 'নোয়াখালী সদর', NULL, NULL, NULL),
	(127, 'Begumganj', 'বেগমগঞ্জ', NULL, NULL, NULL),
	(128, 'Chatkhil', 'চাটখিল', NULL, NULL, NULL),
	(129, 'Companyganj', 'কোম্পানীগঞ্জ', NULL, NULL, NULL),
	(130, 'Shenbag', 'শেনবাগ', NULL, NULL, NULL),
	(131, 'Hatia', 'হাতিয়া', NULL, NULL, NULL),
	(132, 'Kobirhat', 'কবিরহাট', NULL, NULL, NULL),
	(133, 'Sonaimuri', 'সোনাইমুরি', NULL, NULL, NULL),
	(134, 'Suborno Char', 'সুবর্ণ চর', NULL, NULL, NULL),
	(135, 'Rangamati Sadar', 'রাঙ্গামাটি সদর', NULL, NULL, NULL),
	(136, 'Belaichhari', 'বেলাইছড়ি', NULL, NULL, NULL),
	(137, 'Bagaichhari', 'বাঘাইছড়ি', NULL, NULL, NULL),
	(138, 'Barkal', 'বরকল', NULL, NULL, NULL),
	(139, 'Juraichhari', 'জুরাইছড়ি', NULL, NULL, NULL),
	(140, 'Rajasthali', 'রাজাস্থলি', NULL, NULL, NULL),
	(141, 'Kaptai', 'কাপ্তাই', NULL, NULL, NULL),
	(142, 'Langadu', 'লাঙ্গাডু', NULL, NULL, NULL),
	(143, 'Nannerchar', 'নান্নেরচর', NULL, NULL, NULL),
	(144, 'Kaukhali', 'কাউখালি', NULL, NULL, NULL),
	(150, 'Faridpur Sadar', 'ফরিদপুর সদর', NULL, NULL, NULL),
	(151, 'Boalmari', 'বোয়ালমারী', NULL, NULL, NULL),
	(152, 'Alfadanga', 'আলফাডাঙ্গা', NULL, NULL, NULL),
	(153, 'Madhukhali', 'মধুখালি', NULL, NULL, NULL),
	(154, 'Bhanga', 'ভাঙ্গা', NULL, NULL, NULL),
	(155, 'Nagarkanda', 'নগরকান্ড', NULL, NULL, NULL),
	(156, 'Charbhadrasan', 'চরভদ্রাসন', NULL, NULL, NULL),
	(157, 'Sadarpur', 'সদরপুর', NULL, NULL, NULL),
	(158, 'Shaltha', 'শালথা', NULL, NULL, NULL),
	(159, 'Gazipur Sadar-Joydebpur', 'গাজীপুর সদর', NULL, NULL, NULL),
	(160, 'Kaliakior', 'কালিয়াকৈর', NULL, NULL, NULL),
	(161, 'Kapasia', 'কাপাসিয়া', NULL, NULL, NULL),
	(162, 'Sreepur', 'শ্রীপুর', NULL, NULL, NULL),
	(163, 'Kaliganj', 'কালীগঞ্জ', NULL, NULL, NULL),
	(164, 'Tongi', 'টঙ্গি', NULL, NULL, NULL),
	(165, 'Gopalganj Sadar', 'গোপালগঞ্জ সদর', NULL, NULL, NULL),
	(166, 'Kashiani', 'কাশিয়ানি', NULL, NULL, NULL),
	(167, 'Kotalipara', 'কোটালিপাড়া', NULL, NULL, NULL),
	(168, 'Muksudpur', 'মুকসুদপুর', NULL, NULL, NULL),
	(169, 'Tungipara', 'টুঙ্গিপাড়া', NULL, NULL, NULL),
	(170, 'Dewanganj', 'দেওয়ানগঞ্জ', NULL, NULL, NULL),
	(171, 'Baksiganj', 'বকসিগঞ্জ', NULL, NULL, NULL),
	(172, 'Islampur', 'ইসলামপুর', NULL, NULL, NULL),
	(173, 'Jamalpur Sadar', 'জামালপুর সদর', NULL, NULL, NULL),
	(174, 'Madarganj', 'মাদারগঞ্জ', NULL, NULL, NULL),
	(175, 'Melandaha', 'মেলান্দহ', NULL, NULL, NULL),
	(176, 'Sarishabari', 'সরিষাবাড়ি', NULL, NULL, NULL),
	(177, 'Narundi Police I.C', 'নারুন্দি', NULL, NULL, NULL),
	(178, 'Astagram', 'অষ্টগ্রাম', NULL, NULL, NULL),
	(179, 'Bajitpur', 'বাজিতপুর', NULL, NULL, NULL),
	(180, 'Bhairab', 'ভৈরব', NULL, NULL, NULL),
	(181, 'Hossainpur', 'হোসেনপুর', NULL, NULL, NULL),
	(182, 'Itna', 'ইটনা', NULL, NULL, NULL),
	(183, 'Karimganj', 'করিমগঞ্জ', NULL, NULL, NULL),
	(184, 'Katiadi', 'কতিয়াদি', NULL, NULL, NULL),
	(185, 'Kishoreganj Sadar', 'কিশোরগঞ্জ সদর', NULL, NULL, NULL),
	(186, 'Kuliarchar', 'কুলিয়ারচর', NULL, NULL, NULL),
	(187, 'Mithamain', 'মিঠামাইন', NULL, NULL, NULL),
	(188, 'Nikli', 'নিকলি', NULL, NULL, NULL),
	(189, 'Pakundia', 'পাকুন্দিয়া', NULL, NULL, NULL),
	(190, 'Tarail', 'তাড়াইল', NULL, NULL, NULL),
	(191, 'Madaripur Sadar', 'মাদারীপুর সদর', NULL, NULL, NULL),
	(192, 'Kalkini', 'কালকিনি', NULL, NULL, NULL),
	(193, 'Rajoir', 'রাজইর', NULL, NULL, NULL),
	(194, 'Shibchar', 'শিবচর', NULL, NULL, NULL),
	(195, 'Manikganj Sadar', 'মানিকগঞ্জ সদর', NULL, NULL, NULL),
	(196, 'Singair', 'সিঙ্গাইর', NULL, NULL, NULL),
	(197, 'Shibalaya', 'শিবালয়', NULL, NULL, NULL),
	(198, 'Saturia', 'সাঠুরিয়া', NULL, NULL, NULL),
	(199, 'Harirampur', 'হরিরামপুর', NULL, NULL, NULL),
	(200, 'Ghior', 'ঘিওর', NULL, NULL, NULL),
	(201, 'Daulatpur', 'দৌলতপুর', NULL, NULL, NULL),
	(202, 'Lohajang', 'লোহাজং', NULL, NULL, NULL),
	(203, 'Sreenagar', 'শ্রীনগর', NULL, NULL, NULL),
	(204, 'Munshiganj Sadar', 'মুন্সিগঞ্জ সদর', NULL, NULL, NULL),
	(205, 'Sirajdikhan', 'সিরাজদিখান', NULL, NULL, NULL),
	(206, 'Tongibari', 'টঙ্গিবাড়ি', NULL, NULL, NULL),
	(207, 'Gazaria', 'গজারিয়া', NULL, NULL, NULL),
	(208, 'Bhaluka', 'ভালুকা', NULL, NULL, NULL),
	(209, 'Trishal', 'ত্রিশাল', NULL, NULL, NULL),
	(210, 'Haluaghat', 'হালুয়াঘাট', NULL, NULL, NULL),
	(211, 'Muktagachha', 'মুক্তাগাছা', NULL, NULL, NULL),
	(212, 'Dhobaura', 'ধোবাউড়া', NULL, NULL, NULL),
	(213, 'Fulbaria', 'ফুলবাড়িয়া', NULL, NULL, NULL),
	(214, 'Gaffargaon', 'গফরগাঁও', NULL, NULL, NULL),
	(215, 'Gauripur', 'গৌরিপুর', NULL, NULL, NULL),
	(216, 'Ishwarganj', 'ঈশ্বরগঞ্জ', NULL, NULL, NULL),
	(217, 'Mymensingh Sadar', 'ময়মনসিংহ সদর', NULL, NULL, NULL),
	(218, 'Nandail', 'নান্দাইল', NULL, NULL, NULL),
	(219, 'Phulpur', 'ফুলপুর', NULL, NULL, NULL),
	(220, 'Araihazar', 'আড়াইহাজার', NULL, NULL, NULL),
	(221, 'Sonargaon', 'সোনারগাঁও', NULL, NULL, NULL),
	(222, 'Bandar', 'বন্দার (নারায়ানগঞ্জ)', NULL, NULL, NULL),
	(223, 'Naryanganj Sadar', 'নারায়ানগঞ্জ সদর', NULL, NULL, NULL),
	(224, 'Rupganj', 'রূপগঞ্জ', NULL, NULL, NULL),
	(225, 'Siddirgonj', 'সিদ্ধিরগঞ্জ', NULL, NULL, NULL),
	(226, 'Belabo', 'বেলাবো', NULL, NULL, NULL),
	(227, 'Monohardi', 'মনোহরদি', NULL, NULL, NULL),
	(228, 'Narsingdi Sadar', 'নরসিংদী সদর', NULL, NULL, NULL),
	(229, 'Palash', 'পলাশ', NULL, NULL, NULL),
	(230, 'Raipura', 'রায়পুর', NULL, NULL, NULL),
	(231, 'Shibpur', 'শিবপুর', NULL, NULL, NULL),
	(232, 'Kendua Upazilla', 'কেন্দুয়া', NULL, NULL, NULL),
	(233, 'Atpara Upazilla', 'আটপাড়া', NULL, NULL, NULL),
	(234, 'Barhatta Upazilla', 'বরহাট্টা', NULL, NULL, NULL),
	(235, 'Durgapur Upazilla', 'দুর্গাপুর', NULL, NULL, NULL),
	(236, 'Kalmakanda Upazilla', 'কলমাকান্দা', NULL, NULL, NULL),
	(237, 'Madan Upazilla', 'মদন', NULL, NULL, NULL),
	(238, 'Mohanganj Upazilla', 'মোহনগঞ্জ', NULL, NULL, NULL),
	(239, 'Netrakona-S Upazilla', 'নেত্রকোনা সদর', NULL, NULL, NULL),
	(240, 'Purbadhala Upazilla', 'পূর্বধলা', NULL, NULL, NULL),
	(241, 'Khaliajuri Upazilla', 'খালিয়াজুরি', NULL, NULL, NULL),
	(242, 'Baliakandi', 'বালিয়াকান্দি', NULL, NULL, NULL),
	(243, 'Goalandaghat', 'গোয়ালন্দ ঘাট', NULL, NULL, NULL),
	(244, 'Pangsha', 'পাংশা', NULL, NULL, NULL),
	(245, 'Kalukhali', 'কালুখালি', NULL, NULL, NULL),
	(246, 'Rajbari Sadar', 'রাজবাড়ি সদর', NULL, NULL, NULL),
	(247, 'Shariatpur Sadar -Palong', 'শরীয়তপুর সদর', NULL, NULL, NULL),
	(248, 'Damudya', 'ডামুড্যা', NULL, NULL, NULL),
	(249, 'Naria', 'নড়িয়া', NULL, NULL, NULL),
	(250, 'Jajira', 'জাজিরা', NULL, NULL, NULL),
	(251, 'Bhedarganj', 'ভেদারগঞ্জ', NULL, NULL, NULL),
	(252, 'Gosairhat', 'গোসাইর হাট', NULL, NULL, NULL),
	(253, 'Jhenaigati', 'ঝিনাইগাতি', NULL, NULL, NULL),
	(254, 'Nakla', 'নকলা', NULL, NULL, NULL),
	(255, 'Nalitabari', 'নালিতাবাড়ি', NULL, NULL, NULL),
	(256, 'Sherpur Sadar', 'শেরপুর সদর', NULL, NULL, NULL),
	(257, 'Sreebardi', 'শ্রীবরদি', NULL, NULL, NULL),
	(258, 'Tangail Sadar', 'টাঙ্গাইল সদর', NULL, NULL, NULL),
	(259, 'Sakhipur', 'সখিপুর', NULL, NULL, NULL),
	(260, 'Basail', 'বসাইল', NULL, NULL, NULL),
	(261, 'Madhupur', 'মধুপুর', NULL, NULL, NULL),
	(262, 'Ghatail', 'ঘাটাইল', NULL, NULL, NULL),
	(263, 'Kalihati', 'কালিহাতি', NULL, NULL, NULL),
	(264, 'Nagarpur', 'নগরপুর', NULL, NULL, NULL),
	(265, 'Mirzapur', 'মির্জাপুর', NULL, NULL, NULL),
	(266, 'Gopalpur', 'গোপালপুর', NULL, NULL, NULL),
	(267, 'Delduar', 'দেলদুয়ার', NULL, NULL, NULL),
	(268, 'Bhuapur', 'ভুয়াপুর', NULL, NULL, NULL),
	(269, 'Dhanbari', 'ধনবাড়ি', NULL, NULL, NULL),
	(270, 'Bagerhat Sadar', 'বাগেরহাট সদর', NULL, NULL, NULL),
	(271, 'Chitalmari', 'চিতলমাড়ি', NULL, NULL, NULL),
	(272, 'Fakirhat', 'ফকিরহাট', NULL, NULL, NULL),
	(273, 'Kachua', 'কচুয়া', NULL, NULL, NULL),
	(274, 'Mollahat', 'মোল্লাহাট', NULL, NULL, NULL),
	(275, 'Mongla', 'মংলা', NULL, NULL, NULL),
	(276, 'Morrelganj', 'মোরেলগঞ্জ', NULL, NULL, NULL),
	(277, 'Rampal', 'রামপাল', NULL, NULL, NULL),
	(278, 'Sarankhola', 'স্মরণখোলা', NULL, NULL, NULL),
	(279, 'Damurhuda', 'দামুড়হুদা', NULL, NULL, NULL),
	(280, 'Chuadanga', 'চুয়াডাঙ্গা সদর', NULL, NULL, NULL),
	(281, 'Jibannagar', 'জীবন নগর', NULL, NULL, NULL),
	(282, 'Alamdanga', 'আলমডাঙ্গা', NULL, NULL, NULL),
	(283, 'Abhaynagar', 'অভয়নগর', NULL, NULL, NULL),
	(284, 'Keshabpur', 'কেশবপুর', NULL, NULL, NULL),
	(285, 'Bagherpara', 'বাঘের পাড়া', NULL, NULL, NULL),
	(286, 'Jessore Sadar', 'যশোর সদর', NULL, NULL, NULL),
	(287, 'Chaugachha', 'চৌগাছা', NULL, NULL, NULL),
	(288, 'Manirampur', 'মনিরামপুর', NULL, NULL, NULL),
	(289, 'Jhikargachha', 'ঝিকরগাছা', NULL, NULL, NULL),
	(290, 'Sharsha', 'সারশা', NULL, NULL, NULL),
	(291, 'Jhenaidah Sadar', 'ঝিনাইদহ সদর', NULL, NULL, NULL),
	(292, 'Maheshpur', 'মহেশপুর', NULL, NULL, NULL),
	(293, 'Kaliganj', 'কালীগঞ্জ', NULL, NULL, NULL),
	(294, 'Kotchandpur', 'কোট চাঁদপুর', NULL, NULL, NULL),
	(295, 'Shailkupa', 'শৈলকুপা', NULL, NULL, NULL),
	(296, 'Harinakunda', 'হরিণাকুন্ড', NULL, NULL, NULL),
	(297, 'Terokhada', 'তেরখাদা', NULL, NULL, NULL),
	(298, 'Batiaghata', 'বটিয়াঘাটা', NULL, NULL, NULL),
	(299, 'Dacope', 'দাকোপ', NULL, NULL, NULL),
	(300, 'Dumuria', 'ডুমুরিয়া', NULL, NULL, NULL),
	(301, 'Dighalia', 'দিঘলিয়া', NULL, NULL, NULL),
	(302, 'Koyra', 'কয়রা', NULL, NULL, NULL),
	(303, 'Paikgachha', 'পাইকগাছা', NULL, NULL, NULL),
	(304, 'Phultala', 'ফুলতলা', NULL, NULL, NULL),
	(305, 'Rupsa', 'রূপসা', NULL, NULL, NULL),
	(306, 'Kushtia Sadar', 'কুষ্টিয়া সদর', NULL, NULL, NULL),
	(307, 'Kumarkhali', 'কুমারখালি', NULL, NULL, NULL),
	(308, 'Daulatpur', 'দৌলতপুর', NULL, NULL, NULL),
	(309, 'Mirpur', 'মিরপুর', NULL, NULL, NULL),
	(310, 'Bheramara', 'ভেরামারা', NULL, NULL, NULL),
	(311, 'Khoksa', 'খোকসা', NULL, NULL, NULL),
	(312, 'Magura Sadar', 'মাগুরা সদর', NULL, NULL, NULL),
	(313, 'Mohommodpur', 'মহম্মদপুর', NULL, NULL, NULL),
	(314, 'Shalikha', 'শালিখা', NULL, NULL, NULL),
	(315, 'Sreepur', 'শ্রীপুর', NULL, NULL, NULL),
	(316, 'Gangni', 'গাংনি', NULL, NULL, NULL),
	(317, 'Mujib Nagar', 'মুজিব নগর', NULL, NULL, NULL),
	(318, 'Meherpur-S', 'মেহেরপুর সদর', NULL, NULL, NULL),
	(319, 'Narail-S Upazilla', 'নড়াইল সদর', NULL, NULL, NULL),
	(320, 'Lohagara Upazilla', 'লোহাগড়া', NULL, NULL, NULL),
	(321, 'Kalia Upazilla', 'কালিয়া', NULL, NULL, NULL),
	(322, 'Satkhira Sadar', 'সাতক্ষীরা সদর', NULL, NULL, NULL),
	(323, 'Assasuni', 'আশাশুনি', NULL, NULL, NULL),
	(324, 'Debhata', 'দেবহাটা', NULL, NULL, NULL),
	(325, 'Tala', 'তালা', NULL, NULL, NULL),
	(326, 'Kalaroa', 'কলরোয়া', NULL, NULL, NULL),
	(327, 'Kaliganj', 'কালীগঞ্জ', NULL, NULL, NULL),
	(328, 'Shyamnagar', 'শ্যামনগর', NULL, NULL, NULL),
	(329, 'Adamdighi', 'আদমদিঘী', NULL, NULL, NULL),
	(330, 'Bogra Sadar', 'বগুড়া সদর', NULL, NULL, NULL),
	(331, 'Sherpur', 'শেরপুর', NULL, NULL, NULL),
	(332, 'Dhunat', 'ধুনট', NULL, NULL, NULL),
	(333, 'Dhupchanchia', 'দুপচাঁচিয়া', NULL, NULL, NULL),
	(334, 'Gabtali', 'গাবতলি', NULL, NULL, NULL),
	(335, 'Kahaloo', 'কাহালু', NULL, NULL, NULL),
	(336, 'Nandigram', 'নন্দিগ্রাম', NULL, NULL, NULL),
	(337, 'Sahajanpur', 'শাহজাহানপুর', NULL, NULL, NULL),
	(338, 'Sariakandi', 'সারিয়াকান্দি', NULL, NULL, NULL),
	(339, 'Shibganj', 'শিবগঞ্জ', NULL, NULL, NULL),
	(340, 'Sonatala', 'সোনাতলা', NULL, NULL, NULL),
	(341, 'Joypurhat S', 'জয়পুরহাট সদর', NULL, NULL, NULL),
	(342, 'Akkelpur', 'আক্কেলপুর', NULL, NULL, NULL),
	(343, 'Kalai', 'কালাই', NULL, NULL, NULL),
	(344, 'Khetlal', 'ক্ষেতলাল', NULL, NULL, NULL),
	(345, 'Panchbibi', 'পাঁচবিবি', NULL, NULL, NULL),
	(346, 'Naogaon Sadar', 'নওগাঁ সদর', NULL, NULL, NULL),
	(347, 'Mohadevpur', 'মহাদেবপুর', NULL, NULL, NULL),
	(348, 'Manda', 'মান্দা', NULL, NULL, NULL),
	(349, 'Niamatpur', 'নিয়ামতপুর', NULL, NULL, NULL),
	(350, 'Atrai', 'আত্রাই', NULL, NULL, NULL),
	(351, 'Raninagar', 'রাণীনগর', NULL, NULL, NULL),
	(352, 'Patnitala', 'পত্নীতলা', NULL, NULL, NULL),
	(353, 'Dhamoirhat', 'ধামইরহাট', NULL, NULL, NULL),
	(354, 'Sapahar', 'সাপাহার', NULL, NULL, NULL),
	(355, 'Porsha', 'পোরশা', NULL, NULL, NULL),
	(356, 'Badalgachhi', 'বদলগাছি', NULL, NULL, NULL),
	(357, 'Natore Sadar', 'নাটোর সদর', NULL, NULL, NULL),
	(358, 'Baraigram', 'বড়াইগ্রাম', NULL, NULL, NULL),
	(359, 'Bagatipara', 'বাগাতিপাড়া', NULL, NULL, NULL),
	(360, 'Lalpur', 'লালপুর', NULL, NULL, NULL),
	(361, 'Natore Sadar', 'নাটোর সদর', NULL, NULL, NULL),
	(362, 'Baraigram', 'বড়াই গ্রাম', NULL, NULL, NULL),
	(363, 'Bholahat', 'ভোলাহাট', NULL, NULL, NULL),
	(364, 'Gomastapur', 'গোমস্তাপুর', NULL, NULL, NULL),
	(365, 'Nachole', 'নাচোল', NULL, NULL, NULL),
	(366, 'Chapainawabganj Sadar', 'চাঁপাইনবাবগঞ্জ সদর', NULL, NULL, NULL),
	(367, 'Shibganj', 'শিবগঞ্জ', NULL, NULL, NULL),
	(368, 'Atgharia', 'আটঘরিয়া', NULL, NULL, NULL),
	(369, 'Bera', 'বেড়া', NULL, NULL, NULL),
	(370, 'Bhangura', 'ভাঙ্গুরা', NULL, NULL, NULL),
	(371, 'Chatmohar', 'চাটমোহর', NULL, NULL, NULL),
	(372, 'Faridpur', 'ফরিদপুর', NULL, NULL, NULL),
	(373, 'Ishwardi', 'ঈশ্বরদী', NULL, NULL, NULL),
	(374, 'Pabna Sadar', 'পাবনা সদর', NULL, NULL, NULL),
	(375, 'Santhia', 'সাঁথিয়া', NULL, NULL, NULL),
	(376, 'Sujanagar', 'সুজানগর', NULL, NULL, NULL),
	(377, 'Bagha', 'বাঘা', NULL, NULL, NULL),
	(378, 'Bagmara', 'বাগমারা', NULL, NULL, NULL),
	(379, 'Charghat', 'চারঘাট', NULL, NULL, NULL),
	(380, 'Durgapur', 'দুর্গাপুর', NULL, NULL, NULL),
	(381, 'Godagari', 'গোদাগারি', NULL, NULL, NULL),
	(382, 'Mohanpur', 'মোহনপুর', NULL, NULL, NULL),
	(383, 'Paba', 'পবা', NULL, NULL, NULL),
	(384, 'Puthia', 'পুঠিয়া', NULL, NULL, NULL),
	(385, 'Tanore', 'তানোর', NULL, NULL, NULL),
	(386, 'Sirajganj Sadar', 'সিরাজগঞ্জ সদর', NULL, NULL, NULL),
	(387, 'Belkuchi', 'বেলকুচি', NULL, NULL, NULL),
	(388, 'Chauhali', 'চৌহালি', NULL, NULL, NULL),
	(389, 'Kamarkhanda', 'কামারখন্দ', NULL, NULL, NULL),
	(390, 'Kazipur', 'কাজীপুর', NULL, NULL, NULL),
	(391, 'Raiganj', 'রায়গঞ্জ', NULL, NULL, NULL),
	(392, 'Shahjadpur', 'শাহজাদপুর', NULL, NULL, NULL),
	(393, 'Tarash', 'তারাশ', NULL, NULL, NULL),
	(394, 'Ullahpara', 'উল্লাপাড়া', NULL, NULL, NULL),
	(395, 'Birampur', 'বিরামপুর', NULL, NULL, NULL),
	(396, 'Birganj', 'বীরগঞ্জ', NULL, NULL, NULL),
	(397, 'Biral', 'বিড়াল', NULL, NULL, NULL),
	(398, 'Bochaganj', 'বোচাগঞ্জ', NULL, NULL, NULL),
	(399, 'Chirirbandar', 'চিরিরবন্দর', NULL, NULL, NULL),
	(400, 'Phulbari', 'ফুলবাড়ি', NULL, NULL, NULL),
	(401, 'Ghoraghat', 'ঘোড়াঘাট', NULL, NULL, NULL),
	(402, 'Hakimpur', 'হাকিমপুর', NULL, NULL, NULL),
	(403, 'Kaharole', 'কাহারোল', NULL, NULL, NULL),
	(404, 'Khansama', 'খানসামা', NULL, NULL, NULL),
	(405, 'Dinajpur Sadar', 'দিনাজপুর সদর', NULL, NULL, NULL),
	(406, 'Nawabganj', 'নবাবগঞ্জ', NULL, NULL, NULL),
	(407, 'Parbatipur', 'পার্বতীপুর', NULL, NULL, NULL),
	(408, 'Fulchhari', 'ফুলছড়ি', NULL, NULL, NULL),
	(409, 'Gaibandha sadar', 'গাইবান্ধা সদর', NULL, NULL, NULL),
	(410, 'Gobindaganj', 'গোবিন্দগঞ্জ', NULL, NULL, NULL),
	(411, 'Palashbari', 'পলাশবাড়ী', NULL, NULL, NULL),
	(412, 'Sadullapur', 'সাদুল্লাপুর', NULL, NULL, NULL),
	(413, 'Saghata', 'সাঘাটা', NULL, NULL, NULL),
	(414, 'Sundarganj', 'সুন্দরগঞ্জ', NULL, NULL, NULL),
	(415, 'Kurigram Sadar', 'কুড়িগ্রাম সদর', NULL, NULL, NULL),
	(416, 'Nageshwari', 'নাগেশ্বরী', NULL, NULL, NULL),
	(417, 'Bhurungamari', 'ভুরুঙ্গামারি', NULL, NULL, NULL),
	(418, 'Phulbari', 'ফুলবাড়ি', NULL, NULL, NULL),
	(419, 'Rajarhat', 'রাজারহাট', NULL, NULL, NULL),
	(420, 'Ulipur', 'উলিপুর', NULL, NULL, NULL),
	(421, 'Chilmari', 'চিলমারি', NULL, NULL, NULL),
	(422, 'Rowmari', 'রৌমারী', NULL, NULL, NULL),
	(423, 'Char Rajibpur', 'চর রাজিবপুর', NULL, NULL, NULL),
	(424, 'Lalmanirhat Sadar', 'লালমনিরহাট সদর', NULL, NULL, NULL),
	(425, 'Aditmari', 'আদিতমারি', NULL, NULL, NULL),
	(426, 'Kaliganj', 'কালীগঞ্জ', NULL, NULL, NULL),
	(427, 'Hatibandha', 'হাতিবান্ধা', NULL, NULL, NULL),
	(428, 'Patgram', 'পাটগ্রাম', NULL, NULL, NULL),
	(429, 'Nilphamari Sadar', 'নীলফামারী সদর', NULL, NULL, NULL),
	(430, 'Saidpur', 'সৈয়দপুর', NULL, NULL, NULL),
	(431, 'Jaldhaka', 'জলঢাকা', NULL, NULL, NULL),
	(432, 'Kishoreganj', 'কিশোরগঞ্জ', NULL, NULL, NULL),
	(433, 'Domar', 'ডোমার', NULL, NULL, NULL),
	(434, 'Dimla', 'ডিমলা', NULL, NULL, NULL),
	(435, 'Panchagarh Sadar', 'পঞ্চগড় সদর', NULL, NULL, NULL),
	(436, 'Debiganj', 'দেবীগঞ্জ', NULL, NULL, NULL),
	(437, 'Boda', 'বোদা', NULL, NULL, NULL),
	(438, 'Atwari', 'আটোয়ারি', NULL, NULL, NULL),
	(439, 'Tetulia', 'তেতুলিয়া', NULL, NULL, NULL),
	(440, 'Badarganj', 'বদরগঞ্জ', NULL, NULL, NULL),
	(441, 'Mithapukur', 'মিঠাপুকুর', NULL, NULL, NULL),
	(442, 'Gangachara', 'গঙ্গাচরা', NULL, NULL, NULL),
	(443, 'Kaunia', 'কাউনিয়া', NULL, NULL, NULL),
	(444, 'Rangpur Sadar', 'রংপুর সদর', NULL, NULL, NULL),
	(445, 'Pirgachha', 'পীরগাছা', NULL, NULL, NULL),
	(446, 'Pirganj', 'পীরগঞ্জ', NULL, NULL, NULL),
	(447, 'Taraganj', 'তারাগঞ্জ', NULL, NULL, NULL),
	(448, 'Thakurgaon Sadar', 'ঠাকুরগাঁও সদর', NULL, NULL, NULL),
	(449, 'Pirganj', 'পীরগঞ্জ', NULL, NULL, NULL),
	(450, 'Baliadangi', 'বালিয়াডাঙ্গি', NULL, NULL, NULL),
	(451, 'Haripur', 'হরিপুর', NULL, NULL, NULL),
	(456, '', 'বালাগঞ্জ', NULL, NULL, NULL),
	(457, '', 'বিয়ানীবাজার', NULL, NULL, NULL),
	(458, '', 'বিশ্বনাথ', NULL, NULL, NULL),
	(459, '', 'ফেঞ্চুগঞ্জ', NULL, NULL, NULL),
	(460, '', 'কোম্পানীগঞ্জ(সি)', NULL, NULL, NULL),
	(461, '', 'গোয়াইঘাট', NULL, NULL, NULL),
	(462, '', 'জৈন্তাপুর', NULL, NULL, NULL),
	(463, '', 'কানাইঘাট', NULL, NULL, NULL),
	(464, '', 'সিলেট সদর', NULL, NULL, NULL),
	(465, '', 'জকিগঞ্জ', NULL, NULL, NULL),
	(467, '', 'আজমিরিগঞ্জ', NULL, NULL, NULL),
	(468, '', 'বানিয়াচং', NULL, NULL, NULL),
	(469, '', 'বাহুবল', NULL, NULL, NULL),
	(470, '', 'চুনারুঘাট', NULL, NULL, NULL),
	(471, '', 'হবিগঞ্জ সদর', NULL, NULL, NULL),
	(472, '', 'লাখাই', NULL, NULL, NULL),
	(473, '', 'নবীগঞ্জ', NULL, NULL, NULL),
	(474, '', 'মাধবপুর', NULL, NULL, NULL),
	(475, '', 'বিশ্বম্ভরপুর', NULL, NULL, NULL),
	(476, '', 'ছাতক', NULL, NULL, NULL),
	(477, '', 'দিরাই', NULL, NULL, NULL),
	(478, '', 'ধর্মপাশা', NULL, NULL, NULL),
	(479, '', 'দোয়ারাবাজার', NULL, NULL, NULL),
	(480, '', 'জগন্নাথপুর', NULL, NULL, NULL),
	(481, '', 'জামালগঞ্জ', NULL, NULL, NULL),
	(482, '', 'তাহিরপুর', NULL, NULL, NULL),
	(483, '', 'শাল্লা', NULL, NULL, NULL),
	(484, '', 'সুনামগঞ্জ সদর', NULL, NULL, NULL),
	(485, '', 'বড়লেখা', NULL, NULL, NULL),
	(486, '', 'কুলাউড়া', NULL, NULL, NULL),
	(487, '', 'রাজানগর', NULL, NULL, NULL),
	(488, '', 'কমলগঞ্জ', NULL, NULL, NULL),
	(489, '', 'শ্রীমঙ্গল', NULL, NULL, NULL),
	(490, '', 'মৌলভীবাজার সদর', NULL, NULL, NULL),
	(491, '', 'জুড়ি', NULL, NULL, NULL),
	(492, '', 'গোলাপগঞ্জ', NULL, NULL, NULL),
	(493, '', 'শায়েস্তাগঞ্জ', NULL, NULL, NULL),
	(495, '', 'বাকলিয়া', NULL, NULL, '2021-05-22 18:35:42'),
	(497, '', 'চান্দগাও', NULL, NULL, NULL),
	(511, '', 'খুলশি', NULL, NULL, NULL),
	(512, '', 'ডবলমুরিং', NULL, NULL, NULL),
	(513, '', 'পতেঙ্গা', NULL, NULL, NULL),
	(516, '', 'কর্ণফুলি', NULL, NULL, NULL),
	(522, '', 'সাভার', NULL, NULL, NULL),
	(523, '', 'ধামরাই', NULL, NULL, NULL),
	(526, '', 'কেরানীগঞ্জ মডেল', NULL, NULL, NULL),
	(528, '', 'দোহার', NULL, NULL, NULL),
	(530, '', 'নবাবগঞ্জ', NULL, NULL, NULL),
	(532, '', 'রাজশাহী সদর', NULL, NULL, NULL),
	(534, '', 'পাহাড়তলী', NULL, NULL, NULL),
	(535, '', 'বায়জিদ বোস্তামি', NULL, NULL, NULL),
	(536, 'Khulna Sadar', 'খুলনা সদর', NULL, NULL, NULL),
	(537, 'Khalishpur', 'খালিশপুর', NULL, NULL, NULL),
	(538, 'Doulatpur', 'দৌলতপুর(খুলনা)', NULL, NULL, NULL),
	(539, '', 'বাকলয়িা', NULL, NULL, '2021-05-22 18:35:39'),
	(540, '', 'কতোয়ালী', NULL, NULL, NULL),
	(541, '', 'চানগাওঁ', NULL, NULL, NULL),
	(542, '', 'সীতাকুন্ড', NULL, NULL, '2021-05-22 18:39:01'),
	(543, '', 'মোকসুদপুর', NULL, NULL, NULL),
	(544, '', 'বোয়ালখালী', NULL, NULL, '2021-05-22 18:36:53'),
	(545, '', 'বাশখালী', NULL, NULL, '2021-05-22 18:36:29'),
	(546, '', 'মাধবদী', NULL, NULL, NULL),
	(547, 'Adabar Thana', 'আদাবর থানা', NULL, NULL, NULL),
	(548, 'Azampur Thana', 'আজমপুর থানা', NULL, NULL, NULL),
	(549, 'Badda Thana', 'বাড্ডা থানা', NULL, NULL, NULL),
	(550, 'Bangsal Thana', 'বংশাল থানা', NULL, NULL, NULL),
	(551, 'Bimanbandar Thana (Dhaka)', 'বিমানবন্দর থানা', NULL, NULL, NULL),
	(552, 'Cantonment Thana', 'ক্যান্টনমেন্ট থানা', NULL, NULL, NULL),
	(553, 'Chowkbazar Thana', 'চকবাজার থানা ', NULL, NULL, NULL),
	(554, 'Darus Salam Thana', 'দারুস সালাম থানা ', NULL, NULL, NULL),
	(555, 'Demra Thana', 'ডেমরা থানা ', NULL, NULL, NULL),
	(556, 'Dhanmondi Thana', 'ধানমন্ডি থানা', NULL, NULL, NULL),
	(557, 'Gendaria Thana', 'গেন্ডারিয়া থানা ', NULL, NULL, NULL),
	(558, 'Hazaribagh Thana', 'হাজারিবাগ থানা', NULL, NULL, NULL),
	(559, 'Kadamtali Thana', 'কদমতলি থানা ', NULL, NULL, NULL),
	(560, 'Kafrul Thana', 'কাফরুল থানা ', NULL, NULL, NULL),
	(561, 'Kalabagan Thana', 'কলাবাগান থানা ', NULL, NULL, NULL),
	(562, 'Kamrangirchar Thana', 'কামরাংগিচর থানা ', NULL, NULL, NULL),
	(563, 'Khilgaon Thana', 'খিলগাঁও থানা', NULL, NULL, NULL),
	(564, 'Khilkhet Thana', 'খিলখেত থানা', NULL, NULL, NULL),
	(565, 'Kotwali Thana (Dhaka)', 'কতোয়াখালি থানা', NULL, NULL, NULL),
	(566, 'Lalbagh Thana', 'লালবাগ থানা', NULL, NULL, NULL),
	(567, 'Mirpur Model Thana', 'মিরপুর থানা', NULL, NULL, NULL),
	(568, 'Mohammadpur Thana', 'মোহাম্মাদপুর থানা', NULL, NULL, NULL),
	(569, 'Motijheel Thana', 'মতিঝিল থানা', NULL, NULL, NULL),
	(570, 'New Market Thana', 'নিউ মার্কেট থানা', NULL, NULL, NULL),
	(571, 'Pallabi Thana', 'পল্লবি থানা', NULL, NULL, NULL),
	(572, 'Paltan Thana', 'পল্টন থানা', NULL, NULL, NULL),
	(573, 'Panthapath Thana', 'পান্থপথ থানা', NULL, NULL, NULL),
	(574, 'Ramna Thana', 'রমনা থানা', NULL, NULL, NULL),
	(575, 'Rampura Thana', 'রামপুরা থানা', NULL, NULL, NULL),
	(576, 'Sabujbagh Thana', 'সবুজবাগ থানা', NULL, NULL, NULL),
	(577, 'Shah Ali Thana', 'সাহ্‌ আলী থানা', NULL, NULL, NULL),
	(578, 'Shahbag Thana', 'শাহ্‌বাগ থানা', NULL, NULL, NULL),
	(579, 'Sher-e-Bangla Nagar', 'শেরে-ই-বাংলা নগর থানা', NULL, NULL, NULL),
	(580, 'Shyampur Thana', 'শ্যামপুর থানা', NULL, NULL, NULL),
	(581, 'Sutrapur Thana', 'সুত্রাপুর থানা', NULL, NULL, NULL),
	(582, 'Tejgaon Industrial Area Thana', 'তেজগাঁও ইন্ডাস্ট্রিয়াল থানা', NULL, NULL, NULL),
	(583, 'Tejgaon Thana', 'তেজগাঁও থানা', NULL, NULL, NULL),
	(584, 'Turag Thana', 'তুরাগ থানা', NULL, NULL, NULL),
	(585, 'Uttar Khan Thana', 'উত্তর খান থানা', NULL, NULL, NULL),
	(586, 'Uttara West Thana', 'উত্তরা পশ্চিম থানা', NULL, NULL, NULL),
	(587, 'Vatara Thana', 'ভাটারা থানা', NULL, NULL, NULL),
	(588, 'Wari Thana', 'ওয়ারি থানা', NULL, NULL, NULL),
	(589, 'Uttara East Thana', 'উত্তরা পূর্ব থানা', NULL, NULL, NULL),
	(590, 'Dakshinkhan Thana', 'দক্ষিনখান থানা', NULL, NULL, NULL),
	(591, 'Gulshan Thana', 'গুলশান থানা', NULL, NULL, NULL),
	(592, 'Banani Thana', 'বনানী থানা', NULL, NULL, NULL),
	(593, 'JATRABARI', 'যাত্রাবাড়ী', NULL, NULL, NULL),
	(594, 'Akbarshah Thana', 'আকবরশাহ থানা', NULL, NULL, NULL),
	(595, 'Bakoliya Thana', 'বাকলিয়া থানা', NULL, NULL, NULL),
	(596, 'Bandar Thana', 'বন্দর থানা', NULL, NULL, NULL),
	(597, 'Bayazid Thana', 'বায়জিদ  থানা', NULL, NULL, NULL),
	(598, 'Bhujpur Thana', 'ভুজপুর থানা', NULL, NULL, NULL),
	(599, 'Chandgaon Thana', 'চান্দগাও থানা', NULL, NULL, NULL),
	(600, 'Chaowkbazar Thana', 'চকবাজার থানা', NULL, NULL, NULL),
	(601, 'Chittagong Kotwali Thana', 'চিটাগাং থানা', NULL, NULL, NULL),
	(602, 'Double Mooring Thana', 'ডাবল মর্নিং থানা', NULL, NULL, NULL),
	(603, 'EPZ Thana Thana', 'ইপিজেড থানা', NULL, NULL, NULL),
	(604, 'Halishahar Thana', 'হালিশাহার থানা', NULL, NULL, NULL),
	(605, 'Karnaphuli Thana', 'কর্ণফুলি থানা', NULL, NULL, NULL),
	(606, 'Khulshi Thana', 'খুলসি থানা', NULL, NULL, NULL),
	(607, 'Kotwali Thana (Chittagong)', 'কতোয়াখালি থানা', NULL, NULL, NULL),
	(608, 'Pahartali Thana', 'পাহারতলি থানা', NULL, NULL, NULL),
	(609, 'Panchlaish Thana', 'পাঞ্চলাইস থানা', NULL, NULL, NULL),
	(610, 'Patenga Thana', 'পতেংগা থানা', NULL, NULL, NULL),
	(611, 'Khulna Sadar Thana', 'খুলনা সদর থানা', NULL, NULL, NULL),
	(612, 'Sonadanga Thana', 'সোনাডাঙ্গা থানা', NULL, NULL, NULL),
	(613, 'Daulatpur Thana', 'দৌলতপুর থানা', NULL, NULL, NULL),
	(614, 'Khalishpur Thana', 'খালিশপুর থানা', NULL, NULL, NULL),
	(615, 'Khan Jahan Ali Thana', 'খান জাহান আলী থানা', NULL, NULL, NULL),
	(616, 'Labanchara Thana', 'লবনছড়া থানা', NULL, NULL, NULL),
	(617, 'Harintana Thana', 'হরিণটানা থানা', NULL, NULL, NULL),
	(618, 'Aranghata Thana', 'আড়ংঘাটা থানা', NULL, NULL, NULL),
	(619, 'Sadar Thana', 'সদর/জয়দেবপুর থানা', NULL, NULL, NULL),
	(620, 'Bason Thana', 'বাসন থানা', NULL, NULL, NULL),
	(621, 'Konabari Thana', 'কোনাবাড়ী থানা', NULL, NULL, NULL),
	(622, 'Kashimpur Thana', 'কাশিমপুর থানা', NULL, NULL, NULL),
	(623, 'Gacha Thana', 'গাছা থানা', NULL, NULL, NULL),
	(624, 'Pubail Thana', 'পূবাইল থানা', NULL, NULL, NULL),
	(625, 'Tongi West Thana', 'টঙ্গী পশ্চিম থানা', NULL, NULL, NULL),
	(626, 'Tongi East Thana', 'টঙ্গী পূর্ব থানা', NULL, NULL, NULL),
	(627, 'KOTWALI MODEL THANA', 'কোতোয়ালি মডেল থানা', NULL, NULL, NULL),
	(628, 'AIRPORT THANA (BARISHAL)', 'বিমানবন্দর থানা (বরিশাল)', NULL, NULL, NULL),
	(629, 'KAWNIA THANA', 'কাউনিয়া থানা', NULL, NULL, NULL),
	(630, 'BANDAR THANA (BASISHAL)', 'বন্দর থানা (বরিশাল)', NULL, NULL, NULL),
	(631, 'RUPATALI THANA', 'রুপতালী থানা', NULL, NULL, NULL),
	(632, 'BARISAL UNIVERSITY THANA', 'বরিশাল বিশ্ববিদ্যালয় থানা', NULL, NULL, NULL),
	(633, 'CHARMONAI THANA', 'চরমোনাই থানা', NULL, NULL, NULL),
	(634, 'KASHIPUR THANA', 'কাশীপুর থানা', NULL, NULL, NULL),
	(635, 'BOALIA THANA', 'বোয়ালিয়া থানা', NULL, NULL, NULL),
	(636, 'RAJPARA THANA', 'রাজপাড়া থানা', NULL, NULL, NULL),
	(637, 'MOTIHAR THANA', 'মতিহার থানা', NULL, NULL, NULL),
	(638, 'SHAHMUKHDUM THANA', 'শাহমখদুম থানা', NULL, NULL, NULL),
	(639, 'CHANDRIMA THANA', 'চন্দ্রিমা থানা', NULL, NULL, NULL),
	(640, 'KASIADANGA THANA', 'কাসিয়াডাঙ্গা থানা', NULL, NULL, NULL),
	(641, 'KATAKHALI THANA', 'কাটাখালী থানা', NULL, NULL, NULL),
	(642, 'BELPUKUR THANA', 'বেলপুকুর থানা', NULL, NULL, NULL),
	(643, 'AIRPORT THANA (RAJSHAHI)', 'বিমানবন্দর থানা (রাজশাহী)', NULL, NULL, NULL),
	(644, 'KARNAHAR THANA', 'করমহর থানা', NULL, NULL, NULL),
	(645, 'DAMKURA THANA', 'দামকুঁড়া থানা', NULL, NULL, NULL),
	(646, 'PABA THANA', 'পবা থানা', NULL, NULL, NULL),
	(647, 'KOTWALI THANA', 'কোতয়ালি থানা', NULL, NULL, NULL),
	(648, 'PARSHURAM THANA', 'পরশুরাম থানা', NULL, NULL, NULL),
	(649, 'HARAGACH THANA', 'হারাগাছ থানা', NULL, NULL, NULL),
	(650, 'TAJHAT THANA', 'তাজহাট থানা', NULL, NULL, NULL),
	(651, 'MAHIGANJ THANA', 'মাহিগঞ্জ থানা', NULL, NULL, NULL),
	(652, 'HAJIRHAT THANA', 'হাজীরহাট থানা', NULL, NULL, NULL),
	(653, 'KOTWALI MODEL THANA (SYLHET)', 'কোতোয়ালি মডেল থানা  (সিলেট)', NULL, NULL, NULL),
	(654, 'JALALABAD THANA', 'জালালাবাদ থানা', NULL, NULL, NULL),
	(655, 'AIRPORT THANA (SYLHET)', 'বিমানবন্দর থানা (সিলেট)', NULL, NULL, NULL),
	(656, 'MOGLABAZAR THANA', 'মোগলাবাজার থানা', NULL, NULL, NULL),
	(657, 'SOUTH SURMA THANA', 'দক্ষিণ সুরমা থানা', NULL, NULL, NULL),
	(658, 'SHAH PORAN (R.) THANA', 'শাহ পোরাণ (আর) থানা', NULL, NULL, NULL),
	(659, 'Bhasantek Thana', 'ভাষানটেক থানা', NULL, '2021-05-04 05:37:04', '2021-05-04 05:37:04'),
	(660, '', 'রাণীশংকৈল', NULL, '2021-05-24 14:31:04', '2021-05-24 14:31:04'),
	(661, '', 'ফতুল্লা', NULL, '2021-08-24 15:40:47', '2021-08-24 15:40:47'),
	(662, '', 'বন্দর', NULL, '2021-08-25 09:38:12', '2021-08-25 09:38:12'),
	(663, '', 'বিরল', NULL, '2021-08-26 11:47:33', '2021-08-26 11:47:33'),
	(664, '', 'চিলাহাটি', NULL, '2021-08-26 11:57:09', '2021-08-26 11:57:09'),
	(665, 'Dhaka', 'ঢাকা', 1, '2021-08-18 12:57:15', NULL),
	(666, 'Faridpur', 'ফরিদপুর', 2, '2021-08-18 12:58:09', NULL),
	(667, 'Gazipur', 'গাজীপুর', 3, '2021-08-18 12:58:36', NULL),
	(668, 'Gopalganj', 'গোপালগঞ্জ', 4, '2021-08-18 15:27:09', NULL),
	(669, 'Jamalpur', 'জামালপুর', 5, '2021-08-18 12:59:26', NULL),
	(670, 'Kishoreganj', 'কিশোরগঞ্জ', 6, '2021-08-18 12:59:44', NULL),
	(671, 'Madaripur', 'মাদারীপুর', 7, '2021-08-18 15:27:47', NULL),
	(672, 'Manikganj', 'মানিকগঞ্জ', 8, '2021-08-18 13:00:33', NULL),
	(673, 'Munshiganj', 'মুন্সিগঞ্জ', 9, '2021-08-18 13:00:49', NULL),
	(674, 'Mymensingh', 'ময়মনসিংহ', 10, '2021-08-18 13:01:53', NULL),
	(675, 'Narayanganj', 'নারায়াণগঞ্জ', 11, '2021-08-18 13:02:17', NULL),
	(676, 'Narsingdi', 'নরসিংদী', 12, '2021-08-18 13:02:30', NULL),
	(677, 'Netrokona', 'নেত্রকোনা', 13, '2021-08-18 13:02:52', NULL),
	(678, 'Rajbari', 'রাজবাড়ি', 14, '2021-08-18 15:28:31', NULL),
	(679, 'Shariatpur', 'শরীয়তপুর', 15, '2021-08-18 15:29:11', NULL),
	(680, 'Sherpur', 'শেরপুর', 16, '2021-08-18 15:30:01', NULL),
	(681, 'Tangail', 'টাঙ্গাইল', 17, '2021-08-18 14:31:55', NULL),
	(682, 'Bogra', 'বগুড়া', 18, '2021-08-18 15:30:37', NULL),
	(683, 'Joypurhat', 'জয়পুরহাট', 19, '2021-08-18 15:30:56', NULL),
	(684, 'Naogaon', 'নওগাঁ', 20, '2021-08-18 14:33:17', NULL),
	(685, 'Natore', 'নাটোর', 21, '2021-08-18 14:33:28', NULL),
	(686, 'Nawabganj', 'চাঁপাইনবাবগঞ্জ', 22, '2021-08-18 14:33:48', NULL),
	(687, 'Pabna', 'পাবনা', 23, '2021-08-18 14:34:36', NULL),
	(688, 'Rajshahi', 'রাজশাহী', 24, '2021-08-18 14:34:50', NULL),
	(689, 'Sirajgonj', 'সিরাজগঞ্জ', 25, '2021-08-18 14:35:11', NULL),
	(690, 'Dinajpur', 'দিনাজপুর', 26, '2021-08-18 15:31:47', NULL),
	(691, 'Gaibandha', 'গাইবান্ধা', 27, '2021-08-18 14:40:06', NULL),
	(692, 'Kurigram', 'কুড়িগ্রাম', 28, '2021-08-18 14:56:22', NULL),
	(693, 'Lalmonirhat', 'লালমনিরহাট', 29, '2021-08-18 14:56:43', NULL),
	(694, 'Nilphamari', 'নীলফামারী', 30, '2021-08-18 14:57:30', NULL),
	(695, 'Panchagarh', 'পঞ্চগড়', 31, '2021-08-18 15:32:21', NULL),
	(696, 'Rangpur', 'রংপুর', 32, '2021-08-18 14:58:08', NULL),
	(697, 'Thakurgaon', 'ঠাকুরগাঁও', 33, '2021-08-18 15:32:45', NULL),
	(698, 'Barguna', 'বরগুনা', 34, '2021-08-18 15:32:58', NULL),
	(699, 'Barisal', 'বরিশাল', 35, '2021-08-18 14:59:01', NULL),
	(700, 'Bhola', 'ভোলা', 36, '2021-08-18 14:59:10', NULL),
	(701, 'Jhalokati', 'ঝালকাঠি', 37, '2021-08-18 14:59:19', NULL),
	(702, 'Patuakhali', 'পটুয়াখালী', 38, '2021-08-18 14:59:31', NULL),
	(703, 'Pirojpur', 'পিরোজপুর', 39, '2021-08-18 14:59:47', NULL),
	(704, 'Bandarban', 'বান্দরবান', 40, '2021-08-18 15:00:00', NULL),
	(705, 'Brahmanbaria', 'ব্রাহ্মণবাড়িয়া', 41, '2021-08-18 15:00:12', NULL),
	(706, 'Chandpur', 'চাঁদপুর', 42, '2021-08-18 15:00:34', NULL),
	(707, 'Chittagong', 'চট্টগ্রাম', 43, '2021-08-18 15:00:56', NULL),
	(708, 'Comilla', 'কুমিল্লা', 44, '2021-08-18 15:01:04', NULL),
	(709, 'Cox\'s Bazar', 'কক্স বাজার', 45, '2021-08-18 15:01:30', NULL),
	(710, 'Feni', 'ফেনী', 46, '2021-08-18 15:03:15', NULL),
	(711, 'Khagrachari', 'খাগড়াছড়ি', 47, '2021-08-18 15:04:43', NULL),
	(712, 'Lakshmipur', 'লক্ষ্মীপুর', 48, '2021-08-18 15:04:07', NULL),
	(713, 'Noakhali', 'নোয়াখালী', 49, '2021-08-18 15:05:29', NULL),
	(714, 'Rangamati', 'রাঙ্গামাটি', 50, '2021-08-18 15:05:41', NULL),
	(715, 'Habiganj', 'হবিগঞ্জ', 51, '2021-08-18 15:06:13', NULL),
	(716, 'Maulvibazar', 'মৌলভীবাজার', 52, '2021-08-18 15:06:25', NULL),
	(717, 'Sunamganj', 'সুনামগঞ্জ', 53, '2021-08-18 15:06:36', NULL),
	(718, 'Sylhet', 'সিলেট', 54, '2021-08-18 15:06:53', NULL),
	(719, 'Bagerhat', 'বাগেরহাট', 55, '2021-08-18 15:07:09', NULL),
	(720, 'Chuadanga', 'চুয়াডাঙ্গা', 56, '2021-08-18 15:07:30', NULL),
	(721, 'Jessore', 'যশোর', 57, '2021-08-18 15:08:04', NULL),
	(722, 'Jhenaidah', 'ঝিনাইদহ', 58, '2021-08-18 15:08:18', NULL),
	(723, 'Khulna', 'খুলনা', 59, '2021-08-18 15:08:36', NULL),
	(724, 'Kushtia', 'কুষ্টিয়া', 60, '2021-08-18 15:08:53', NULL),
	(725, 'Magura', 'মাগুরা', 61, '2021-08-18 15:09:18', NULL),
	(726, 'Meherpur', 'মেহেরপুর', 62, '2021-08-18 15:35:35', NULL),
	(727, 'Narail', 'নড়াইল', 63, '2021-08-18 15:09:42', NULL),
	(728, 'Satkhira', 'সাতক্ষীরা', 64, '2021-08-18 15:09:53', NULL),
	(729, 'Dhaka Metro', 'ঢাকা মেট্রো', 65, '2021-08-18 15:11:52', NULL),
	(730, 'Chittagang Metro', 'চট্রগ্রাম মেট্রো', 66, '2021-08-18 15:12:20', NULL),
	(731, 'Rajshahi Metro', 'রাজশাহী মেট্রো', 67, '2021-08-18 15:12:38', NULL),
	(732, 'Khulna Metro', 'খুলনা মেট্রো', 68, '2021-08-18 15:12:51', NULL),
	(733, 'Barishal Metro', 'বরিশাল মেট্রো', 69, '2021-08-18 15:13:19', NULL),
	(734, 'Sylhet Metro', 'সিলেট মেট্রো', 70, '2021-08-18 15:13:31', NULL),
	(735, 'Rangpur Metro', 'রংপুর মেট্রো', 71, '2021-08-18 15:13:50', NULL),
	(736, 'Gazipur Metro', 'গাজীপুর মেট্রো', 72, '2021-08-18 15:14:09', NULL);

-- Dumping structure for table rent_room_bd.privacy_policies
CREATE TABLE IF NOT EXISTS `privacy_policies` (
  `id` bigint unsigned NOT NULL AUTO_INCREMENT,
  `title` varchar(255) COLLATE utf8mb4_unicode_ci NOT NULL,
  `content` text COLLATE utf8mb4_unicode_ci NOT NULL,
  `created_at` timestamp NULL DEFAULT NULL,
  `updated_at` timestamp NULL DEFAULT NULL,
  PRIMARY KEY (`id`)
) ENGINE=InnoDB AUTO_INCREMENT=2 DEFAULT CHARSET=utf8mb4 COLLATE=utf8mb4_unicode_ci;

-- Dumping data for table rent_room_bd.privacy_policies: ~0 rows (approximately)
INSERT INTO `privacy_policies` (`id`, `title`, `content`, `created_at`, `updated_at`) VALUES
	(1, 'privacy policy', 'privacy policy one', '2025-05-11 21:28:45', '2025-05-11 21:28:45');

-- Dumping structure for table rent_room_bd.properties
CREATE TABLE IF NOT EXISTS `properties` (
  `id` bigint unsigned NOT NULL AUTO_INCREMENT,
  `area_id` bigint unsigned NOT NULL,
  `city_id` int unsigned NOT NULL DEFAULT '0',
  `property_type_id` bigint unsigned NOT NULL,
  `name` varchar(255) COLLATE utf8mb4_unicode_ci NOT NULL,
  `photo` varchar(255) COLLATE utf8mb4_unicode_ci DEFAULT NULL,
  `user_id` bigint unsigned NOT NULL,
  `created_at` timestamp NULL DEFAULT NULL,
  `updated_at` timestamp NULL DEFAULT NULL,
  `zone_id` bigint unsigned NOT NULL,
  PRIMARY KEY (`id`),
  KEY `properties_city_id_foreign` (`city_id`),
  KEY `properties_property_type_id_foreign` (`property_type_id`),
  KEY `properties_user_id_foreign` (`user_id`),
  KEY `properties_country_id_foreign` (`area_id`) USING BTREE,
  CONSTRAINT `fk_area_id` FOREIGN KEY (`area_id`) REFERENCES `areas` (`id`),
  CONSTRAINT `properties_city_id_foreign` FOREIGN KEY (`city_id`) REFERENCES `cities` (`id`) ON DELETE CASCADE,
  CONSTRAINT `properties_property_type_id_foreign` FOREIGN KEY (`property_type_id`) REFERENCES `property_types` (`id`) ON DELETE CASCADE,
  CONSTRAINT `properties_user_id_foreign` FOREIGN KEY (`user_id`) REFERENCES `users` (`id`) ON DELETE CASCADE
) ENGINE=InnoDB AUTO_INCREMENT=17 DEFAULT CHARSET=utf8mb4 COLLATE=utf8mb4_unicode_ci;

-- Dumping data for table rent_room_bd.properties: ~5 rows (approximately)
INSERT INTO `properties` (`id`, `area_id`, `city_id`, `property_type_id`, `name`, `photo`, `user_id`, `created_at`, `updated_at`, `zone_id`) VALUES
	(5, 603, 66, 2, 'Property Chittagong', NULL, 2, '2025-05-10 04:45:44', '2025-05-10 04:45:44', 0),
	(6, 641, 67, 1, 'Ismail House', NULL, 2, '2025-05-10 04:54:53', '2025-05-10 04:54:53', 0),
	(9, 603, 66, 2, 'Another property', NULL, 2, '2025-05-10 05:41:32', '2025-05-10 05:41:32', 0),
	(10, 593, 65, 1, 'Noman Property', NULL, 1, '2025-05-14 05:52:56', '2025-05-14 05:52:56', 0),
	(11, 655, 70, 2, 'My Property', NULL, 1, '2025-05-23 21:41:34', '2025-05-23 21:41:34', 0),
	(12, 655, 70, 2, 'Property 036', NULL, 1, '2025-05-23 22:25:51', '2025-05-23 22:25:51', 8),
	(13, 547, 65, 2, 'Ismail apartment', NULL, 1, '2025-05-24 01:17:40', '2025-05-24 01:17:40', 11),
	(14, 547, 65, 1, 'Ismail zafran', NULL, 1, '2025-05-24 04:27:36', '2025-05-24 04:27:36', 12),
	(15, 619, 72, 2, 'Final', NULL, 15, '2025-06-26 20:51:17', '2025-06-26 20:51:17', 13),
	(16, 619, 72, 2, 'Gazipur', NULL, 16, '2025-06-30 02:25:26', '2025-06-30 02:25:26', 13);

-- Dumping structure for table rent_room_bd.property_types
CREATE TABLE IF NOT EXISTS `property_types` (
  `id` bigint unsigned NOT NULL AUTO_INCREMENT,
  `type` varchar(255) COLLATE utf8mb4_unicode_ci NOT NULL,
  `user_id` bigint unsigned NOT NULL,
  `created_at` timestamp NULL DEFAULT NULL,
  `updated_at` timestamp NULL DEFAULT NULL,
  PRIMARY KEY (`id`),
  KEY `property_types_user_id_foreign` (`user_id`),
  CONSTRAINT `property_types_user_id_foreign` FOREIGN KEY (`user_id`) REFERENCES `users` (`id`) ON DELETE CASCADE
) ENGINE=InnoDB AUTO_INCREMENT=5 DEFAULT CHARSET=utf8mb4 COLLATE=utf8mb4_unicode_ci;

-- Dumping data for table rent_room_bd.property_types: ~4 rows (approximately)
INSERT INTO `property_types` (`id`, `type`, `user_id`, `created_at`, `updated_at`) VALUES
	(1, 'House', 2, '2025-05-08 13:15:21', '2025-05-08 13:15:21'),
	(2, 'Appartment', 2, '2025-05-08 13:15:53', '2025-05-08 13:15:53'),
	(3, 'Banglow', 2, '2025-05-08 13:16:01', '2025-05-08 13:16:01'),
	(4, 'Hotel', 2, '2025-05-08 13:33:42', '2025-05-08 13:33:42');

-- Dumping structure for table rent_room_bd.roles
CREATE TABLE IF NOT EXISTS `roles` (
  `id` bigint unsigned NOT NULL AUTO_INCREMENT,
  `name` varchar(255) COLLATE utf8mb4_unicode_ci NOT NULL,
  `guard_name` varchar(255) COLLATE utf8mb4_unicode_ci NOT NULL,
  `created_at` timestamp NULL DEFAULT NULL,
  `updated_at` timestamp NULL DEFAULT NULL,
  PRIMARY KEY (`id`),
  UNIQUE KEY `roles_name_guard_name_unique` (`name`,`guard_name`)
) ENGINE=InnoDB AUTO_INCREMENT=7 DEFAULT CHARSET=utf8mb4 COLLATE=utf8mb4_unicode_ci;

-- Dumping data for table rent_room_bd.roles: ~4 rows (approximately)
INSERT INTO `roles` (`id`, `name`, `guard_name`, `created_at`, `updated_at`) VALUES
	(1, 'Super Admin', 'web', '2024-06-21 21:11:34', '2024-06-21 21:11:34'),
	(4, 'User', 'web', '2024-06-21 21:11:34', '2024-06-21 21:11:34'),
	(5, 'Partner', 'web', '2024-06-23 17:45:54', '2024-06-23 17:45:54'),
	(6, 'Admin', 'web', '2024-06-23 19:36:39', '2024-06-23 19:36:39');

-- Dumping structure for table rent_room_bd.role_has_permissions
CREATE TABLE IF NOT EXISTS `role_has_permissions` (
  `permission_id` bigint unsigned NOT NULL,
  `role_id` bigint unsigned NOT NULL,
  PRIMARY KEY (`permission_id`,`role_id`),
  KEY `role_has_permissions_role_id_foreign` (`role_id`),
  CONSTRAINT `role_has_permissions_permission_id_foreign` FOREIGN KEY (`permission_id`) REFERENCES `permissions` (`id`) ON DELETE CASCADE,
  CONSTRAINT `role_has_permissions_role_id_foreign` FOREIGN KEY (`role_id`) REFERENCES `roles` (`id`) ON DELETE CASCADE
) ENGINE=InnoDB DEFAULT CHARSET=utf8mb4 COLLATE=utf8mb4_unicode_ci;

-- Dumping data for table rent_room_bd.role_has_permissions: ~26 rows (approximately)
INSERT INTO `role_has_permissions` (`permission_id`, `role_id`) VALUES
	(2, 1),
	(3, 1),
	(9, 1),
	(10, 1),
	(14, 1),
	(17, 1),
	(18, 1),
	(19, 1),
	(20, 1),
	(21, 1),
	(22, 1),
	(24, 1),
	(26, 1),
	(27, 1),
	(28, 1),
	(10, 4),
	(24, 4),
	(28, 4),
	(2, 5),
	(3, 5),
	(9, 5),
	(10, 5),
	(14, 5),
	(21, 5),
	(26, 5),
	(22, 6);

-- Dumping structure for table rent_room_bd.rooms
CREATE TABLE IF NOT EXISTS `rooms` (
  `id` bigint unsigned NOT NULL AUTO_INCREMENT,
  `package_id` bigint unsigned NOT NULL,
  `name` varchar(255) COLLATE utf8mb4_unicode_ci NOT NULL,
  `number_of_beds` int NOT NULL,
  `number_of_bathrooms` int NOT NULL,
  `day_deposit` decimal(8,2) DEFAULT NULL,
  `weekly_deposit` decimal(8,2) DEFAULT NULL,
  `monthly_deposit` decimal(8,2) DEFAULT NULL,
  `user_id` bigint unsigned NOT NULL,
  `created_at` timestamp NULL DEFAULT NULL,
  `updated_at` timestamp NULL DEFAULT NULL,
  PRIMARY KEY (`id`),
  KEY `rooms_package_id_foreign` (`package_id`),
  KEY `rooms_user_id_foreign` (`user_id`),
  CONSTRAINT `rooms_package_id_foreign` FOREIGN KEY (`package_id`) REFERENCES `packages` (`id`) ON DELETE CASCADE,
  CONSTRAINT `rooms_user_id_foreign` FOREIGN KEY (`user_id`) REFERENCES `users` (`id`) ON DELETE CASCADE
) ENGINE=InnoDB AUTO_INCREMENT=28 DEFAULT CHARSET=utf8mb4 COLLATE=utf8mb4_unicode_ci;

-- Dumping data for table rent_room_bd.rooms: ~16 rows (approximately)
INSERT INTO `rooms` (`id`, `package_id`, `name`, `number_of_beds`, `number_of_bathrooms`, `day_deposit`, `weekly_deposit`, `monthly_deposit`, `user_id`, `created_at`, `updated_at`) VALUES
	(10, 10, 'Enim excepteur perfe', 87, 4, NULL, NULL, NULL, 1, '2025-05-17 06:01:11', '2025-05-17 06:01:11'),
	(11, 12, 'Sit commodi eu harum', 35, 97, NULL, NULL, NULL, 1, '2025-05-23 23:57:01', '2025-05-23 23:57:01'),
	(12, 13, 'Vel animi excepteur', 62, 47, NULL, NULL, NULL, 1, '2025-05-24 00:02:23', '2025-05-24 00:02:23'),
	(13, 14, 'Anim dolor magna qui', 14, 52, NULL, NULL, NULL, 1, '2025-05-24 01:19:39', '2025-05-24 01:19:39'),
	(14, 15, 'bed room', 1, 1, NULL, NULL, NULL, 1, '2025-05-24 04:30:15', '2025-05-24 04:30:15'),
	(15, 16, 'room', 3, 2, NULL, NULL, NULL, 1, '2025-05-26 00:16:56', '2025-05-26 00:16:56'),
	(16, 17, 'Quae aliquam et dese', 37, 59, NULL, NULL, NULL, 1, '2025-06-02 22:32:07', '2025-06-02 22:32:07'),
	(17, 18, 'Consectetur dolorum', 28, 73, NULL, NULL, NULL, 3, '2025-06-03 00:51:11', '2025-06-03 00:51:11'),
	(18, 19, 'Recusandae Consequa', 83, 26, NULL, NULL, NULL, 1, '2025-06-04 02:24:49', '2025-06-04 02:24:49'),
	(19, 20, 'Nesciunt temporibus', 2, 55, NULL, NULL, NULL, 3, '2025-06-04 02:30:16', '2025-06-04 02:30:16'),
	(20, 21, 'Dinning', 83, 65, NULL, NULL, NULL, 1, '2025-06-14 05:41:09', '2025-06-14 05:41:09'),
	(21, 21, 'Drawing', 5, 1, NULL, NULL, NULL, 1, '2025-06-14 05:41:09', '2025-06-14 05:41:09'),
	(22, 22, 'Master', 1, 1, NULL, NULL, NULL, 1, '2025-06-21 22:25:37', '2025-06-21 22:25:37'),
	(23, 22, 'Medium', 1, 1, NULL, NULL, NULL, 1, '2025-06-21 22:25:37', '2025-06-21 22:25:37'),
	(24, 22, 'Single', 1, 0, NULL, NULL, NULL, 1, '2025-06-21 22:25:37', '2025-06-21 22:25:37'),
	(27, 25, 'Aut eos non volupta', 4, 25, NULL, NULL, NULL, 16, '2025-06-30 03:11:53', '2025-06-30 03:11:53');

-- Dumping structure for table rent_room_bd.room_prices
CREATE TABLE IF NOT EXISTS `room_prices` (
  `id` bigint unsigned NOT NULL AUTO_INCREMENT,
  `room_id` bigint unsigned DEFAULT NULL,
  `type` enum('Day','Week','Month') COLLATE utf8mb4_unicode_ci NOT NULL,
  `fixed_price` decimal(8,2) NOT NULL,
  `discount_price` decimal(8,2) DEFAULT NULL,
  `booking_price` decimal(8,2) NOT NULL,
  `user_id` bigint unsigned NOT NULL,
  `entire_property_id` bigint unsigned DEFAULT NULL,
  `created_at` timestamp NULL DEFAULT NULL,
  `updated_at` timestamp NULL DEFAULT NULL,
  PRIMARY KEY (`id`),
  KEY `room_prices_room_id_foreign` (`room_id`),
  KEY `room_prices_user_id_foreign` (`user_id`),
  KEY `room_prices_entire_property_id_foreign` (`entire_property_id`),
  CONSTRAINT `room_prices_entire_property_id_foreign` FOREIGN KEY (`entire_property_id`) REFERENCES `entire_properties` (`id`) ON DELETE CASCADE,
  CONSTRAINT `room_prices_room_id_foreign` FOREIGN KEY (`room_id`) REFERENCES `rooms` (`id`) ON DELETE CASCADE,
  CONSTRAINT `room_prices_user_id_foreign` FOREIGN KEY (`user_id`) REFERENCES `users` (`id`) ON DELETE CASCADE
) ENGINE=InnoDB AUTO_INCREMENT=35 DEFAULT CHARSET=utf8mb4 COLLATE=utf8mb4_unicode_ci;

-- Dumping data for table rent_room_bd.room_prices: ~18 rows (approximately)
INSERT INTO `room_prices` (`id`, `room_id`, `type`, `fixed_price`, `discount_price`, `booking_price`, `user_id`, `entire_property_id`, `created_at`, `updated_at`) VALUES
	(15, 10, 'Day', 800.00, 700.00, 500.00, 1, NULL, '2025-05-17 06:01:11', '2025-05-17 06:01:11'),
	(16, 10, 'Week', 200.00, 150.00, 100.00, 1, NULL, '2025-05-17 06:01:11', '2025-05-17 06:01:11'),
	(17, 10, 'Month', 18000.00, 17000.00, 5000.00, 1, NULL, '2025-05-17 06:01:11', '2025-05-17 06:01:11'),
	(18, 11, 'Month', 520.00, 500.00, 100.00, 1, NULL, '2025-05-23 23:57:01', '2025-05-23 23:57:01'),
	(19, 12, 'Month', 520.00, 500.00, 100.00, 1, NULL, '2025-05-24 00:02:23', '2025-05-24 00:02:23'),
	(20, 13, 'Month', 520.00, 500.00, 200.00, 1, NULL, '2025-05-24 01:19:39', '2025-05-24 01:19:39'),
	(21, 14, 'Month', 500.00, 450.00, 200.00, 1, NULL, '2025-05-24 04:30:15', '2025-05-24 04:30:15'),
	(22, 15, 'Month', 800.00, 700.00, 200.00, 1, NULL, '2025-05-26 00:16:56', '2025-05-26 00:16:56'),
	(23, 16, 'Month', 5000.00, 4500.00, 500.00, 1, NULL, '2025-06-02 22:32:07', '2025-06-02 22:32:07'),
	(24, 17, 'Month', 5000.00, 4500.00, 2000.00, 3, NULL, '2025-06-03 00:51:11', '2025-06-03 00:51:11'),
	(25, 18, 'Month', 2000.00, 500.00, 1000.00, 1, NULL, '2025-06-04 02:24:49', '2025-06-04 02:24:49'),
	(26, 19, 'Month', 5000.00, 1000.00, 500.00, 3, NULL, '2025-06-04 02:30:16', '2025-06-04 02:30:16'),
	(27, 20, 'Month', 8000.00, 6000.00, 1000.00, 1, NULL, '2025-06-14 05:41:09', '2025-06-14 05:41:09'),
	(28, 21, 'Month', 8000.00, 5000.00, 1000.00, 1, NULL, '2025-06-14 05:41:09', '2025-06-14 05:41:09'),
	(29, 22, 'Day', 2000.00, 1800.00, 1000.00, 1, NULL, '2025-06-21 22:25:37', '2025-06-21 22:25:37'),
	(30, 23, 'Day', 1500.00, 1200.00, 750.00, 1, NULL, '2025-06-21 22:25:37', '2025-06-21 22:25:37'),
	(31, 24, 'Day', 1200.00, 1000.00, 500.00, 1, NULL, '2025-06-21 22:25:37', '2025-06-21 22:25:37'),
	(34, 27, 'Month', 20000.00, 15000.00, 2000.00, 16, NULL, '2025-06-30 03:11:53', '2025-06-30 03:11:53');

-- Dumping structure for table rent_room_bd.sessions
CREATE TABLE IF NOT EXISTS `sessions` (
  `id` varchar(255) COLLATE utf8mb4_unicode_ci NOT NULL,
  `user_id` bigint unsigned DEFAULT NULL,
  `ip_address` varchar(45) COLLATE utf8mb4_unicode_ci DEFAULT NULL,
  `user_agent` text COLLATE utf8mb4_unicode_ci,
  `payload` longtext COLLATE utf8mb4_unicode_ci NOT NULL,
  `last_activity` int NOT NULL,
  PRIMARY KEY (`id`),
  KEY `sessions_user_id_index` (`user_id`),
  KEY `sessions_last_activity_index` (`last_activity`)
) ENGINE=InnoDB DEFAULT CHARSET=utf8mb4 COLLATE=utf8mb4_unicode_ci;

-- Dumping data for table rent_room_bd.sessions: ~2 rows (approximately)
INSERT INTO `sessions` (`id`, `user_id`, `ip_address`, `user_agent`, `payload`, `last_activity`) VALUES
	('Ib3S8UTIYWWoueX9wDlT886ZCBussUJA7Tsxk2DR', 17, '127.0.0.1', 'Mozilla/5.0 (Windows NT 10.0; Win64; x64) AppleWebKit/537.36 (KHTML, like Gecko) Chrome/137.0.0.0 Safari/537.36', 'YTo1OntzOjY6Il90b2tlbiI7czo0MDoiYmV4R0lZMkZqbGN4VVJMdkRvMkxUWTUzeGdDeEFENVJtRnlCZEZhdCI7czo2OiJfZmxhc2giO2E6Mjp7czozOiJvbGQiO2E6MDp7fXM6MzoibmV3IjthOjA6e319czoxODoiZmxhc2hlcjo6ZW52ZWxvcGVzIjthOjA6e31zOjk6Il9wcmV2aW91cyI7YToxOntzOjM6InVybCI7czozNjoiaHR0cDovLzEyNy4wLjAuMTo4MDAwL3Nzby9naG9yZXJtZW51Ijt9czo1MDoibG9naW5fd2ViXzU5YmEzNmFkZGMyYjJmOTQwMTU4MGYwMTRjN2Y1OGVhNGUzMDk4OWQiO2k6MTc7fQ==', 1751459983),
	('VV1EGKWH5H6tvQrVNM9xW2BMz9Ru7BXkOHvb2g8m', NULL, '127.0.0.1', 'Mozilla/5.0 (Windows NT 10.0; Win64; x64) AppleWebKit/537.36 (KHTML, like Gecko) Chrome/138.0.0.0 Safari/537.36', 'YTo0OntzOjY6Il90b2tlbiI7czo0MDoiZFA1bkhtTFdweHNaQUhONVpseGJ5bzE1MXR2RXZqVUFYazVBNEl2SCI7czoxODoiZmxhc2hlcjo6ZW52ZWxvcGVzIjthOjA6e31zOjk6Il9wcmV2aW91cyI7YToxOntzOjM6InVybCI7czoyMToiaHR0cDovLzEyNy4wLjAuMTo4MDAwIjt9czo2OiJfZmxhc2giO2E6Mjp7czozOiJvbGQiO2E6MDp7fXM6MzoibmV3IjthOjA6e319fQ==', 1752413524);

-- Dumping structure for table rent_room_bd.social_links
CREATE TABLE IF NOT EXISTS `social_links` (
  `id` bigint unsigned NOT NULL AUTO_INCREMENT,
  `footer_section_four_id` bigint unsigned NOT NULL,
  `icon_class` varchar(255) COLLATE utf8mb4_unicode_ci DEFAULT NULL,
  `link` varchar(255) COLLATE utf8mb4_unicode_ci DEFAULT NULL,
  `created_at` timestamp NULL DEFAULT NULL,
  `updated_at` timestamp NULL DEFAULT NULL,
  PRIMARY KEY (`id`),
  KEY `social_links_footer_section_four_id_foreign` (`footer_section_four_id`),
  CONSTRAINT `social_links_footer_section_four_id_foreign` FOREIGN KEY (`footer_section_four_id`) REFERENCES `footer_section_fours` (`id`) ON DELETE CASCADE
) ENGINE=InnoDB DEFAULT CHARSET=utf8mb4 COLLATE=utf8mb4_unicode_ci;

-- Dumping data for table rent_room_bd.social_links: ~0 rows (approximately)

-- Dumping structure for table rent_room_bd.terms_and_privacy
CREATE TABLE IF NOT EXISTS `terms_and_privacy` (
  `id` bigint unsigned NOT NULL AUTO_INCREMENT,
  `terms_title` varchar(255) COLLATE utf8mb4_unicode_ci DEFAULT NULL,
  `terms_link` varchar(255) COLLATE utf8mb4_unicode_ci DEFAULT NULL,
  `privacy_title` varchar(255) COLLATE utf8mb4_unicode_ci DEFAULT NULL,
  `privacy_link` varchar(255) COLLATE utf8mb4_unicode_ci DEFAULT NULL,
  `rights_reserves_text` varchar(255) COLLATE utf8mb4_unicode_ci DEFAULT NULL,
  `created_at` timestamp NULL DEFAULT NULL,
  `updated_at` timestamp NULL DEFAULT NULL,
  PRIMARY KEY (`id`)
) ENGINE=InnoDB DEFAULT CHARSET=utf8mb4 COLLATE=utf8mb4_unicode_ci;

-- Dumping data for table rent_room_bd.terms_and_privacy: ~0 rows (approximately)

-- Dumping structure for table rent_room_bd.terms_conditions
CREATE TABLE IF NOT EXISTS `terms_conditions` (
  `id` bigint unsigned NOT NULL AUTO_INCREMENT,
  `title` varchar(255) COLLATE utf8mb4_unicode_ci NOT NULL,
  `content` text COLLATE utf8mb4_unicode_ci NOT NULL,
  `created_at` timestamp NULL DEFAULT NULL,
  `updated_at` timestamp NULL DEFAULT NULL,
  PRIMARY KEY (`id`)
) ENGINE=InnoDB AUTO_INCREMENT=2 DEFAULT CHARSET=utf8mb4 COLLATE=utf8mb4_unicode_ci;

-- Dumping data for table rent_room_bd.terms_conditions: ~0 rows (approximately)
INSERT INTO `terms_conditions` (`id`, `title`, `content`, `created_at`, `updated_at`) VALUES
	(1, 'Tems one', 'Term one content', '2025-05-11 23:02:54', '2025-05-11 23:02:54');

-- Dumping structure for table rent_room_bd.thanas
CREATE TABLE IF NOT EXISTS `thanas` (
  `id` bigint unsigned NOT NULL AUTO_INCREMENT,
  `name` varchar(191) CHARACTER SET utf8mb4 COLLATE utf8mb4_unicode_ci DEFAULT NULL,
  `bn_name` varchar(191) CHARACTER SET utf8mb4 COLLATE utf8mb4_unicode_ci NOT NULL,
  `division_id` bigint unsigned NOT NULL,
  `district_id` bigint unsigned NOT NULL,
  `designation_id` bigint unsigned NOT NULL,
  `status` enum('Active','Inactive') CHARACTER SET utf8mb4 COLLATE utf8mb4_unicode_ci NOT NULL DEFAULT 'Active',
  `created_by` bigint unsigned DEFAULT NULL,
  `updated_by` bigint unsigned DEFAULT NULL,
  `deleted_by` bigint unsigned DEFAULT NULL,
  `created_at` timestamp NULL DEFAULT NULL,
  `updated_at` timestamp NULL DEFAULT NULL,
  `deleted_at` timestamp NULL DEFAULT NULL,
  PRIMARY KEY (`id`),
  KEY `thanas_division_id_foreign` (`division_id`),
  KEY `thanas_district_id_foreign` (`district_id`),
  KEY `thanas_designation_id_foreign` (`designation_id`),
  KEY `thanas_created_by_foreign` (`created_by`),
  KEY `thanas_updated_by_foreign` (`updated_by`),
  KEY `thanas_deleted_by_foreign` (`deleted_by`)
) ENGINE=InnoDB AUTO_INCREMENT=665 DEFAULT CHARSET=utf8mb4 COLLATE=utf8mb4_unicode_ci;

-- Dumping data for table rent_room_bd.thanas: ~626 rows (approximately)
INSERT INTO `thanas` (`id`, `name`, `bn_name`, `division_id`, `district_id`, `designation_id`, `status`, `created_by`, `updated_by`, `deleted_by`, `created_at`, `updated_at`, `deleted_at`) VALUES
	(1, 'Amtali', 'আমতলী', 1, 34, 1, 'Active', NULL, NULL, NULL, NULL, NULL, NULL),
	(2, 'Bamna', 'বামনা', 1, 34, 1, 'Active', NULL, NULL, NULL, NULL, NULL, NULL),
	(3, 'Barguna Sadar', 'বরগুনা সদর', 1, 34, 1, 'Active', NULL, NULL, NULL, NULL, NULL, NULL),
	(4, 'Betagi', 'বেতাগি', 1, 34, 1, 'Active', NULL, NULL, NULL, NULL, NULL, NULL),
	(5, 'Patharghata', 'পাথরঘাটা', 1, 34, 1, 'Active', NULL, NULL, NULL, NULL, NULL, NULL),
	(6, 'Taltali', 'তালতলী', 1, 34, 1, 'Active', NULL, NULL, NULL, NULL, NULL, NULL),
	(7, 'Muladi', 'মুলাদি', 1, 35, 1, 'Active', NULL, NULL, NULL, NULL, NULL, NULL),
	(8, 'Babuganj', 'বাবুগঞ্জ', 1, 35, 1, 'Active', NULL, NULL, NULL, NULL, NULL, NULL),
	(9, 'Agailjhara', 'আগাইলঝরা', 1, 35, 1, 'Active', NULL, NULL, NULL, NULL, NULL, NULL),
	(10, 'Barisal Sadar', 'বরিশাল সদর', 1, 35, 1, 'Active', NULL, NULL, NULL, NULL, NULL, NULL),
	(11, 'Bakerganj', 'বাকেরগঞ্জ', 1, 35, 1, 'Active', NULL, NULL, NULL, NULL, NULL, NULL),
	(12, 'Banaripara', 'বানাড়িপারা', 1, 35, 1, 'Active', NULL, NULL, NULL, NULL, NULL, NULL),
	(13, 'Gaurnadi', 'গৌরনদী', 1, 35, 1, 'Active', NULL, NULL, NULL, NULL, NULL, NULL),
	(14, 'Hizla', 'হিজলা', 1, 35, 1, 'Active', NULL, NULL, NULL, NULL, NULL, NULL),
	(15, 'Mehendiganj', 'মেহেদিগঞ্জ', 1, 35, 1, 'Active', NULL, NULL, NULL, NULL, NULL, NULL),
	(16, 'Wazirpur', 'উজিরপুর', 1, 35, 1, 'Active', NULL, NULL, NULL, NULL, NULL, NULL),
	(17, 'Bhola Sadar', 'ভোলা সদর', 1, 36, 1, 'Active', NULL, NULL, NULL, NULL, NULL, NULL),
	(18, 'Burhanuddin', 'বুরহানউদ্দিন', 1, 36, 1, 'Active', NULL, NULL, NULL, NULL, NULL, NULL),
	(19, 'Char Fasson', 'চর ফ্যাশন', 1, 36, 1, 'Active', NULL, NULL, NULL, NULL, NULL, NULL),
	(20, 'Daulatkhan', 'দৌলতখান', 1, 36, 1, 'Active', NULL, NULL, NULL, NULL, NULL, NULL),
	(21, 'Lalmohan', 'লালমোহন', 1, 36, 1, 'Active', NULL, NULL, NULL, NULL, NULL, NULL),
	(22, 'Manpura', 'মনপুরা', 1, 36, 1, 'Active', NULL, NULL, NULL, NULL, NULL, NULL),
	(23, 'Tazumuddin', 'তাজুমুদ্দিন', 1, 36, 1, 'Active', NULL, NULL, NULL, NULL, NULL, NULL),
	(24, 'Jhalokati Sadar', 'ঝালকাঠি সদর', 1, 37, 1, 'Active', NULL, NULL, NULL, NULL, NULL, NULL),
	(25, 'Kathalia', 'কাঁঠালিয়া', 1, 37, 1, 'Active', NULL, NULL, NULL, NULL, NULL, NULL),
	(26, 'Nalchity', 'নলচিতি', 1, 37, 1, 'Active', NULL, NULL, NULL, NULL, NULL, NULL),
	(27, 'Rajapur', 'রাজাপুর', 1, 37, 1, 'Active', NULL, NULL, NULL, NULL, NULL, NULL),
	(28, 'Bauphal', 'বাউফল', 1, 38, 1, 'Active', NULL, NULL, NULL, NULL, NULL, NULL),
	(29, 'Dashmina', 'দশমিনা', 1, 38, 1, 'Active', NULL, NULL, NULL, NULL, NULL, NULL),
	(30, 'Galachipa', 'গলাচিপা', 1, 38, 1, 'Active', NULL, NULL, NULL, NULL, NULL, NULL),
	(31, 'Kalapara', 'কলাপারা', 1, 38, 1, 'Active', NULL, NULL, NULL, NULL, NULL, NULL),
	(32, 'Mirzaganj', 'মির্জাগঞ্জ', 1, 38, 1, 'Active', NULL, NULL, NULL, NULL, NULL, NULL),
	(33, 'Patuakhali Sadar', 'পটুয়াখালী সদর', 1, 38, 1, 'Active', NULL, NULL, NULL, NULL, NULL, NULL),
	(34, 'Dumki', 'দুমকি', 1, 38, 1, 'Active', NULL, NULL, NULL, NULL, NULL, NULL),
	(35, 'Rangabali', 'রাঙ্গাবালি', 1, 38, 1, 'Active', NULL, NULL, NULL, NULL, NULL, NULL),
	(36, 'Bhandaria', 'ভাণ্ডারিয়া', 1, 39, 1, 'Active', NULL, NULL, NULL, NULL, NULL, NULL),
	(37, 'Kaukhali', 'কাউখালি', 1, 39, 1, 'Active', NULL, NULL, NULL, NULL, NULL, NULL),
	(38, 'Mathbaria', 'মঠবাড়িয়া', 1, 39, 1, 'Active', NULL, NULL, NULL, NULL, NULL, NULL),
	(39, 'Nazirpur', 'নাজিরপুর', 1, 39, 1, 'Active', NULL, NULL, NULL, NULL, NULL, NULL),
	(40, 'Nesarabad', 'নেসারাবাদ', 1, 39, 1, 'Active', NULL, NULL, NULL, NULL, NULL, NULL),
	(41, 'Pirojpur Sadar', 'পিরোজপুর সদর', 1, 39, 1, 'Active', NULL, NULL, NULL, NULL, NULL, NULL),
	(42, 'Indurkani', 'ইন্দুরকানি', 1, 39, 1, 'Active', NULL, NULL, NULL, NULL, NULL, NULL),
	(43, 'Bandarban Sadar', 'বান্দরবন সদর', 2, 40, 1, 'Active', NULL, NULL, NULL, NULL, NULL, NULL),
	(44, 'Thanchi', 'থানচি', 2, 40, 1, 'Active', NULL, NULL, NULL, NULL, NULL, NULL),
	(45, 'Lama', 'লামা', 2, 40, 1, 'Active', NULL, NULL, NULL, NULL, NULL, NULL),
	(46, 'Naikhongchhari', 'নাইখংছড়ি', 2, 40, 1, 'Active', NULL, NULL, NULL, NULL, NULL, NULL),
	(47, 'Ali kadam', 'আলী কদম', 2, 40, 1, 'Active', NULL, NULL, NULL, NULL, NULL, NULL),
	(48, 'Rowangchari', 'রোয়াংছড়ি', 2, 40, 1, 'Active', NULL, NULL, NULL, NULL, NULL, NULL),
	(49, 'Ruma', 'রুমা', 2, 40, 1, 'Active', NULL, NULL, NULL, NULL, NULL, NULL),
	(50, 'Brahmanbaria Sadar', 'ব্রাহ্মণবাড়িয়া সদর', 2, 41, 1, 'Active', NULL, NULL, NULL, NULL, NULL, NULL),
	(51, 'Ashuganj', 'আশুগঞ্জ', 2, 41, 1, 'Active', NULL, NULL, NULL, NULL, NULL, NULL),
	(52, 'Nasirnagar', 'নাসির নগর', 2, 41, 1, 'Active', NULL, NULL, NULL, NULL, NULL, NULL),
	(53, 'Nabinagar', 'নবীনগর', 2, 41, 1, 'Active', NULL, NULL, NULL, NULL, NULL, NULL),
	(54, 'Sarail', 'সরাইল', 2, 41, 1, 'Active', NULL, NULL, NULL, NULL, NULL, NULL),
	(55, 'Shahbazpur Town', 'শাহবাজপুর টাউন', 2, 41, 1, 'Active', NULL, NULL, NULL, NULL, NULL, NULL),
	(56, 'Kasba', 'কসবা', 2, 41, 1, 'Active', NULL, NULL, NULL, NULL, NULL, NULL),
	(57, 'Akhaura', 'আখাউরা', 2, 41, 1, 'Active', NULL, NULL, NULL, NULL, NULL, NULL),
	(58, 'Bancharampur', 'বাঞ্ছারামপুর', 2, 41, 1, 'Active', NULL, NULL, NULL, NULL, NULL, NULL),
	(59, 'Bijoynagar', 'বিজয় নগর', 2, 41, 1, 'Active', NULL, NULL, NULL, NULL, NULL, NULL),
	(60, 'Chandpur Sadar', 'চাঁদপুর সদর', 2, 42, 1, 'Active', NULL, NULL, NULL, NULL, NULL, NULL),
	(61, 'Faridganj', 'ফরিদগঞ্জ', 2, 42, 1, 'Active', NULL, NULL, NULL, NULL, NULL, NULL),
	(62, 'Haimchar', 'হাইমচর', 2, 42, 1, 'Active', NULL, NULL, NULL, NULL, NULL, NULL),
	(63, 'Haziganj', 'হাজীগঞ্জ', 2, 42, 1, 'Active', NULL, NULL, NULL, NULL, NULL, NULL),
	(64, 'Kachua', 'কচুয়া', 2, 42, 1, 'Active', NULL, NULL, NULL, NULL, NULL, NULL),
	(65, 'Matlab Uttar', 'মতলব উত্তর', 2, 42, 1, 'Active', NULL, NULL, NULL, NULL, NULL, NULL),
	(66, 'Matlab Dakkhin', 'মতলব দক্ষিণ', 2, 42, 1, 'Active', NULL, NULL, NULL, NULL, NULL, NULL),
	(67, 'Shahrasti', 'শাহরাস্তি', 2, 42, 1, 'Active', NULL, NULL, NULL, NULL, NULL, NULL),
	(68, 'Anwara', 'আনোয়ারা', 2, 43, 1, 'Active', NULL, NULL, NULL, NULL, NULL, NULL),
	(69, 'Banshkhali', 'বাশখালি', 2, 43, 1, 'Active', NULL, NULL, NULL, NULL, NULL, NULL),
	(70, 'Boalkhali', 'বোয়ালখালি', 2, 43, 1, 'Active', NULL, NULL, NULL, NULL, NULL, NULL),
	(71, 'Chandanaish', 'চন্দনাইশ', 2, 43, 1, 'Active', NULL, NULL, NULL, NULL, NULL, NULL),
	(72, 'Fatikchhari', 'ফটিকছড়ি', 2, 43, 1, 'Active', NULL, NULL, NULL, NULL, NULL, NULL),
	(73, 'Hathazari', 'হাটহাজারী', 2, 43, 1, 'Active', NULL, NULL, NULL, NULL, NULL, NULL),
	(74, 'Lohagara', 'লোহাগরা', 2, 43, 1, 'Active', NULL, NULL, NULL, NULL, NULL, NULL),
	(75, 'Mirsharai', 'মিরসরাই', 2, 43, 1, 'Active', NULL, NULL, NULL, NULL, NULL, NULL),
	(76, 'Patiya', 'পটিয়া', 2, 43, 1, 'Active', NULL, NULL, NULL, NULL, NULL, NULL),
	(77, 'Rangunia', 'রাঙ্গুনিয়া', 2, 43, 1, 'Active', NULL, NULL, NULL, NULL, NULL, NULL),
	(78, 'Raozan', 'রাউজান', 2, 43, 1, 'Active', NULL, NULL, NULL, NULL, NULL, NULL),
	(79, 'Sandwip', 'সন্দ্বীপ', 2, 43, 1, 'Active', NULL, NULL, NULL, NULL, NULL, NULL),
	(80, 'Satkania', 'সাতকানিয়া', 2, 43, 1, 'Active', NULL, NULL, NULL, NULL, NULL, NULL),
	(81, 'Sitakunda', 'সীতাকুণ্ড', 2, 43, 1, 'Active', NULL, NULL, NULL, NULL, NULL, NULL),
	(82, 'Barura', 'বড়ুরা', 2, 44, 1, 'Active', NULL, NULL, NULL, NULL, NULL, NULL),
	(83, 'Brahmanpara', 'ব্রাহ্মণপাড়া', 2, 44, 1, 'Active', NULL, NULL, NULL, NULL, NULL, NULL),
	(84, 'Burichong', 'বুড়িচং', 2, 44, 1, 'Active', NULL, NULL, NULL, NULL, NULL, NULL),
	(85, 'Chandina', 'চান্দিনা', 2, 44, 1, 'Active', NULL, NULL, NULL, NULL, NULL, NULL),
	(86, 'Chauddagram', 'চৌদ্দগ্রাম', 2, 44, 1, 'Active', NULL, NULL, NULL, NULL, NULL, NULL),
	(87, 'Daudkandi', 'দাউদকান্দি', 2, 44, 1, 'Active', NULL, NULL, NULL, NULL, NULL, NULL),
	(88, 'Debidwar', 'দেবীদ্বার', 2, 44, 1, 'Active', NULL, NULL, NULL, NULL, NULL, NULL),
	(89, 'Homna', 'হোমনা', 2, 44, 1, 'Active', NULL, NULL, NULL, NULL, NULL, NULL),
	(90, 'Comilla Sadar', 'কুমিল্লা সদর', 2, 44, 1, 'Active', NULL, NULL, NULL, NULL, NULL, NULL),
	(91, 'Laksam', 'লাকসাম', 2, 44, 1, 'Active', NULL, NULL, NULL, NULL, NULL, NULL),
	(92, 'Monohorgonj', 'মনোহরগঞ্জ', 2, 44, 1, 'Active', NULL, NULL, NULL, NULL, NULL, NULL),
	(93, 'Meghna', 'মেঘনা', 2, 44, 1, 'Active', NULL, NULL, NULL, NULL, NULL, NULL),
	(94, 'Muradnagar', 'মুরাদনগর', 2, 44, 1, 'Active', NULL, NULL, NULL, NULL, NULL, NULL),
	(95, 'Nangalkot', 'নাঙ্গালকোট', 2, 44, 1, 'Active', NULL, NULL, NULL, NULL, NULL, NULL),
	(96, 'Comilla Sadar South', 'কুমিল্লা সদর দক্ষিণ', 2, 44, 1, 'Active', NULL, NULL, NULL, NULL, NULL, NULL),
	(97, 'Titas', 'তিতাস', 2, 44, 1, 'Active', NULL, NULL, NULL, NULL, NULL, NULL),
	(98, 'Chakaria', 'চকরিয়া', 2, 45, 1, 'Active', NULL, NULL, NULL, NULL, NULL, NULL),
	(99, 'Chakaria', 'চকরিয়া', 2, 45, 1, 'Active', NULL, NULL, NULL, NULL, NULL, NULL),
	(100, 'Cox\'s Bazar Sadar', 'কক্স বাজার সদর', 2, 45, 1, 'Active', NULL, NULL, NULL, NULL, NULL, NULL),
	(101, 'Kutubdia', 'কুতুবদিয়া', 2, 45, 1, 'Active', NULL, NULL, NULL, NULL, NULL, NULL),
	(102, 'Maheshkhali', 'মহেশখালী', 2, 45, 1, 'Active', NULL, NULL, NULL, NULL, NULL, NULL),
	(103, 'Ramu', 'রামু', 2, 45, 1, 'Active', NULL, NULL, NULL, NULL, NULL, NULL),
	(104, 'Teknaf', 'টেকনাফ', 2, 45, 1, 'Active', NULL, NULL, NULL, NULL, NULL, NULL),
	(105, 'Ukhia', 'উখিয়া', 2, 45, 1, 'Active', NULL, NULL, NULL, NULL, NULL, NULL),
	(106, 'Pekua', 'পেকুয়া', 2, 45, 1, 'Active', NULL, NULL, NULL, NULL, NULL, NULL),
	(107, 'Feni Sadar', 'ফেনী সদর', 2, 46, 1, 'Active', NULL, NULL, NULL, NULL, NULL, NULL),
	(108, 'Chagalnaiya', 'ছাগল নাইয়া', 2, 46, 1, 'Active', NULL, NULL, NULL, NULL, NULL, NULL),
	(109, 'Daganbhyan', 'দাগানভিয়া', 2, 46, 1, 'Active', NULL, NULL, NULL, NULL, NULL, NULL),
	(110, 'Parshuram', 'পরশুরাম', 2, 46, 1, 'Active', NULL, NULL, NULL, NULL, NULL, NULL),
	(111, 'Fhulgazi', 'ফুলগাজি', 2, 46, 1, 'Active', NULL, NULL, NULL, NULL, NULL, NULL),
	(112, 'Sonagazi', 'সোনাগাজি', 2, 46, 1, 'Active', NULL, NULL, NULL, NULL, NULL, NULL),
	(113, 'Dighinala', 'দিঘিনালা', 2, 47, 1, 'Active', NULL, NULL, NULL, NULL, NULL, NULL),
	(114, 'Khagrachhari', 'খাগড়াছড়ি', 2, 47, 1, 'Active', NULL, NULL, NULL, NULL, NULL, NULL),
	(115, 'Lakshmichhari', 'লক্ষ্মীছড়ি', 2, 47, 1, 'Active', NULL, NULL, NULL, NULL, NULL, NULL),
	(116, 'Mahalchhari', 'মহলছড়ি', 2, 47, 1, 'Active', NULL, NULL, NULL, NULL, NULL, NULL),
	(117, 'Manikchhari', 'মানিকছড়ি', 2, 47, 1, 'Active', NULL, NULL, NULL, NULL, NULL, NULL),
	(118, 'Matiranga', 'মাটিরাঙ্গা', 2, 47, 1, 'Active', NULL, NULL, NULL, NULL, NULL, NULL),
	(119, 'Panchhari', 'পানছড়ি', 2, 47, 1, 'Active', NULL, NULL, NULL, NULL, NULL, NULL),
	(120, 'Ramgarh', 'রামগড়', 2, 47, 1, 'Active', NULL, NULL, NULL, NULL, NULL, NULL),
	(121, 'Lakshmipur Sadar', 'লক্ষ্মীপুর সদর', 2, 48, 1, 'Active', NULL, NULL, NULL, NULL, NULL, NULL),
	(122, 'Raipur', 'রায়পুর', 2, 48, 1, 'Active', NULL, NULL, NULL, NULL, NULL, NULL),
	(123, 'Ramganj', 'রামগঞ্জ', 2, 48, 1, 'Active', NULL, NULL, NULL, NULL, NULL, NULL),
	(124, 'Ramgati', 'রামগতি', 2, 48, 1, 'Active', NULL, NULL, NULL, NULL, NULL, NULL),
	(125, 'Komol Nagar', 'কমল নগর', 2, 48, 1, 'Active', NULL, NULL, NULL, NULL, NULL, NULL),
	(126, 'Noakhali Sadar', 'নোয়াখালী সদর', 2, 49, 1, 'Active', NULL, NULL, NULL, NULL, NULL, NULL),
	(127, 'Begumganj', 'বেগমগঞ্জ', 2, 49, 1, 'Active', NULL, NULL, NULL, NULL, NULL, NULL),
	(128, 'Chatkhil', 'চাটখিল', 2, 49, 1, 'Active', NULL, NULL, NULL, NULL, NULL, NULL),
	(129, 'Companyganj', 'কোম্পানীগঞ্জ', 2, 49, 1, 'Active', NULL, NULL, NULL, NULL, NULL, NULL),
	(130, 'Shenbag', 'শেনবাগ', 2, 49, 1, 'Active', NULL, NULL, NULL, NULL, NULL, NULL),
	(131, 'Hatia', 'হাতিয়া', 2, 49, 1, 'Active', NULL, NULL, NULL, NULL, NULL, NULL),
	(132, 'Kobirhat', 'কবিরহাট', 2, 49, 1, 'Active', NULL, NULL, NULL, NULL, NULL, NULL),
	(133, 'Sonaimuri', 'সোনাইমুরি', 2, 49, 1, 'Active', NULL, NULL, NULL, NULL, NULL, NULL),
	(134, 'Suborno Char', 'সুবর্ণ চর', 2, 49, 1, 'Active', NULL, NULL, NULL, NULL, NULL, NULL),
	(135, 'Rangamati Sadar', 'রাঙ্গামাটি সদর', 2, 50, 1, 'Active', NULL, NULL, NULL, NULL, NULL, NULL),
	(136, 'Belaichhari', 'বেলাইছড়ি', 2, 50, 1, 'Active', NULL, NULL, NULL, NULL, NULL, NULL),
	(137, 'Bagaichhari', 'বাঘাইছড়ি', 2, 50, 1, 'Active', NULL, NULL, NULL, NULL, NULL, NULL),
	(138, 'Barkal', 'বরকল', 2, 50, 1, 'Active', NULL, NULL, NULL, NULL, NULL, NULL),
	(139, 'Juraichhari', 'জুরাইছড়ি', 2, 50, 1, 'Active', NULL, NULL, NULL, NULL, NULL, NULL),
	(140, 'Rajasthali', 'রাজাস্থলি', 2, 50, 1, 'Active', NULL, NULL, NULL, NULL, NULL, NULL),
	(141, 'Kaptai', 'কাপ্তাই', 2, 50, 1, 'Active', NULL, NULL, NULL, NULL, NULL, NULL),
	(142, 'Langadu', 'লাঙ্গাডু', 2, 50, 1, 'Active', NULL, NULL, NULL, NULL, NULL, NULL),
	(143, 'Nannerchar', 'নান্নেরচর', 2, 50, 1, 'Active', NULL, NULL, NULL, NULL, NULL, NULL),
	(144, 'Kaukhali', 'কাউখালি', 2, 50, 1, 'Active', NULL, NULL, NULL, NULL, NULL, NULL),
	(150, 'Faridpur Sadar', 'ফরিদপুর সদর', 3, 2, 1, 'Active', NULL, NULL, NULL, NULL, NULL, NULL),
	(151, 'Boalmari', 'বোয়ালমারী', 3, 2, 1, 'Active', NULL, NULL, NULL, NULL, NULL, NULL),
	(152, 'Alfadanga', 'আলফাডাঙ্গা', 3, 2, 1, 'Active', NULL, NULL, NULL, NULL, NULL, NULL),
	(153, 'Madhukhali', 'মধুখালি', 3, 2, 1, 'Active', NULL, NULL, NULL, NULL, NULL, NULL),
	(154, 'Bhanga', 'ভাঙ্গা', 3, 2, 1, 'Active', NULL, NULL, NULL, NULL, NULL, NULL),
	(155, 'Nagarkanda', 'নগরকান্ড', 3, 2, 1, 'Active', NULL, NULL, NULL, NULL, NULL, NULL),
	(156, 'Charbhadrasan', 'চরভদ্রাসন', 3, 2, 1, 'Active', NULL, NULL, NULL, NULL, NULL, NULL),
	(157, 'Sadarpur', 'সদরপুর', 3, 2, 1, 'Active', NULL, NULL, NULL, NULL, NULL, NULL),
	(158, 'Shaltha', 'শালথা', 3, 2, 1, 'Active', NULL, NULL, NULL, NULL, NULL, NULL),
	(159, 'Gazipur Sadar-Joydebpur', 'গাজীপুর সদর', 3, 3, 1, 'Active', NULL, NULL, NULL, NULL, NULL, NULL),
	(160, 'Kaliakior', 'কালিয়াকৈর', 3, 3, 1, 'Active', NULL, NULL, NULL, NULL, NULL, NULL),
	(161, 'Kapasia', 'কাপাসিয়া', 3, 3, 1, 'Active', NULL, NULL, NULL, NULL, NULL, NULL),
	(162, 'Sreepur', 'শ্রীপুর', 3, 3, 1, 'Active', NULL, NULL, NULL, NULL, NULL, NULL),
	(163, 'Kaliganj', 'কালীগঞ্জ', 3, 3, 1, 'Active', NULL, NULL, NULL, NULL, NULL, NULL),
	(164, 'Tongi', 'টঙ্গি', 3, 3, 1, 'Active', NULL, NULL, NULL, NULL, NULL, NULL),
	(165, 'Gopalganj Sadar', 'গোপালগঞ্জ সদর', 3, 4, 1, 'Active', NULL, NULL, NULL, NULL, NULL, NULL),
	(166, 'Kashiani', 'কাশিয়ানি', 3, 4, 1, 'Active', NULL, NULL, NULL, NULL, NULL, NULL),
	(167, 'Kotalipara', 'কোটালিপাড়া', 3, 4, 1, 'Active', NULL, NULL, NULL, NULL, NULL, NULL),
	(168, 'Muksudpur', 'মুকসুদপুর', 3, 4, 1, 'Active', NULL, NULL, NULL, NULL, NULL, NULL),
	(169, 'Tungipara', 'টুঙ্গিপাড়া', 3, 4, 1, 'Active', NULL, NULL, NULL, NULL, NULL, NULL),
	(170, 'Dewanganj', 'দেওয়ানগঞ্জ', 8, 5, 1, 'Active', NULL, NULL, NULL, NULL, NULL, NULL),
	(171, 'Baksiganj', 'বকসিগঞ্জ', 8, 5, 1, 'Active', NULL, NULL, NULL, NULL, NULL, NULL),
	(172, 'Islampur', 'ইসলামপুর', 8, 5, 1, 'Active', NULL, NULL, NULL, NULL, NULL, NULL),
	(173, 'Jamalpur Sadar', 'জামালপুর সদর', 8, 5, 1, 'Active', NULL, NULL, NULL, NULL, NULL, NULL),
	(174, 'Madarganj', 'মাদারগঞ্জ', 8, 5, 1, 'Active', NULL, NULL, NULL, NULL, NULL, NULL),
	(175, 'Melandaha', 'মেলান্দহ', 8, 5, 1, 'Active', NULL, NULL, NULL, NULL, NULL, NULL),
	(176, 'Sarishabari', 'সরিষাবাড়ি', 8, 5, 1, 'Active', NULL, NULL, NULL, NULL, NULL, NULL),
	(177, 'Narundi Police I.C', 'নারুন্দি', 8, 5, 1, 'Active', NULL, NULL, NULL, NULL, NULL, NULL),
	(178, 'Astagram', 'অষ্টগ্রাম', 3, 6, 1, 'Active', NULL, NULL, NULL, NULL, NULL, NULL),
	(179, 'Bajitpur', 'বাজিতপুর', 3, 6, 1, 'Active', NULL, NULL, NULL, NULL, NULL, NULL),
	(180, 'Bhairab', 'ভৈরব', 3, 6, 1, 'Active', NULL, NULL, NULL, NULL, NULL, NULL),
	(181, 'Hossainpur', 'হোসেনপুর', 3, 6, 1, 'Active', NULL, NULL, NULL, NULL, NULL, NULL),
	(182, 'Itna', 'ইটনা', 3, 6, 1, 'Active', NULL, NULL, NULL, NULL, NULL, NULL),
	(183, 'Karimganj', 'করিমগঞ্জ', 3, 6, 1, 'Active', NULL, NULL, NULL, NULL, NULL, NULL),
	(184, 'Katiadi', 'কতিয়াদি', 3, 6, 1, 'Active', NULL, NULL, NULL, NULL, NULL, NULL),
	(185, 'Kishoreganj Sadar', 'কিশোরগঞ্জ সদর', 3, 6, 1, 'Active', NULL, NULL, NULL, NULL, NULL, NULL),
	(186, 'Kuliarchar', 'কুলিয়ারচর', 3, 6, 1, 'Active', NULL, NULL, NULL, NULL, NULL, NULL),
	(187, 'Mithamain', 'মিঠামাইন', 3, 6, 1, 'Active', NULL, NULL, NULL, NULL, NULL, NULL),
	(188, 'Nikli', 'নিকলি', 3, 6, 1, 'Active', NULL, NULL, NULL, NULL, NULL, NULL),
	(189, 'Pakundia', 'পাকুন্দিয়া', 3, 6, 1, 'Active', NULL, NULL, NULL, NULL, NULL, NULL),
	(190, 'Tarail', 'তাড়াইল', 3, 6, 1, 'Active', NULL, NULL, NULL, NULL, NULL, NULL),
	(191, 'Madaripur Sadar', 'মাদারীপুর সদর', 3, 7, 1, 'Active', NULL, NULL, NULL, NULL, NULL, NULL),
	(192, 'Kalkini', 'কালকিনি', 3, 7, 1, 'Active', NULL, NULL, NULL, NULL, NULL, NULL),
	(193, 'Rajoir', 'রাজইর', 3, 7, 1, 'Active', NULL, NULL, NULL, NULL, NULL, NULL),
	(194, 'Shibchar', 'শিবচর', 3, 7, 1, 'Active', NULL, NULL, NULL, NULL, NULL, NULL),
	(195, 'Manikganj Sadar', 'মানিকগঞ্জ সদর', 3, 8, 1, 'Active', NULL, NULL, NULL, NULL, NULL, NULL),
	(196, 'Singair', 'সিঙ্গাইর', 3, 8, 1, 'Active', NULL, NULL, NULL, NULL, NULL, NULL),
	(197, 'Shibalaya', 'শিবালয়', 3, 8, 1, 'Active', NULL, NULL, NULL, NULL, NULL, NULL),
	(198, 'Saturia', 'সাঠুরিয়া', 3, 8, 1, 'Active', NULL, NULL, NULL, NULL, NULL, NULL),
	(199, 'Harirampur', 'হরিরামপুর', 3, 8, 1, 'Active', NULL, NULL, NULL, NULL, NULL, NULL),
	(200, 'Ghior', 'ঘিওর', 3, 8, 1, 'Active', NULL, NULL, NULL, NULL, NULL, NULL),
	(201, 'Daulatpur', 'দৌলতপুর', 3, 8, 1, 'Active', NULL, NULL, NULL, NULL, NULL, NULL),
	(202, 'Lohajang', 'লোহাজং', 3, 9, 1, 'Active', NULL, NULL, NULL, NULL, NULL, NULL),
	(203, 'Sreenagar', 'শ্রীনগর', 3, 9, 1, 'Active', NULL, NULL, NULL, NULL, NULL, NULL),
	(204, 'Munshiganj Sadar', 'মুন্সিগঞ্জ সদর', 3, 9, 1, 'Active', NULL, NULL, NULL, NULL, NULL, NULL),
	(205, 'Sirajdikhan', 'সিরাজদিখান', 3, 9, 1, 'Active', NULL, NULL, NULL, NULL, NULL, NULL),
	(206, 'Tongibari', 'টঙ্গিবাড়ি', 3, 9, 1, 'Active', NULL, NULL, NULL, NULL, NULL, NULL),
	(207, 'Gazaria', 'গজারিয়া', 3, 9, 1, 'Active', NULL, NULL, NULL, NULL, NULL, NULL),
	(208, 'Bhaluka', 'ভালুকা', 8, 10, 1, 'Active', NULL, NULL, NULL, NULL, NULL, NULL),
	(209, 'Trishal', 'ত্রিশাল', 8, 10, 1, 'Active', NULL, NULL, NULL, NULL, NULL, NULL),
	(210, 'Haluaghat', 'হালুয়াঘাট', 8, 10, 1, 'Active', NULL, NULL, NULL, NULL, NULL, NULL),
	(211, 'Muktagachha', 'মুক্তাগাছা', 8, 10, 1, 'Active', NULL, NULL, NULL, NULL, NULL, NULL),
	(212, 'Dhobaura', 'ধোবাউড়া', 8, 10, 1, 'Active', NULL, NULL, NULL, NULL, NULL, NULL),
	(213, 'Fulbaria', 'ফুলবাড়িয়া', 8, 10, 1, 'Active', NULL, NULL, NULL, NULL, NULL, NULL),
	(214, 'Gaffargaon', 'গফরগাঁও', 8, 10, 1, 'Active', NULL, NULL, NULL, NULL, NULL, NULL),
	(215, 'Gauripur', 'গৌরিপুর', 8, 10, 1, 'Active', NULL, NULL, NULL, NULL, NULL, NULL),
	(216, 'Ishwarganj', 'ঈশ্বরগঞ্জ', 8, 10, 1, 'Active', NULL, NULL, NULL, NULL, NULL, NULL),
	(217, 'Mymensingh Sadar', 'ময়মনসিংহ সদর', 8, 10, 1, 'Active', NULL, NULL, NULL, NULL, NULL, NULL),
	(218, 'Nandail', 'নান্দাইল', 8, 10, 1, 'Active', NULL, NULL, NULL, NULL, NULL, NULL),
	(219, 'Phulpur', 'ফুলপুর', 8, 10, 1, 'Active', NULL, NULL, NULL, NULL, NULL, NULL),
	(220, 'Araihazar', 'আড়াইহাজার', 3, 11, 1, 'Active', NULL, NULL, NULL, NULL, NULL, NULL),
	(221, 'Sonargaon', 'সোনারগাঁও', 3, 11, 1, 'Active', NULL, NULL, NULL, NULL, NULL, NULL),
	(222, 'Bandar', 'বন্দার (নারায়ানগঞ্জ)', 3, 11, 1, 'Active', NULL, NULL, NULL, NULL, NULL, NULL),
	(223, 'Naryanganj Sadar', 'নারায়ানগঞ্জ সদর', 3, 11, 1, 'Active', NULL, NULL, NULL, NULL, NULL, NULL),
	(224, 'Rupganj', 'রূপগঞ্জ', 3, 11, 1, 'Active', NULL, NULL, NULL, NULL, NULL, NULL),
	(225, 'Siddirgonj', 'সিদ্ধিরগঞ্জ', 3, 11, 1, 'Active', NULL, NULL, NULL, NULL, NULL, NULL),
	(226, 'Belabo', 'বেলাবো', 3, 12, 1, 'Active', NULL, NULL, NULL, NULL, NULL, NULL),
	(227, 'Monohardi', 'মনোহরদি', 3, 12, 1, 'Active', NULL, NULL, NULL, NULL, NULL, NULL),
	(228, 'Narsingdi Sadar', 'নরসিংদী সদর', 3, 12, 1, 'Active', NULL, NULL, NULL, NULL, NULL, NULL),
	(229, 'Palash', 'পলাশ', 3, 12, 1, 'Active', NULL, NULL, NULL, NULL, NULL, NULL),
	(230, 'Raipura', 'রায়পুর', 3, 12, 1, 'Active', NULL, NULL, NULL, NULL, NULL, NULL),
	(231, 'Shibpur', 'শিবপুর', 3, 12, 1, 'Active', NULL, NULL, NULL, NULL, NULL, NULL),
	(232, 'Kendua Upazilla', 'কেন্দুয়া', 8, 13, 1, 'Active', NULL, NULL, NULL, NULL, NULL, NULL),
	(233, 'Atpara Upazilla', 'আটপাড়া', 8, 13, 1, 'Active', NULL, NULL, NULL, NULL, NULL, NULL),
	(234, 'Barhatta Upazilla', 'বরহাট্টা', 8, 13, 1, 'Active', NULL, NULL, NULL, NULL, NULL, NULL),
	(235, 'Durgapur Upazilla', 'দুর্গাপুর', 8, 13, 1, 'Active', NULL, NULL, NULL, NULL, NULL, NULL),
	(236, 'Kalmakanda Upazilla', 'কলমাকান্দা', 8, 13, 1, 'Active', NULL, NULL, NULL, NULL, NULL, NULL),
	(237, 'Madan Upazilla', 'মদন', 8, 13, 1, 'Active', NULL, NULL, NULL, NULL, NULL, NULL),
	(238, 'Mohanganj Upazilla', 'মোহনগঞ্জ', 8, 13, 1, 'Active', NULL, NULL, NULL, NULL, NULL, NULL),
	(239, 'Netrakona-S Upazilla', 'নেত্রকোনা সদর', 8, 13, 1, 'Active', NULL, NULL, NULL, NULL, NULL, NULL),
	(240, 'Purbadhala Upazilla', 'পূর্বধলা', 8, 13, 1, 'Active', NULL, NULL, NULL, NULL, NULL, NULL),
	(241, 'Khaliajuri Upazilla', 'খালিয়াজুরি', 8, 13, 1, 'Active', NULL, NULL, NULL, NULL, NULL, NULL),
	(242, 'Baliakandi', 'বালিয়াকান্দি', 3, 14, 1, 'Active', NULL, NULL, NULL, NULL, NULL, NULL),
	(243, 'Goalandaghat', 'গোয়ালন্দ ঘাট', 3, 14, 1, 'Active', NULL, NULL, NULL, NULL, NULL, NULL),
	(244, 'Pangsha', 'পাংশা', 3, 14, 1, 'Active', NULL, NULL, NULL, NULL, NULL, NULL),
	(245, 'Kalukhali', 'কালুখালি', 3, 14, 1, 'Active', NULL, NULL, NULL, NULL, NULL, NULL),
	(246, 'Rajbari Sadar', 'রাজবাড়ি সদর', 3, 14, 1, 'Active', NULL, NULL, NULL, NULL, NULL, NULL),
	(247, 'Shariatpur Sadar -Palong', 'শরীয়তপুর সদর', 3, 15, 1, 'Active', NULL, NULL, NULL, NULL, NULL, NULL),
	(248, 'Damudya', 'ডামুড্যা', 3, 15, 1, 'Active', NULL, NULL, NULL, NULL, NULL, NULL),
	(249, 'Naria', 'নড়িয়া', 3, 15, 1, 'Active', NULL, NULL, NULL, NULL, NULL, NULL),
	(250, 'Jajira', 'জাজিরা', 3, 15, 1, 'Active', NULL, NULL, NULL, NULL, NULL, NULL),
	(251, 'Bhedarganj', 'ভেদারগঞ্জ', 3, 15, 1, 'Active', NULL, NULL, NULL, NULL, NULL, NULL),
	(252, 'Gosairhat', 'গোসাইর হাট', 3, 15, 1, 'Active', NULL, NULL, NULL, NULL, NULL, NULL),
	(253, 'Jhenaigati', 'ঝিনাইগাতি', 8, 16, 1, 'Active', NULL, NULL, NULL, NULL, NULL, NULL),
	(254, 'Nakla', 'নকলা', 8, 16, 1, 'Active', NULL, NULL, NULL, NULL, NULL, NULL),
	(255, 'Nalitabari', 'নালিতাবাড়ি', 8, 16, 1, 'Active', NULL, NULL, NULL, NULL, NULL, NULL),
	(256, 'Sherpur Sadar', 'শেরপুর সদর', 8, 16, 1, 'Active', NULL, NULL, NULL, NULL, NULL, NULL),
	(257, 'Sreebardi', 'শ্রীবরদি', 8, 16, 1, 'Active', NULL, NULL, NULL, NULL, NULL, NULL),
	(258, 'Tangail Sadar', 'টাঙ্গাইল সদর', 3, 17, 1, 'Active', NULL, NULL, NULL, NULL, NULL, NULL),
	(259, 'Sakhipur', 'সখিপুর', 3, 17, 1, 'Active', NULL, NULL, NULL, NULL, NULL, NULL),
	(260, 'Basail', 'বসাইল', 3, 17, 1, 'Active', NULL, NULL, NULL, NULL, NULL, NULL),
	(261, 'Madhupur', 'মধুপুর', 3, 17, 1, 'Active', NULL, NULL, NULL, NULL, NULL, NULL),
	(262, 'Ghatail', 'ঘাটাইল', 3, 17, 1, 'Active', NULL, NULL, NULL, NULL, NULL, NULL),
	(263, 'Kalihati', 'কালিহাতি', 3, 17, 1, 'Active', NULL, NULL, NULL, NULL, NULL, NULL),
	(264, 'Nagarpur', 'নগরপুর', 3, 17, 1, 'Active', NULL, NULL, NULL, NULL, NULL, NULL),
	(265, 'Mirzapur', 'মির্জাপুর', 3, 17, 1, 'Active', NULL, NULL, NULL, NULL, NULL, NULL),
	(266, 'Gopalpur', 'গোপালপুর', 3, 17, 1, 'Active', NULL, NULL, NULL, NULL, NULL, NULL),
	(267, 'Delduar', 'দেলদুয়ার', 3, 17, 1, 'Active', NULL, NULL, NULL, NULL, NULL, NULL),
	(268, 'Bhuapur', 'ভুয়াপুর', 3, 17, 1, 'Active', NULL, NULL, NULL, NULL, NULL, NULL),
	(269, 'Dhanbari', 'ধনবাড়ি', 3, 17, 1, 'Active', NULL, NULL, NULL, NULL, NULL, NULL),
	(270, 'Bagerhat Sadar', 'বাগেরহাট সদর', 4, 55, 1, 'Active', NULL, NULL, NULL, NULL, NULL, NULL),
	(271, 'Chitalmari', 'চিতলমাড়ি', 4, 55, 1, 'Active', NULL, NULL, NULL, NULL, NULL, NULL),
	(272, 'Fakirhat', 'ফকিরহাট', 4, 55, 1, 'Active', NULL, NULL, NULL, NULL, NULL, NULL),
	(273, 'Kachua', 'কচুয়া', 4, 55, 1, 'Active', NULL, NULL, NULL, NULL, NULL, NULL),
	(274, 'Mollahat', 'মোল্লাহাট', 4, 55, 1, 'Active', NULL, NULL, NULL, NULL, NULL, NULL),
	(275, 'Mongla', 'মংলা', 4, 55, 1, 'Active', NULL, NULL, NULL, NULL, NULL, NULL),
	(276, 'Morrelganj', 'মোরেলগঞ্জ', 4, 55, 1, 'Active', NULL, NULL, NULL, NULL, NULL, NULL),
	(277, 'Rampal', 'রামপাল', 4, 55, 1, 'Active', NULL, NULL, NULL, NULL, NULL, NULL),
	(278, 'Sarankhola', 'স্মরণখোলা', 4, 55, 1, 'Active', NULL, NULL, NULL, NULL, NULL, NULL),
	(279, 'Damurhuda', 'দামুড়হুদা', 4, 56, 1, 'Active', NULL, NULL, NULL, NULL, NULL, NULL),
	(280, 'Chuadanga', 'চুয়াডাঙ্গা সদর', 4, 56, 1, 'Active', NULL, NULL, NULL, NULL, NULL, NULL),
	(281, 'Jibannagar', 'জীবন নগর', 4, 56, 1, 'Active', NULL, NULL, NULL, NULL, NULL, NULL),
	(282, 'Alamdanga', 'আলমডাঙ্গা', 4, 56, 1, 'Active', NULL, NULL, NULL, NULL, NULL, NULL),
	(283, 'Abhaynagar', 'অভয়নগর', 4, 57, 1, 'Active', NULL, NULL, NULL, NULL, NULL, NULL),
	(284, 'Keshabpur', 'কেশবপুর', 4, 57, 1, 'Active', NULL, NULL, NULL, NULL, NULL, NULL),
	(285, 'Bagherpara', 'বাঘের পাড়া', 4, 57, 1, 'Active', NULL, NULL, NULL, NULL, NULL, NULL),
	(286, 'Jessore Sadar', 'যশোর সদর', 4, 57, 1, 'Active', NULL, NULL, NULL, NULL, NULL, NULL),
	(287, 'Chaugachha', 'চৌগাছা', 4, 57, 1, 'Active', NULL, NULL, NULL, NULL, NULL, NULL),
	(288, 'Manirampur', 'মনিরামপুর', 4, 57, 1, 'Active', NULL, NULL, NULL, NULL, NULL, NULL),
	(289, 'Jhikargachha', 'ঝিকরগাছা', 4, 57, 1, 'Active', NULL, NULL, NULL, NULL, NULL, NULL),
	(290, 'Sharsha', 'সারশা', 4, 57, 1, 'Active', NULL, NULL, NULL, NULL, NULL, NULL),
	(291, 'Jhenaidah Sadar', 'ঝিনাইদহ সদর', 4, 58, 1, 'Active', NULL, NULL, NULL, NULL, NULL, NULL),
	(292, 'Maheshpur', 'মহেশপুর', 4, 58, 1, 'Active', NULL, NULL, NULL, NULL, NULL, NULL),
	(293, 'Kaliganj', 'কালীগঞ্জ', 4, 58, 1, 'Active', NULL, NULL, NULL, NULL, NULL, NULL),
	(294, 'Kotchandpur', 'কোট চাঁদপুর', 4, 58, 1, 'Active', NULL, NULL, NULL, NULL, NULL, NULL),
	(295, 'Shailkupa', 'শৈলকুপা', 4, 58, 1, 'Active', NULL, NULL, NULL, NULL, NULL, NULL),
	(296, 'Harinakunda', 'হরিণাকুন্ড', 4, 58, 1, 'Active', NULL, NULL, NULL, NULL, NULL, NULL),
	(297, 'Terokhada', 'তেরখাদা', 4, 59, 1, 'Active', NULL, NULL, NULL, NULL, NULL, NULL),
	(298, 'Batiaghata', 'বটিয়াঘাটা', 4, 59, 1, 'Active', NULL, NULL, NULL, NULL, NULL, NULL),
	(299, 'Dacope', 'দাকোপ', 4, 59, 1, 'Active', NULL, NULL, NULL, NULL, NULL, NULL),
	(300, 'Dumuria', 'ডুমুরিয়া', 4, 59, 1, 'Active', NULL, NULL, NULL, NULL, NULL, NULL),
	(301, 'Dighalia', 'দিঘলিয়া', 4, 59, 1, 'Active', NULL, NULL, NULL, NULL, NULL, NULL),
	(302, 'Koyra', 'কয়রা', 4, 59, 1, 'Active', NULL, NULL, NULL, NULL, NULL, NULL),
	(303, 'Paikgachha', 'পাইকগাছা', 4, 59, 1, 'Active', NULL, NULL, NULL, NULL, NULL, NULL),
	(304, 'Phultala', 'ফুলতলা', 4, 59, 1, 'Active', NULL, NULL, NULL, NULL, NULL, NULL),
	(305, 'Rupsa', 'রূপসা', 4, 59, 1, 'Active', NULL, NULL, NULL, NULL, NULL, NULL),
	(306, 'Kushtia Sadar', 'কুষ্টিয়া সদর', 4, 60, 1, 'Active', NULL, NULL, NULL, NULL, NULL, NULL),
	(307, 'Kumarkhali', 'কুমারখালি', 4, 60, 1, 'Active', NULL, NULL, NULL, NULL, NULL, NULL),
	(308, 'Daulatpur', 'দৌলতপুর', 4, 60, 1, 'Active', NULL, NULL, NULL, NULL, NULL, NULL),
	(309, 'Mirpur', 'মিরপুর', 4, 60, 1, 'Active', NULL, NULL, NULL, NULL, NULL, NULL),
	(310, 'Bheramara', 'ভেরামারা', 4, 60, 1, 'Active', NULL, NULL, NULL, NULL, NULL, NULL),
	(311, 'Khoksa', 'খোকসা', 4, 60, 1, 'Active', NULL, NULL, NULL, NULL, NULL, NULL),
	(312, 'Magura Sadar', 'মাগুরা সদর', 4, 61, 1, 'Active', NULL, NULL, NULL, NULL, NULL, NULL),
	(313, 'Mohommodpur', 'মহম্মদপুর', 4, 61, 1, 'Active', NULL, NULL, NULL, NULL, NULL, NULL),
	(314, 'Shalikha', 'শালিখা', 4, 61, 1, 'Active', NULL, NULL, NULL, NULL, NULL, NULL),
	(315, 'Sreepur', 'শ্রীপুর', 4, 61, 1, 'Active', NULL, NULL, NULL, NULL, NULL, NULL),
	(316, 'Gangni', 'গাংনি', 4, 62, 1, 'Active', NULL, NULL, NULL, NULL, NULL, NULL),
	(317, 'Mujib Nagar', 'মুজিব নগর', 4, 62, 1, 'Active', NULL, NULL, NULL, NULL, NULL, NULL),
	(318, 'Meherpur-S', 'মেহেরপুর সদর', 4, 62, 1, 'Active', NULL, NULL, NULL, NULL, NULL, NULL),
	(319, 'Narail-S Upazilla', 'নড়াইল সদর', 4, 63, 1, 'Active', NULL, NULL, NULL, NULL, NULL, NULL),
	(320, 'Lohagara Upazilla', 'লোহাগড়া', 4, 63, 1, 'Active', NULL, NULL, NULL, NULL, NULL, NULL),
	(321, 'Kalia Upazilla', 'কালিয়া', 4, 63, 1, 'Active', NULL, NULL, NULL, NULL, NULL, NULL),
	(322, 'Satkhira Sadar', 'সাতক্ষীরা সদর', 4, 64, 1, 'Active', NULL, NULL, NULL, NULL, NULL, NULL),
	(323, 'Assasuni', 'আশাশুনি', 4, 64, 1, 'Active', NULL, NULL, NULL, NULL, NULL, NULL),
	(324, 'Debhata', 'দেবহাটা', 4, 64, 1, 'Active', NULL, NULL, NULL, NULL, NULL, NULL),
	(325, 'Tala', 'তালা', 4, 64, 1, 'Active', NULL, NULL, NULL, NULL, NULL, NULL),
	(326, 'Kalaroa', 'কলরোয়া', 4, 64, 1, 'Active', NULL, NULL, NULL, NULL, NULL, NULL),
	(327, 'Kaliganj', 'কালীগঞ্জ', 4, 64, 1, 'Active', NULL, NULL, NULL, NULL, NULL, NULL),
	(328, 'Shyamnagar', 'শ্যামনগর', 4, 64, 1, 'Active', NULL, NULL, NULL, NULL, NULL, NULL),
	(329, 'Adamdighi', 'আদমদিঘী', 5, 18, 1, 'Active', NULL, NULL, NULL, NULL, NULL, NULL),
	(330, 'Bogra Sadar', 'বগুড়া সদর', 5, 18, 1, 'Active', NULL, NULL, NULL, NULL, NULL, NULL),
	(331, 'Sherpur', 'শেরপুর', 5, 18, 1, 'Active', NULL, NULL, NULL, NULL, NULL, NULL),
	(332, 'Dhunat', 'ধুনট', 5, 18, 1, 'Active', NULL, NULL, NULL, NULL, NULL, NULL),
	(333, 'Dhupchanchia', 'দুপচাঁচিয়া', 5, 18, 1, 'Active', NULL, NULL, NULL, NULL, NULL, NULL),
	(334, 'Gabtali', 'গাবতলি', 5, 18, 1, 'Active', NULL, NULL, NULL, NULL, NULL, NULL),
	(335, 'Kahaloo', 'কাহালু', 5, 18, 1, 'Active', NULL, NULL, NULL, NULL, NULL, NULL),
	(336, 'Nandigram', 'নন্দিগ্রাম', 5, 18, 1, 'Active', NULL, NULL, NULL, NULL, NULL, NULL),
	(337, 'Sahajanpur', 'শাহজাহানপুর', 5, 18, 1, 'Active', NULL, NULL, NULL, NULL, NULL, NULL),
	(338, 'Sariakandi', 'সারিয়াকান্দি', 5, 18, 1, 'Active', NULL, NULL, NULL, NULL, NULL, NULL),
	(339, 'Shibganj', 'শিবগঞ্জ', 5, 18, 1, 'Active', NULL, NULL, NULL, NULL, NULL, NULL),
	(340, 'Sonatala', 'সোনাতলা', 5, 18, 1, 'Active', NULL, NULL, NULL, NULL, NULL, NULL),
	(341, 'Joypurhat S', 'জয়পুরহাট সদর', 5, 19, 1, 'Active', NULL, NULL, NULL, NULL, NULL, NULL),
	(342, 'Akkelpur', 'আক্কেলপুর', 5, 19, 1, 'Active', NULL, NULL, NULL, NULL, NULL, NULL),
	(343, 'Kalai', 'কালাই', 5, 19, 1, 'Active', NULL, NULL, NULL, NULL, NULL, NULL),
	(344, 'Khetlal', 'ক্ষেতলাল', 5, 19, 1, 'Active', NULL, NULL, NULL, NULL, NULL, NULL),
	(345, 'Panchbibi', 'পাঁচবিবি', 5, 19, 1, 'Active', NULL, NULL, NULL, NULL, NULL, NULL),
	(346, 'Naogaon Sadar', 'নওগাঁ সদর', 5, 20, 1, 'Active', NULL, NULL, NULL, NULL, NULL, NULL),
	(347, 'Mohadevpur', 'মহাদেবপুর', 5, 20, 1, 'Active', NULL, NULL, NULL, NULL, NULL, NULL),
	(348, 'Manda', 'মান্দা', 5, 20, 1, 'Active', NULL, NULL, NULL, NULL, NULL, NULL),
	(349, 'Niamatpur', 'নিয়ামতপুর', 5, 20, 1, 'Active', NULL, NULL, NULL, NULL, NULL, NULL),
	(350, 'Atrai', 'আত্রাই', 5, 20, 1, 'Active', NULL, NULL, NULL, NULL, NULL, NULL),
	(351, 'Raninagar', 'রাণীনগর', 5, 20, 1, 'Active', NULL, NULL, NULL, NULL, NULL, NULL),
	(352, 'Patnitala', 'পত্নীতলা', 5, 20, 1, 'Active', NULL, NULL, NULL, NULL, NULL, NULL),
	(353, 'Dhamoirhat', 'ধামইরহাট', 5, 20, 1, 'Active', NULL, NULL, NULL, NULL, NULL, NULL),
	(354, 'Sapahar', 'সাপাহার', 5, 20, 1, 'Active', NULL, NULL, NULL, NULL, NULL, NULL),
	(355, 'Porsha', 'পোরশা', 5, 20, 1, 'Active', NULL, NULL, NULL, NULL, NULL, NULL),
	(356, 'Badalgachhi', 'বদলগাছি', 5, 20, 1, 'Active', NULL, NULL, NULL, NULL, NULL, NULL),
	(357, 'Natore Sadar', 'নাটোর সদর', 5, 21, 1, 'Active', NULL, NULL, NULL, NULL, NULL, NULL),
	(358, 'Baraigram', 'বড়াইগ্রাম', 5, 21, 1, 'Active', NULL, NULL, NULL, NULL, NULL, NULL),
	(359, 'Bagatipara', 'বাগাতিপাড়া', 5, 21, 1, 'Active', NULL, NULL, NULL, NULL, NULL, NULL),
	(360, 'Lalpur', 'লালপুর', 5, 21, 1, 'Active', NULL, NULL, NULL, NULL, NULL, NULL),
	(361, 'Natore Sadar', 'নাটোর সদর', 5, 21, 1, 'Active', NULL, NULL, NULL, NULL, NULL, NULL),
	(362, 'Baraigram', 'বড়াই গ্রাম', 5, 21, 1, 'Active', NULL, NULL, NULL, NULL, NULL, NULL),
	(363, 'Bholahat', 'ভোলাহাট', 5, 22, 1, 'Active', NULL, NULL, NULL, NULL, NULL, NULL),
	(364, 'Gomastapur', 'গোমস্তাপুর', 5, 22, 1, 'Active', NULL, NULL, NULL, NULL, NULL, NULL),
	(365, 'Nachole', 'নাচোল', 5, 22, 1, 'Active', NULL, NULL, NULL, NULL, NULL, NULL),
	(366, 'Chapainawabganj Sadar', 'চাঁপাইনবাবগঞ্জ সদর', 5, 22, 1, 'Active', NULL, NULL, NULL, NULL, NULL, NULL),
	(367, 'Shibganj', 'শিবগঞ্জ', 5, 22, 1, 'Active', NULL, NULL, NULL, NULL, NULL, NULL),
	(368, 'Atgharia', 'আটঘরিয়া', 5, 23, 1, 'Active', NULL, NULL, NULL, NULL, NULL, NULL),
	(369, 'Bera', 'বেড়া', 5, 23, 1, 'Active', NULL, NULL, NULL, NULL, NULL, NULL),
	(370, 'Bhangura', 'ভাঙ্গুরা', 5, 23, 1, 'Active', NULL, NULL, NULL, NULL, NULL, NULL),
	(371, 'Chatmohar', 'চাটমোহর', 5, 23, 1, 'Active', NULL, NULL, NULL, NULL, NULL, NULL),
	(372, 'Faridpur', 'ফরিদপুর', 5, 23, 1, 'Active', NULL, NULL, NULL, NULL, NULL, NULL),
	(373, 'Ishwardi', 'ঈশ্বরদী', 5, 23, 1, 'Active', NULL, NULL, NULL, NULL, NULL, NULL),
	(374, 'Pabna Sadar', 'পাবনা সদর', 5, 23, 1, 'Active', NULL, NULL, NULL, NULL, NULL, NULL),
	(375, 'Santhia', 'সাঁথিয়া', 5, 23, 1, 'Active', NULL, NULL, NULL, NULL, NULL, NULL),
	(376, 'Sujanagar', 'সুজানগর', 5, 23, 1, 'Active', NULL, NULL, NULL, NULL, NULL, NULL),
	(377, 'Bagha', 'বাঘা', 5, 24, 1, 'Active', NULL, NULL, NULL, NULL, NULL, NULL),
	(378, 'Bagmara', 'বাগমারা', 5, 24, 1, 'Active', NULL, NULL, NULL, NULL, NULL, NULL),
	(379, 'Charghat', 'চারঘাট', 5, 24, 1, 'Active', NULL, NULL, NULL, NULL, NULL, NULL),
	(380, 'Durgapur', 'দুর্গাপুর', 5, 24, 1, 'Active', NULL, NULL, NULL, NULL, NULL, NULL),
	(381, 'Godagari', 'গোদাগারি', 5, 24, 1, 'Active', NULL, NULL, NULL, NULL, NULL, NULL),
	(382, 'Mohanpur', 'মোহনপুর', 5, 24, 1, 'Active', NULL, NULL, NULL, NULL, NULL, NULL),
	(383, 'Paba', 'পবা', 5, 24, 1, 'Active', NULL, NULL, NULL, NULL, NULL, NULL),
	(384, 'Puthia', 'পুঠিয়া', 5, 24, 1, 'Active', NULL, NULL, NULL, NULL, NULL, NULL),
	(385, 'Tanore', 'তানোর', 5, 24, 1, 'Active', NULL, NULL, NULL, NULL, NULL, NULL),
	(386, 'Sirajganj Sadar', 'সিরাজগঞ্জ সদর', 5, 25, 1, 'Active', NULL, NULL, NULL, NULL, NULL, NULL),
	(387, 'Belkuchi', 'বেলকুচি', 5, 25, 1, 'Active', NULL, NULL, NULL, NULL, NULL, NULL),
	(388, 'Chauhali', 'চৌহালি', 5, 25, 1, 'Active', NULL, NULL, NULL, NULL, NULL, NULL),
	(389, 'Kamarkhanda', 'কামারখন্দ', 5, 25, 1, 'Active', NULL, NULL, NULL, NULL, NULL, NULL),
	(390, 'Kazipur', 'কাজীপুর', 5, 25, 1, 'Active', NULL, NULL, NULL, NULL, NULL, NULL),
	(391, 'Raiganj', 'রায়গঞ্জ', 5, 25, 1, 'Active', NULL, NULL, NULL, NULL, NULL, NULL),
	(392, 'Shahjadpur', 'শাহজাদপুর', 5, 25, 1, 'Active', NULL, NULL, NULL, NULL, NULL, NULL),
	(393, 'Tarash', 'তারাশ', 5, 25, 1, 'Active', NULL, NULL, NULL, NULL, NULL, NULL),
	(394, 'Ullahpara', 'উল্লাপাড়া', 5, 25, 1, 'Active', NULL, NULL, NULL, NULL, NULL, NULL),
	(395, 'Birampur', 'বিরামপুর', 6, 26, 1, 'Active', NULL, NULL, NULL, NULL, NULL, NULL),
	(396, 'Birganj', 'বীরগঞ্জ', 6, 26, 1, 'Active', NULL, NULL, NULL, NULL, NULL, NULL),
	(397, 'Biral', 'বিড়াল', 6, 26, 1, 'Active', NULL, NULL, NULL, NULL, NULL, NULL),
	(398, 'Bochaganj', 'বোচাগঞ্জ', 6, 26, 1, 'Active', NULL, NULL, NULL, NULL, NULL, NULL),
	(399, 'Chirirbandar', 'চিরিরবন্দর', 6, 26, 1, 'Active', NULL, NULL, NULL, NULL, NULL, NULL),
	(400, 'Phulbari', 'ফুলবাড়ি', 6, 26, 1, 'Active', NULL, NULL, NULL, NULL, NULL, NULL),
	(401, 'Ghoraghat', 'ঘোড়াঘাট', 6, 26, 1, 'Active', NULL, NULL, NULL, NULL, NULL, NULL),
	(402, 'Hakimpur', 'হাকিমপুর', 6, 26, 1, 'Active', NULL, NULL, NULL, NULL, NULL, NULL),
	(403, 'Kaharole', 'কাহারোল', 6, 26, 1, 'Active', NULL, NULL, NULL, NULL, NULL, NULL),
	(404, 'Khansama', 'খানসামা', 6, 26, 1, 'Active', NULL, NULL, NULL, NULL, NULL, NULL),
	(405, 'Dinajpur Sadar', 'দিনাজপুর সদর', 6, 26, 1, 'Active', NULL, NULL, NULL, NULL, NULL, NULL),
	(406, 'Nawabganj', 'নবাবগঞ্জ', 6, 26, 1, 'Active', NULL, NULL, NULL, NULL, NULL, NULL),
	(407, 'Parbatipur', 'পার্বতীপুর', 6, 26, 1, 'Active', NULL, NULL, NULL, NULL, NULL, NULL),
	(408, 'Fulchhari', 'ফুলছড়ি', 6, 27, 1, 'Active', NULL, NULL, NULL, NULL, NULL, NULL),
	(409, 'Gaibandha sadar', 'গাইবান্ধা সদর', 6, 27, 1, 'Active', NULL, NULL, NULL, NULL, NULL, NULL),
	(410, 'Gobindaganj', 'গোবিন্দগঞ্জ', 6, 27, 1, 'Active', NULL, NULL, NULL, NULL, NULL, NULL),
	(411, 'Palashbari', 'পলাশবাড়ী', 6, 27, 1, 'Active', NULL, NULL, NULL, NULL, NULL, NULL),
	(412, 'Sadullapur', 'সাদুল্লাপুর', 6, 27, 1, 'Active', NULL, NULL, NULL, NULL, NULL, NULL),
	(413, 'Saghata', 'সাঘাটা', 6, 27, 1, 'Active', NULL, NULL, NULL, NULL, NULL, NULL),
	(414, 'Sundarganj', 'সুন্দরগঞ্জ', 6, 27, 1, 'Active', NULL, NULL, NULL, NULL, NULL, NULL),
	(415, 'Kurigram Sadar', 'কুড়িগ্রাম সদর', 6, 28, 1, 'Active', NULL, NULL, NULL, NULL, NULL, NULL),
	(416, 'Nageshwari', 'নাগেশ্বরী', 6, 28, 1, 'Active', NULL, NULL, NULL, NULL, NULL, NULL),
	(417, 'Bhurungamari', 'ভুরুঙ্গামারি', 6, 28, 1, 'Active', NULL, NULL, NULL, NULL, NULL, NULL),
	(418, 'Phulbari', 'ফুলবাড়ি', 6, 28, 1, 'Active', NULL, NULL, NULL, NULL, NULL, NULL),
	(419, 'Rajarhat', 'রাজারহাট', 6, 28, 1, 'Active', NULL, NULL, NULL, NULL, NULL, NULL),
	(420, 'Ulipur', 'উলিপুর', 6, 28, 1, 'Active', NULL, NULL, NULL, NULL, NULL, NULL),
	(421, 'Chilmari', 'চিলমারি', 6, 28, 1, 'Active', NULL, NULL, NULL, NULL, NULL, NULL),
	(422, 'Rowmari', 'রৌমারী', 6, 28, 1, 'Active', NULL, NULL, NULL, NULL, NULL, NULL),
	(423, 'Char Rajibpur', 'চর রাজিবপুর', 6, 28, 1, 'Active', NULL, NULL, NULL, NULL, NULL, NULL),
	(424, 'Lalmanirhat Sadar', 'লালমনিরহাট সদর', 6, 29, 1, 'Active', NULL, NULL, NULL, NULL, NULL, NULL),
	(425, 'Aditmari', 'আদিতমারি', 6, 29, 1, 'Active', NULL, NULL, NULL, NULL, NULL, NULL),
	(426, 'Kaliganj', 'কালীগঞ্জ', 6, 29, 1, 'Active', NULL, NULL, NULL, NULL, NULL, NULL),
	(427, 'Hatibandha', 'হাতিবান্ধা', 6, 29, 1, 'Active', NULL, NULL, NULL, NULL, NULL, NULL),
	(428, 'Patgram', 'পাটগ্রাম', 6, 29, 1, 'Active', NULL, NULL, NULL, NULL, NULL, NULL),
	(429, 'Nilphamari Sadar', 'নীলফামারী সদর', 6, 30, 1, 'Active', NULL, NULL, NULL, NULL, NULL, NULL),
	(430, 'Saidpur', 'সৈয়দপুর', 6, 30, 1, 'Active', NULL, NULL, NULL, NULL, NULL, NULL),
	(431, 'Jaldhaka', 'জলঢাকা', 6, 30, 1, 'Active', NULL, NULL, NULL, NULL, NULL, NULL),
	(432, 'Kishoreganj', 'কিশোরগঞ্জ', 6, 30, 1, 'Active', NULL, NULL, NULL, NULL, NULL, NULL),
	(433, 'Domar', 'ডোমার', 6, 30, 1, 'Active', NULL, NULL, NULL, NULL, NULL, NULL),
	(434, 'Dimla', 'ডিমলা', 6, 30, 1, 'Active', NULL, NULL, NULL, NULL, NULL, NULL),
	(435, 'Panchagarh Sadar', 'পঞ্চগড় সদর', 6, 31, 1, 'Active', NULL, NULL, NULL, NULL, NULL, NULL),
	(436, 'Debiganj', 'দেবীগঞ্জ', 6, 31, 1, 'Active', NULL, NULL, NULL, NULL, NULL, NULL),
	(437, 'Boda', 'বোদা', 6, 31, 1, 'Active', NULL, NULL, NULL, NULL, NULL, NULL),
	(438, 'Atwari', 'আটোয়ারি', 6, 31, 1, 'Active', NULL, NULL, NULL, NULL, NULL, NULL),
	(439, 'Tetulia', 'তেতুলিয়া', 6, 31, 1, 'Active', NULL, NULL, NULL, NULL, NULL, NULL),
	(440, 'Badarganj', 'বদরগঞ্জ', 6, 32, 1, 'Active', NULL, NULL, NULL, NULL, NULL, NULL),
	(441, 'Mithapukur', 'মিঠাপুকুর', 6, 32, 1, 'Active', NULL, NULL, NULL, NULL, NULL, NULL),
	(442, 'Gangachara', 'গঙ্গাচরা', 6, 32, 1, 'Active', NULL, NULL, NULL, NULL, NULL, NULL),
	(443, 'Kaunia', 'কাউনিয়া', 6, 32, 1, 'Active', NULL, NULL, NULL, NULL, NULL, NULL),
	(444, 'Rangpur Sadar', 'রংপুর সদর', 6, 32, 1, 'Active', NULL, NULL, NULL, NULL, NULL, NULL),
	(445, 'Pirgachha', 'পীরগাছা', 6, 32, 1, 'Active', NULL, NULL, NULL, NULL, NULL, NULL),
	(446, 'Pirganj', 'পীরগঞ্জ', 6, 32, 1, 'Active', NULL, NULL, NULL, NULL, NULL, NULL),
	(447, 'Taraganj', 'তারাগঞ্জ', 6, 32, 1, 'Active', NULL, NULL, NULL, NULL, NULL, NULL),
	(448, 'Thakurgaon Sadar', 'ঠাকুরগাঁও সদর', 6, 33, 1, 'Active', NULL, NULL, NULL, NULL, NULL, NULL),
	(449, 'Pirganj', 'পীরগঞ্জ', 6, 33, 1, 'Active', NULL, NULL, NULL, NULL, NULL, NULL),
	(450, 'Baliadangi', 'বালিয়াডাঙ্গি', 6, 33, 1, 'Active', NULL, NULL, NULL, NULL, NULL, NULL),
	(451, 'Haripur', 'হরিপুর', 6, 33, 1, 'Active', NULL, NULL, NULL, NULL, NULL, NULL),
	(456, '', 'বালাগঞ্জ', 7, 54, 1, 'Active', NULL, NULL, NULL, NULL, NULL, NULL),
	(457, '', 'বিয়ানীবাজার', 7, 54, 1, 'Active', NULL, NULL, NULL, NULL, NULL, NULL),
	(458, '', 'বিশ্বনাথ', 7, 54, 1, 'Active', NULL, NULL, NULL, NULL, NULL, NULL),
	(459, '', 'ফেঞ্চুগঞ্জ', 7, 54, 1, 'Active', NULL, NULL, NULL, NULL, NULL, NULL),
	(460, '', 'কোম্পানীগঞ্জ(সি)', 7, 54, 1, 'Active', NULL, NULL, NULL, NULL, NULL, NULL),
	(461, '', 'গোয়াইঘাট', 7, 54, 1, 'Active', NULL, NULL, NULL, NULL, NULL, NULL),
	(462, '', 'জৈন্তাপুর', 7, 54, 1, 'Active', NULL, NULL, NULL, NULL, NULL, NULL),
	(463, '', 'কানাইঘাট', 7, 54, 1, 'Active', NULL, NULL, NULL, NULL, NULL, NULL),
	(464, '', 'সিলেট সদর', 7, 54, 1, 'Active', NULL, NULL, NULL, NULL, NULL, NULL),
	(465, '', 'জকিগঞ্জ', 7, 54, 1, 'Active', NULL, NULL, NULL, NULL, NULL, NULL),
	(467, '', 'আজমিরিগঞ্জ', 7, 51, 1, 'Active', NULL, NULL, NULL, NULL, NULL, NULL),
	(468, '', 'বানিয়াচং', 7, 51, 1, 'Active', NULL, NULL, NULL, NULL, NULL, NULL),
	(469, '', 'বাহুবল', 7, 51, 1, 'Active', NULL, NULL, NULL, NULL, NULL, NULL),
	(470, '', 'চুনারুঘাট', 7, 51, 1, 'Active', NULL, NULL, NULL, NULL, NULL, NULL),
	(471, '', 'হবিগঞ্জ সদর', 7, 51, 1, 'Active', NULL, NULL, NULL, NULL, NULL, NULL),
	(472, '', 'লাখাই', 7, 51, 1, 'Active', NULL, NULL, NULL, NULL, NULL, NULL),
	(473, '', 'নবীগঞ্জ', 7, 51, 1, 'Active', NULL, NULL, NULL, NULL, NULL, NULL),
	(474, '', 'মাধবপুর', 7, 51, 1, 'Active', NULL, NULL, NULL, NULL, NULL, NULL),
	(475, '', 'বিশ্বম্ভরপুর', 7, 53, 1, 'Active', NULL, NULL, NULL, NULL, NULL, NULL),
	(476, '', 'ছাতক', 7, 53, 1, 'Active', NULL, NULL, NULL, NULL, NULL, NULL),
	(477, '', 'দিরাই', 7, 53, 1, 'Active', NULL, NULL, NULL, NULL, NULL, NULL),
	(478, '', 'ধর্মপাশা', 7, 53, 1, 'Active', NULL, NULL, NULL, NULL, NULL, NULL),
	(479, '', 'দোয়ারাবাজার', 7, 53, 1, 'Active', NULL, NULL, NULL, NULL, NULL, NULL),
	(480, '', 'জগন্নাথপুর', 7, 53, 1, 'Active', NULL, NULL, NULL, NULL, NULL, NULL),
	(481, '', 'জামালগঞ্জ', 7, 53, 1, 'Active', NULL, NULL, NULL, NULL, NULL, NULL),
	(482, '', 'তাহিরপুর', 7, 53, 1, 'Active', NULL, NULL, NULL, NULL, NULL, NULL),
	(483, '', 'শাল্লা', 7, 53, 1, 'Active', NULL, NULL, NULL, NULL, NULL, NULL),
	(484, '', 'সুনামগঞ্জ সদর', 7, 53, 1, 'Active', NULL, NULL, NULL, NULL, NULL, NULL),
	(485, '', 'বড়লেখা', 7, 52, 1, 'Active', NULL, NULL, NULL, NULL, NULL, NULL),
	(486, '', 'কুলাউড়া', 7, 52, 1, 'Active', NULL, NULL, NULL, NULL, NULL, NULL),
	(487, '', 'রাজানগর', 7, 52, 1, 'Active', NULL, NULL, NULL, NULL, NULL, NULL),
	(488, '', 'কমলগঞ্জ', 7, 52, 1, 'Active', NULL, NULL, NULL, NULL, NULL, NULL),
	(489, '', 'শ্রীমঙ্গল', 7, 52, 1, 'Active', NULL, NULL, NULL, NULL, NULL, NULL),
	(490, '', 'মৌলভীবাজার সদর', 7, 52, 1, 'Active', NULL, NULL, NULL, NULL, NULL, NULL),
	(491, '', 'জুড়ি', 7, 52, 1, 'Active', NULL, NULL, NULL, NULL, NULL, NULL),
	(492, '', 'গোলাপগঞ্জ', 7, 54, 1, 'Active', NULL, NULL, NULL, NULL, NULL, NULL),
	(493, '', 'শায়েস্তাগঞ্জ', 7, 51, 1, 'Active', NULL, NULL, NULL, NULL, NULL, NULL),
	(495, '', 'বাকলিয়া', 2, 43, 1, 'Active', NULL, NULL, 1, NULL, '2021-05-22 12:35:42', '2021-05-22 12:35:42'),
	(497, '', 'চান্দগাও', 2, 43, 1, 'Active', NULL, NULL, NULL, NULL, NULL, NULL),
	(511, '', 'খুলশি', 2, 43, 1, 'Active', NULL, NULL, NULL, NULL, NULL, NULL),
	(512, '', 'ডবলমুরিং', 2, 43, 1, 'Active', NULL, NULL, NULL, NULL, NULL, NULL),
	(513, '', 'পতেঙ্গা', 2, 43, 1, 'Active', NULL, NULL, NULL, NULL, NULL, NULL),
	(516, '', 'কর্ণফুলি', 2, 43, 1, 'Active', NULL, NULL, NULL, NULL, NULL, NULL),
	(522, '', 'সাভার', 3, 1, 1, 'Active', NULL, NULL, NULL, NULL, NULL, NULL),
	(523, '', 'ধামরাই', 3, 1, 1, 'Active', NULL, NULL, NULL, NULL, NULL, NULL),
	(526, '', 'কেরানীগঞ্জ মডেল', 3, 1, 1, 'Active', NULL, NULL, NULL, NULL, NULL, NULL),
	(528, '', 'দোহার', 3, 1, 1, 'Active', NULL, NULL, NULL, NULL, NULL, NULL),
	(530, NULL, 'নবাবগঞ্জ', 3, 1, 1, 'Active', NULL, NULL, NULL, NULL, NULL, NULL),
	(532, '', 'রাজশাহী সদর', 5, 24, 1, 'Active', NULL, NULL, NULL, NULL, NULL, NULL),
	(534, '', 'পাহাড়তলী', 2, 43, 1, 'Active', NULL, NULL, NULL, NULL, NULL, NULL),
	(535, '', 'বায়জিদ বোস্তামি', 2, 43, 1, 'Active', NULL, NULL, NULL, NULL, NULL, NULL),
	(536, 'Khulna Sadar', 'খুলনা সদর', 4, 59, 1, 'Active', NULL, NULL, NULL, NULL, NULL, NULL),
	(537, 'Khalishpur', 'খালিশপুর', 4, 59, 1, 'Active', NULL, NULL, NULL, NULL, NULL, NULL),
	(538, 'Doulatpur', 'দৌলতপুর(খুলনা)', 4, 59, 1, 'Active', NULL, NULL, NULL, NULL, NULL, NULL),
	(539, '', 'বাকলয়িা', 2, 43, 1, 'Active', NULL, NULL, 1, NULL, '2021-05-22 12:35:39', '2021-05-22 12:35:39'),
	(540, '', 'কতোয়ালী', 2, 43, 1, 'Active', NULL, NULL, NULL, NULL, NULL, NULL),
	(541, '', 'চানগাওঁ', 2, 43, 1, 'Active', NULL, NULL, NULL, NULL, NULL, NULL),
	(542, '', 'সীতাকুন্ড', 2, 43, 1, 'Active', NULL, NULL, 1, NULL, '2021-05-22 12:39:01', '2021-05-22 12:39:01'),
	(543, '', 'মোকসুদপুর', 3, 2, 1, 'Active', NULL, NULL, NULL, NULL, NULL, NULL),
	(544, '', 'বোয়ালখালী', 2, 43, 1, 'Active', NULL, NULL, 1, NULL, '2021-05-22 12:36:53', '2021-05-22 12:36:53'),
	(545, '', 'বাশখালী', 2, 43, 1, 'Active', NULL, NULL, 1, NULL, '2021-05-22 12:36:29', '2021-05-22 12:36:29'),
	(546, '', 'মাধবদী', 3, 12, 1, 'Active', NULL, NULL, NULL, NULL, NULL, NULL),
	(547, 'Adabar Thana', 'আদাবর থানা', 3, 65, 1, 'Active', NULL, NULL, NULL, NULL, NULL, NULL),
	(548, 'Azampur Thana', 'আজমপুর থানা', 3, 65, 1, 'Active', NULL, NULL, NULL, NULL, NULL, NULL),
	(549, 'Badda Thana', 'বাড্ডা থানা', 3, 65, 1, 'Active', NULL, NULL, NULL, NULL, NULL, NULL),
	(550, 'Bangsal Thana', 'বংশাল থানা', 3, 65, 1, 'Active', NULL, NULL, NULL, NULL, NULL, NULL),
	(551, 'Bimanbandar Thana (Dhaka)', 'বিমানবন্দর থানা', 3, 65, 1, 'Active', NULL, NULL, NULL, NULL, NULL, NULL),
	(552, 'Cantonment Thana', 'ক্যান্টনমেন্ট থানা', 3, 65, 1, 'Active', NULL, NULL, NULL, NULL, NULL, NULL),
	(553, 'Chowkbazar Thana', 'চকবাজার থানা ', 3, 65, 1, 'Active', NULL, NULL, NULL, NULL, NULL, NULL),
	(554, 'Darus Salam Thana', 'দারুস সালাম থানা ', 3, 65, 1, 'Active', NULL, NULL, NULL, NULL, NULL, NULL),
	(555, 'Demra Thana', 'ডেমরা থানা ', 3, 65, 1, 'Active', NULL, NULL, NULL, NULL, NULL, NULL),
	(556, 'Dhanmondi Thana', 'ধানমন্ডি থানা', 3, 65, 1, 'Active', NULL, NULL, NULL, NULL, NULL, NULL),
	(557, 'Gendaria Thana', 'গেন্ডারিয়া থানা ', 3, 65, 1, 'Active', NULL, NULL, NULL, NULL, NULL, NULL),
	(558, 'Hazaribagh Thana', 'হাজারিবাগ থানা', 3, 65, 1, 'Active', NULL, NULL, NULL, NULL, NULL, NULL),
	(559, 'Kadamtali Thana', 'কদমতলি থানা ', 3, 65, 1, 'Active', NULL, NULL, NULL, NULL, NULL, NULL),
	(560, 'Kafrul Thana', 'কাফরুল থানা ', 3, 65, 1, 'Active', NULL, NULL, NULL, NULL, NULL, NULL),
	(561, 'Kalabagan Thana', 'কলাবাগান থানা ', 3, 65, 1, 'Active', NULL, NULL, NULL, NULL, NULL, NULL),
	(562, 'Kamrangirchar Thana', 'কামরাংগিচর থানা ', 3, 65, 1, 'Active', NULL, NULL, NULL, NULL, NULL, NULL),
	(563, 'Khilgaon Thana', 'খিলগাঁও থানা', 3, 65, 1, 'Active', NULL, NULL, NULL, NULL, NULL, NULL),
	(564, 'Khilkhet Thana', 'খিলখেত থানা', 3, 65, 1, 'Active', NULL, NULL, NULL, NULL, NULL, NULL),
	(565, 'Kotwali Thana (Dhaka)', 'কতোয়াখালি থানা', 3, 65, 1, 'Active', NULL, NULL, NULL, NULL, NULL, NULL),
	(566, 'Lalbagh Thana', 'লালবাগ থানা', 3, 65, 1, 'Active', NULL, NULL, NULL, NULL, NULL, NULL),
	(567, 'Mirpur Model Thana', 'মিরপুর থানা', 3, 65, 1, 'Active', NULL, NULL, NULL, NULL, NULL, NULL),
	(568, 'Mohammadpur Thana', 'মোহাম্মাদপুর থানা', 3, 65, 1, 'Active', NULL, NULL, NULL, NULL, NULL, NULL),
	(569, 'Motijheel Thana', 'মতিঝিল থানা', 3, 65, 1, 'Active', NULL, NULL, NULL, NULL, NULL, NULL),
	(570, 'New Market Thana', 'নিউ মার্কেট থানা', 3, 65, 1, 'Active', NULL, NULL, NULL, NULL, NULL, NULL),
	(571, 'Pallabi Thana', 'পল্লবি থানা', 3, 65, 1, 'Active', NULL, NULL, NULL, NULL, NULL, NULL),
	(572, 'Paltan Thana', 'পল্টন থানা', 3, 65, 1, 'Active', NULL, NULL, NULL, NULL, NULL, NULL),
	(573, 'Panthapath Thana', 'পান্থপথ থানা', 3, 65, 1, 'Active', NULL, NULL, NULL, NULL, NULL, NULL),
	(574, 'Ramna Thana', 'রমনা থানা', 3, 65, 1, 'Active', NULL, NULL, NULL, NULL, NULL, NULL),
	(575, 'Rampura Thana', 'রামপুরা থানা', 3, 65, 1, 'Active', NULL, NULL, NULL, NULL, NULL, NULL),
	(576, 'Sabujbagh Thana', 'সবুজবাগ থানা', 3, 65, 1, 'Active', NULL, NULL, NULL, NULL, NULL, NULL),
	(577, 'Shah Ali Thana', 'সাহ্‌ আলী থানা', 3, 65, 1, 'Active', NULL, NULL, NULL, NULL, NULL, NULL),
	(578, 'Shahbag Thana', 'শাহ্‌বাগ থানা', 3, 65, 1, 'Active', NULL, NULL, NULL, NULL, NULL, NULL),
	(579, 'Sher-e-Bangla Nagar', 'শেরে-ই-বাংলা নগর থানা', 3, 65, 1, 'Active', NULL, NULL, NULL, NULL, NULL, NULL),
	(580, 'Shyampur Thana', 'শ্যামপুর থানা', 3, 65, 1, 'Active', NULL, NULL, NULL, NULL, NULL, NULL),
	(581, 'Sutrapur Thana', 'সুত্রাপুর থানা', 3, 65, 1, 'Active', NULL, NULL, NULL, NULL, NULL, NULL),
	(582, 'Tejgaon Industrial Area Thana', 'তেজগাঁও ইন্ডাস্ট্রিয়াল থানা', 3, 65, 1, 'Active', NULL, NULL, NULL, NULL, NULL, NULL),
	(583, 'Tejgaon Thana', 'তেজগাঁও থানা', 3, 65, 1, 'Active', NULL, NULL, NULL, NULL, NULL, NULL),
	(584, 'Turag Thana', 'তুরাগ থানা', 3, 65, 1, 'Active', NULL, NULL, NULL, NULL, NULL, NULL),
	(585, 'Uttar Khan Thana', 'উত্তর খান থানা', 3, 65, 1, 'Active', NULL, NULL, NULL, NULL, NULL, NULL),
	(586, 'Uttara West Thana', 'উত্তরা পশ্চিম থানা', 3, 65, 1, 'Active', NULL, NULL, NULL, NULL, NULL, NULL),
	(587, 'Vatara Thana', 'ভাটারা থানা', 3, 65, 1, 'Active', NULL, NULL, NULL, NULL, NULL, NULL),
	(588, 'Wari Thana', 'ওয়ারি থানা', 3, 65, 1, 'Active', NULL, NULL, NULL, NULL, NULL, NULL),
	(589, 'Uttara East Thana', 'উত্তরা পূর্ব থানা', 3, 65, 1, 'Active', NULL, NULL, NULL, NULL, NULL, NULL),
	(590, 'Dakshinkhan Thana', 'দক্ষিনখান থানা', 3, 65, 1, 'Active', NULL, NULL, NULL, NULL, NULL, NULL),
	(591, 'Gulshan Thana', 'গুলশান থানা', 3, 65, 1, 'Active', NULL, NULL, NULL, NULL, NULL, NULL),
	(592, 'Banani Thana', 'বনানী থানা', 3, 65, 1, 'Active', NULL, NULL, NULL, NULL, NULL, NULL),
	(593, 'JATRABARI', 'যাত্রাবাড়ী', 3, 65, 1, 'Active', NULL, NULL, NULL, NULL, NULL, NULL),
	(594, 'Akbarshah Thana', 'আকবরশাহ থানা', 2, 66, 1, 'Active', NULL, NULL, NULL, NULL, NULL, NULL),
	(595, 'Bakoliya Thana', 'বাকলিয়া থানা', 2, 66, 1, 'Active', NULL, NULL, NULL, NULL, NULL, NULL),
	(596, 'Bandar Thana', 'বন্দর থানা', 2, 66, 1, 'Active', NULL, NULL, NULL, NULL, NULL, NULL),
	(597, 'Bayazid Thana', 'বায়জিদ  থানা', 2, 66, 1, 'Active', NULL, NULL, NULL, NULL, NULL, NULL),
	(598, 'Bhujpur Thana', 'ভুজপুর থানা', 2, 66, 1, 'Active', NULL, NULL, NULL, NULL, NULL, NULL),
	(599, 'Chandgaon Thana', 'চান্দগাও থানা', 2, 66, 1, 'Active', NULL, NULL, NULL, NULL, NULL, NULL),
	(600, 'Chaowkbazar Thana', 'চকবাজার থানা', 2, 66, 1, 'Active', NULL, NULL, NULL, NULL, NULL, NULL),
	(601, 'Chittagong Kotwali Thana', 'চিটাগাং থানা', 2, 66, 1, 'Active', NULL, NULL, NULL, NULL, NULL, NULL),
	(602, 'Double Mooring Thana', 'ডাবল মর্নিং থানা', 2, 66, 1, 'Active', NULL, NULL, NULL, NULL, NULL, NULL),
	(603, 'EPZ Thana Thana', 'ইপিজেড থানা', 2, 66, 1, 'Active', NULL, NULL, NULL, NULL, NULL, NULL),
	(604, 'Halishahar Thana', 'হালিশাহার থানা', 2, 66, 1, 'Active', NULL, NULL, NULL, NULL, NULL, NULL),
	(605, 'Karnaphuli Thana', 'কর্ণফুলি থানা', 2, 66, 1, 'Active', NULL, NULL, NULL, NULL, NULL, NULL),
	(606, 'Khulshi Thana', 'খুলসি থানা', 2, 66, 1, 'Active', NULL, NULL, NULL, NULL, NULL, NULL),
	(607, 'Kotwali Thana (Chittagong)', 'কতোয়াখালি থানা', 2, 66, 1, 'Active', NULL, NULL, NULL, NULL, NULL, NULL),
	(608, 'Pahartali Thana', 'পাহারতলি থানা', 2, 66, 1, 'Active', NULL, NULL, NULL, NULL, NULL, NULL),
	(609, 'Panchlaish Thana', 'পাঞ্চলাইস থানা', 2, 66, 1, 'Active', NULL, NULL, NULL, NULL, NULL, NULL),
	(610, 'Patenga Thana', 'পতেংগা থানা', 2, 66, 1, 'Active', NULL, NULL, NULL, NULL, NULL, NULL),
	(611, 'Khulna Sadar Thana', 'খুলনা সদর থানা', 4, 68, 1, 'Active', NULL, NULL, NULL, NULL, NULL, NULL),
	(612, 'Sonadanga Thana', 'সোনাডাঙ্গা থানা', 4, 68, 1, 'Active', NULL, NULL, NULL, NULL, NULL, NULL),
	(613, 'Daulatpur Thana', 'দৌলতপুর থানা', 4, 68, 1, 'Active', NULL, NULL, NULL, NULL, NULL, NULL),
	(614, 'Khalishpur Thana', 'খালিশপুর থানা', 4, 68, 1, 'Active', NULL, NULL, NULL, NULL, NULL, NULL),
	(615, 'Khan Jahan Ali Thana', 'খান জাহান আলী থানা', 4, 68, 1, 'Active', NULL, NULL, NULL, NULL, NULL, NULL),
	(616, 'Labanchara Thana', 'লবনছড়া থানা', 4, 68, 1, 'Active', NULL, NULL, NULL, NULL, NULL, NULL),
	(617, 'Harintana Thana', 'হরিণটানা থানা', 4, 68, 1, 'Active', NULL, NULL, NULL, NULL, NULL, NULL),
	(618, 'Aranghata Thana', 'আড়ংঘাটা থানা', 4, 68, 1, 'Active', NULL, NULL, NULL, NULL, NULL, NULL),
	(619, 'Sadar Thana', 'সদর/জয়দেবপুর থানা', 3, 72, 1, 'Active', NULL, NULL, NULL, NULL, NULL, NULL),
	(620, 'Bason Thana', 'বাসন থানা', 3, 72, 1, 'Active', NULL, NULL, NULL, NULL, NULL, NULL),
	(621, 'Konabari Thana', 'কোনাবাড়ী থানা', 3, 72, 1, 'Active', NULL, NULL, NULL, NULL, NULL, NULL),
	(622, 'Kashimpur Thana', 'কাশিমপুর থানা', 3, 72, 1, 'Active', NULL, NULL, NULL, NULL, NULL, NULL),
	(623, 'Gacha Thana', 'গাছা থানা', 3, 72, 1, 'Active', NULL, NULL, NULL, NULL, NULL, NULL),
	(624, 'Pubail Thana', 'পূবাইল থানা', 3, 72, 1, 'Active', NULL, NULL, NULL, NULL, NULL, NULL),
	(625, 'Tongi West Thana', 'টঙ্গী পশ্চিম থানা', 3, 72, 1, 'Active', NULL, NULL, NULL, NULL, NULL, NULL),
	(626, 'Tongi East Thana', 'টঙ্গী পূর্ব থানা', 3, 72, 1, 'Active', NULL, NULL, NULL, NULL, NULL, NULL),
	(627, 'KOTWALI MODEL THANA', 'কোতোয়ালি মডেল থানা', 1, 69, 1, 'Active', NULL, NULL, NULL, NULL, NULL, NULL),
	(628, 'AIRPORT THANA (BARISHAL)', 'বিমানবন্দর থানা (বরিশাল)', 1, 69, 1, 'Active', NULL, NULL, NULL, NULL, NULL, NULL),
	(629, 'KAWNIA THANA', 'কাউনিয়া থানা', 1, 69, 1, 'Active', NULL, NULL, NULL, NULL, NULL, NULL),
	(630, 'BANDAR THANA (BASISHAL)', 'বন্দর থানা (বরিশাল)', 1, 69, 1, 'Active', NULL, NULL, NULL, NULL, NULL, NULL),
	(631, 'RUPATALI THANA', 'রুপতালী থানা', 1, 69, 1, 'Active', NULL, NULL, NULL, NULL, NULL, NULL),
	(632, 'BARISAL UNIVERSITY THANA', 'বরিশাল বিশ্ববিদ্যালয় থানা', 1, 69, 1, 'Active', NULL, NULL, NULL, NULL, NULL, NULL),
	(633, 'CHARMONAI THANA', 'চরমোনাই থানা', 1, 69, 1, 'Active', NULL, NULL, NULL, NULL, NULL, NULL),
	(634, 'KASHIPUR THANA', 'কাশীপুর থানা', 1, 69, 1, 'Active', NULL, NULL, NULL, NULL, NULL, NULL),
	(635, 'BOALIA THANA', 'বোয়ালিয়া থানা', 5, 67, 1, 'Active', NULL, NULL, NULL, NULL, NULL, NULL),
	(636, 'RAJPARA THANA', 'রাজপাড়া থানা', 5, 67, 1, 'Active', NULL, NULL, NULL, NULL, NULL, NULL),
	(637, 'MOTIHAR THANA', 'মতিহার থানা', 5, 67, 1, 'Active', NULL, NULL, NULL, NULL, NULL, NULL),
	(638, 'SHAHMUKHDUM THANA', 'শাহমখদুম থানা', 5, 67, 1, 'Active', NULL, NULL, NULL, NULL, NULL, NULL),
	(639, 'CHANDRIMA THANA', 'চন্দ্রিমা থানা', 5, 67, 1, 'Active', NULL, NULL, NULL, NULL, NULL, NULL),
	(640, 'KASIADANGA THANA', 'কাসিয়াডাঙ্গা থানা', 5, 67, 1, 'Active', NULL, NULL, NULL, NULL, NULL, NULL),
	(641, 'KATAKHALI THANA', 'কাটাখালী থানা', 5, 67, 1, 'Active', NULL, NULL, NULL, NULL, NULL, NULL),
	(642, 'BELPUKUR THANA', 'বেলপুকুর থানা', 5, 67, 1, 'Active', NULL, NULL, NULL, NULL, NULL, NULL),
	(643, 'AIRPORT THANA (RAJSHAHI)', 'বিমানবন্দর থানা (রাজশাহী)', 5, 67, 1, 'Active', NULL, NULL, NULL, NULL, NULL, NULL),
	(644, 'KARNAHAR THANA', 'করমহর থানা', 5, 67, 1, 'Active', NULL, NULL, NULL, NULL, NULL, NULL),
	(645, 'DAMKURA THANA', 'দামকুঁড়া থানা', 5, 67, 1, 'Active', NULL, NULL, NULL, NULL, NULL, NULL),
	(646, 'PABA THANA', 'পবা থানা', 5, 67, 1, 'Active', NULL, NULL, NULL, NULL, NULL, NULL),
	(647, 'KOTWALI THANA', 'কোতয়ালি থানা', 6, 71, 1, 'Active', NULL, NULL, NULL, NULL, NULL, NULL),
	(648, 'PARSHURAM THANA', 'পরশুরাম থানা', 6, 71, 1, 'Active', NULL, NULL, NULL, NULL, NULL, NULL),
	(649, 'HARAGACH THANA', 'হারাগাছ থানা', 6, 71, 1, 'Active', NULL, NULL, NULL, NULL, NULL, NULL),
	(650, 'TAJHAT THANA', 'তাজহাট থানা', 6, 71, 1, 'Active', NULL, NULL, NULL, NULL, NULL, NULL),
	(651, 'MAHIGANJ THANA', 'মাহিগঞ্জ থানা', 6, 71, 1, 'Active', NULL, NULL, NULL, NULL, NULL, NULL),
	(652, 'HAJIRHAT THANA', 'হাজীরহাট থানা', 6, 71, 1, 'Active', NULL, NULL, NULL, NULL, NULL, NULL),
	(653, 'KOTWALI MODEL THANA (SYLHET)', 'কোতোয়ালি মডেল থানা  (সিলেট)', 8, 70, 1, 'Active', NULL, NULL, NULL, NULL, NULL, NULL),
	(654, 'JALALABAD THANA', 'জালালাবাদ থানা', 8, 70, 1, 'Active', NULL, NULL, NULL, NULL, NULL, NULL),
	(655, 'AIRPORT THANA (SYLHET)', 'বিমানবন্দর থানা (সিলেট)', 8, 70, 1, 'Active', NULL, NULL, NULL, NULL, NULL, NULL),
	(656, 'MOGLABAZAR THANA', 'মোগলাবাজার থানা', 8, 70, 1, 'Active', NULL, NULL, NULL, NULL, NULL, NULL),
	(657, 'SOUTH SURMA THANA', 'দক্ষিণ সুরমা থানা', 8, 70, 1, 'Active', NULL, NULL, NULL, NULL, NULL, NULL),
	(658, 'SHAH PORAN (R.) THANA', 'শাহ পোরাণ (আর) থানা', 8, 70, 1, 'Active', NULL, NULL, NULL, NULL, NULL, NULL),
	(659, 'Bhasantek Thana', 'ভাষানটেক থানা', 3, 65, 1, 'Active', 1, NULL, NULL, '2021-05-03 23:37:04', '2021-05-03 23:37:04', NULL),
	(660, NULL, 'রাণীশংকৈল', 6, 33, 4, 'Active', 1, NULL, NULL, '2021-05-24 08:31:04', '2021-05-24 08:31:04', NULL),
	(661, NULL, 'ফতুল্লা', 3, 11, 4, 'Active', 10, NULL, NULL, '2021-08-24 09:40:47', '2021-08-24 09:40:47', NULL),
	(662, NULL, 'বন্দর', 2, 43, 4, 'Active', 10, NULL, NULL, '2021-08-25 03:38:12', '2021-08-25 03:38:12', NULL),
	(663, NULL, 'বিরল', 6, 26, 7, 'Active', 10, NULL, NULL, '2021-08-26 05:47:33', '2021-08-26 05:47:33', NULL),
	(664, NULL, 'চিলাহাটি', 6, 30, 4, 'Active', 10, NULL, NULL, '2021-08-26 05:57:09', '2021-08-26 05:57:09', NULL);

-- Dumping structure for table rent_room_bd.users
CREATE TABLE IF NOT EXISTS `users` (
  `id` bigint unsigned NOT NULL AUTO_INCREMENT,
  `name` varchar(255) CHARACTER SET utf8mb4 COLLATE utf8mb4_unicode_ci DEFAULT NULL,
  `email` varchar(255) CHARACTER SET utf8mb4 COLLATE utf8mb4_unicode_ci DEFAULT NULL,
  `phone` varchar(255) COLLATE utf8mb4_unicode_ci DEFAULT NULL,
  `email_verified_at` timestamp NULL DEFAULT NULL,
  `password` varchar(255) COLLATE utf8mb4_unicode_ci NOT NULL,
  `partner_bank_details` varchar(255) COLLATE utf8mb4_unicode_ci DEFAULT NULL,
  `remember_token` varchar(100) COLLATE utf8mb4_unicode_ci DEFAULT NULL,
  `created_at` timestamp NULL DEFAULT NULL,
  `updated_at` timestamp NULL DEFAULT NULL,
  `proof_type_1` varchar(255) COLLATE utf8mb4_unicode_ci DEFAULT NULL,
  `proof_path_1` varchar(255) COLLATE utf8mb4_unicode_ci DEFAULT NULL,
  `proof_type_2` varchar(255) COLLATE utf8mb4_unicode_ci DEFAULT NULL,
  `proof_path_2` varchar(255) COLLATE utf8mb4_unicode_ci DEFAULT NULL,
  `proof_type_3` varchar(255) COLLATE utf8mb4_unicode_ci DEFAULT NULL,
  `proof_path_3` varchar(255) COLLATE utf8mb4_unicode_ci DEFAULT NULL,
  `proof_type_4` varchar(255) COLLATE utf8mb4_unicode_ci DEFAULT NULL,
  `proof_path_4` varchar(255) COLLATE utf8mb4_unicode_ci DEFAULT NULL,
  `fb_id` varchar(255) CHARACTER SET utf8mb4 COLLATE utf8mb4_unicode_ci DEFAULT NULL,
  PRIMARY KEY (`id`),
  UNIQUE KEY `users_email_unique` (`email`) USING BTREE
) ENGINE=InnoDB AUTO_INCREMENT=18 DEFAULT CHARSET=utf8mb4 COLLATE=utf8mb4_unicode_ci;

-- Dumping data for table rent_room_bd.users: ~7 rows (approximately)
INSERT INTO `users` (`id`, `name`, `email`, `phone`, `email_verified_at`, `password`, `partner_bank_details`, `remember_token`, `created_at`, `updated_at`, `proof_type_1`, `proof_path_1`, `proof_type_2`, `proof_path_2`, `proof_type_3`, `proof_path_3`, `proof_type_4`, `proof_path_4`, `fb_id`) VALUES
	(1, 'Test User', 'test@example.com', '01814418723', '2025-05-07 04:05:15', '$2y$12$OCZ0af5nc2Pcz60R.XE0ceUvOEBhTst/NBFzPqprVatKG6YsqQNc6', NULL, 'zqh5MLcda35UrqFTQz0z3hPFgogZZa2HNqnWHFpzNsKqPqhIY6fzN5vsXvZc', '2025-05-07 04:05:15', '2025-05-12 02:38:15', NULL, NULL, NULL, NULL, NULL, NULL, NULL, NULL, NULL),
	(2, 'Ismail Partner', 'ismail@gmail.com', NULL, NULL, '$2y$12$wvA.BfC.CA3YQ9F0bYYn0.AirCIRVcsfsepCEreUJQjoWBWGXsZim', NULL, NULL, '2025-05-08 01:18:37', '2025-05-08 01:18:37', NULL, NULL, NULL, NULL, NULL, NULL, NULL, NULL, NULL),
	(3, 'Mamoon', 'mamoon036@gmail.com', '01814418729', NULL, '$2y$12$OCZ0af5nc2Pcz60R.XE0ceUvOEBhTst/NBFzPqprVatKG6YsqQNc6', NULL, NULL, '2025-05-12 02:24:17', '2025-05-12 02:24:17', NULL, NULL, NULL, NULL, NULL, NULL, NULL, NULL, NULL),
	(6, 'Abdullah Mamoon', NULL, NULL, NULL, '$2y$12$SicYNZP/WwVr3mxFc6eGqOBKi70/XarbWl0fKHjOlfqvCTTJAN5zO', NULL, NULL, '2025-05-14 10:22:47', '2025-05-14 10:22:47', NULL, NULL, NULL, NULL, NULL, NULL, NULL, NULL, '1946273759533809'),
	(7, 'MD. MAMOON Ab', 'mamoon@1245gmail.com', '01814418726', NULL, '$2y$12$NDAaUxAFmipFs0wwE2WEheybpVyumlPfDILPXvlGs/IBDJ4LZpL2e', NULL, NULL, '2025-05-15 09:07:17', '2025-05-15 09:07:17', NULL, NULL, NULL, NULL, NULL, NULL, NULL, NULL, NULL),
	(13, NULL, NULL, '02222222222', NULL, '$2y$12$kLBZ0KYcMZK4ZKVPCIX/uevV9QU7BWWfT/OCgFsQtzHxQyUCivaGO', NULL, NULL, '2025-06-14 23:10:40', '2025-06-14 23:10:40', NULL, NULL, NULL, NULL, NULL, NULL, NULL, NULL, NULL),
	(14, 'edited profile', 'mamoon@test.com', '01814418736', NULL, '$2y$12$fuCCoWFN.e2LEz2macEMC.f3BmgGKPrHTGU0fVinlgZy3QuEURvPq', NULL, NULL, '2025-06-15 06:05:19', '2025-06-25 02:52:00', NULL, NULL, NULL, NULL, NULL, NULL, NULL, NULL, NULL),
	(15, NULL, NULL, '01814418725', NULL, '$2y$12$ndvGwSi0dE6871Xatkg3ie0MFolxixgPC50w9GpM3KEy59rAKGPCi', NULL, NULL, '2025-06-26 20:49:27', '2025-06-26 20:49:27', NULL, NULL, NULL, NULL, NULL, NULL, NULL, NULL, NULL),
	(16, NULL, NULL, '01814418711', NULL, '$2y$12$MnuAK0ScrlXryS.cAgbwfeAjZ31xhjKLgbAVjutkBUiP5tIAmjd2a', NULL, NULL, '2025-06-30 02:23:41', '2025-06-30 02:23:41', NULL, NULL, NULL, NULL, NULL, NULL, NULL, NULL, NULL),
	(17, NULL, NULL, '01111111111', NULL, '$2y$12$/wlVb9wkyX0Y7roV0dJhruObv.OjIxw3d671S8Tma/0SolpPMjZu2', NULL, NULL, '2025-07-02 06:34:16', '2025-07-02 06:34:16', NULL, NULL, NULL, NULL, NULL, NULL, NULL, NULL, NULL);

-- Dumping structure for table rent_room_bd.user_details
CREATE TABLE IF NOT EXISTS `user_details` (
  `id` bigint unsigned NOT NULL AUTO_INCREMENT,
  `user_id` bigint unsigned NOT NULL,
  `phone` varchar(255) COLLATE utf8mb4_unicode_ci DEFAULT NULL,
  `occupied_address` varchar(255) COLLATE utf8mb4_unicode_ci DEFAULT NULL,
  `package` varchar(255) COLLATE utf8mb4_unicode_ci DEFAULT NULL,
  `booking_type` varchar(255) COLLATE utf8mb4_unicode_ci DEFAULT NULL,
  `duration_type` varchar(255) COLLATE utf8mb4_unicode_ci DEFAULT NULL,
  `payment_status` enum('Pending','Paid') COLLATE utf8mb4_unicode_ci NOT NULL DEFAULT 'Pending',
  `package_price` varchar(255) COLLATE utf8mb4_unicode_ci DEFAULT NULL,
  `security_amount` varchar(255) COLLATE utf8mb4_unicode_ci DEFAULT NULL,
  `created_at` timestamp NULL DEFAULT NULL,
  `updated_at` timestamp NULL DEFAULT NULL,
  `entry_date` date DEFAULT NULL,
  `stay_status` enum('staying','want_to') COLLATE utf8mb4_unicode_ci DEFAULT NULL,
  `package_id` bigint unsigned DEFAULT NULL,
  `security_payment_status` enum('Pending','Paid') COLLATE utf8mb4_unicode_ci NOT NULL DEFAULT 'Pending',
  PRIMARY KEY (`id`),
  KEY `user_details_user_id_foreign` (`user_id`),
  KEY `user_details_package_id_foreign` (`package_id`),
  CONSTRAINT `user_details_package_id_foreign` FOREIGN KEY (`package_id`) REFERENCES `packages` (`id`) ON DELETE SET NULL,
  CONSTRAINT `user_details_user_id_foreign` FOREIGN KEY (`user_id`) REFERENCES `users` (`id`) ON DELETE CASCADE
) ENGINE=InnoDB DEFAULT CHARSET=utf8mb4 COLLATE=utf8mb4_unicode_ci;

-- Dumping data for table rent_room_bd.user_details: ~0 rows (approximately)

-- Dumping structure for table rent_room_bd.user_documents
CREATE TABLE IF NOT EXISTS `user_documents` (
  `id` bigint unsigned NOT NULL AUTO_INCREMENT,
  `user_id` bigint unsigned NOT NULL,
  `person_name` varchar(255) COLLATE utf8mb4_unicode_ci DEFAULT NULL,
  `passport` varchar(255) COLLATE utf8mb4_unicode_ci DEFAULT NULL,
  `nid_or_other` varchar(255) COLLATE utf8mb4_unicode_ci DEFAULT NULL,
  `created_at` timestamp NULL DEFAULT NULL,
  `updated_at` timestamp NULL DEFAULT NULL,
  `payslip` varchar(255) COLLATE utf8mb4_unicode_ci DEFAULT NULL,
  `student_card` varchar(255) COLLATE utf8mb4_unicode_ci DEFAULT NULL,
  PRIMARY KEY (`id`),
  KEY `user_documents_user_id_foreign` (`user_id`),
  CONSTRAINT `user_documents_user_id_foreign` FOREIGN KEY (`user_id`) REFERENCES `users` (`id`) ON DELETE CASCADE
) ENGINE=InnoDB DEFAULT CHARSET=utf8mb4 COLLATE=utf8mb4_unicode_ci;

-- Dumping data for table rent_room_bd.user_documents: ~0 rows (approximately)

-- Dumping structure for table rent_room_bd.zones
CREATE TABLE IF NOT EXISTS `zones` (
  `id` bigint unsigned NOT NULL AUTO_INCREMENT,
  `area_id` bigint unsigned NOT NULL,
  `name` varchar(255) COLLATE utf8mb4_unicode_ci NOT NULL,
  `bn_name` varchar(255) COLLATE utf8mb4_unicode_ci DEFAULT NULL,
  `created_at` timestamp NULL DEFAULT NULL,
  `updated_at` timestamp NULL DEFAULT NULL,
  `city_id` bigint unsigned NOT NULL,
  PRIMARY KEY (`id`),
  KEY `zones_area_id_foreign` (`area_id`),
  CONSTRAINT `zones_area_id_foreign` FOREIGN KEY (`area_id`) REFERENCES `areas` (`id`) ON DELETE CASCADE
) ENGINE=InnoDB AUTO_INCREMENT=14 DEFAULT CHARSET=utf8mb4 COLLATE=utf8mb4_unicode_ci;

-- Dumping data for table rent_room_bd.zones: ~12 rows (approximately)
INSERT INTO `zones` (`id`, `area_id`, `name`, `bn_name`, `created_at`, `updated_at`, `city_id`) VALUES
	(1, 656, 'Kawla', NULL, '2025-05-23 04:29:53', '2025-05-23 04:29:53', 0),
	(2, 652, 'Test Zone', NULL, '2025-05-23 04:30:19', '2025-05-23 04:30:19', 0),
	(3, 654, 'Test zone 2', NULL, '2025-05-23 04:31:02', '2025-05-23 04:31:02', 0),
	(4, 613, 'Zone 3', NULL, '2025-05-23 05:16:59', '2025-05-23 05:16:59', 0),
	(5, 653, 'Zone 4', NULL, '2025-05-23 05:22:30', '2025-05-23 05:22:30', 0),
	(6, 655, 'Zone 5', NULL, '2025-05-23 05:30:24', '2025-05-23 05:30:24', 0),
	(7, 584, 'tEST STREET', NULL, '2025-05-23 21:29:03', '2025-05-23 21:29:03', 0),
	(8, 655, 'Sylet local area', NULL, '2025-05-23 21:40:58', '2025-05-23 21:40:58', 0),
	(9, 628, 'Zone barisal', NULL, '2025-05-23 22:13:46', '2025-05-23 22:13:46', 0),
	(10, 592, 'Banani zone', NULL, '2025-05-24 01:12:24', '2025-05-24 01:12:24', 65),
	(11, 547, 'adabar zone two', NULL, '2025-05-24 01:15:32', '2025-05-24 01:15:32', 65),
	(12, 547, 'Adabar zone three', NULL, '2025-05-24 01:16:37', '2025-05-24 01:16:37', 65),
	(13, 619, 'Chowrasta', NULL, '2025-06-26 20:50:47', '2025-06-26 20:50:47', 72);

/*!40103 SET TIME_ZONE=IFNULL(@OLD_TIME_ZONE, 'system') */;
/*!40101 SET SQL_MODE=IFNULL(@OLD_SQL_MODE, '') */;
/*!40014 SET FOREIGN_KEY_CHECKS=IFNULL(@OLD_FOREIGN_KEY_CHECKS, 1) */;
/*!40101 SET CHARACTER_SET_CLIENT=@OLD_CHARACTER_SET_CLIENT */;
/*!40111 SET SQL_NOTES=IFNULL(@OLD_SQL_NOTES, 1) */;
